[2026-09-29 12:18:07] DEBUG | 循环#37790 总耗时=104ms
[2026-09-29 12:18:07] DEBUG | 截图: 3840x2160, 耗时=82ms
[2026-09-29 12:18:07] DEBUG | 匹配[快速]: 游戏中 (5游戏中2（中上）.png), conf=0.878, 17ms
[2026-09-29 12:18:07] INFO | [游戏中] 按I键
[2026-09-29 12:18:07] DEBUG | 按键 i: 三重发送开始 (scan=0x17, vk=0x49)
[2026-09-29 12:18:08] INFO | 按键: i(扫描码=0x17), 持续 0.3s
[2026-09-29 12:18:08] DEBUG | 循环#37791 总耗时=404ms
[2026-09-29 12:18:08] DEBUG | 截图: 3840x2160, 耗时=76ms
[2026-09-29 12:18:08] DEBUG | 匹配[快速]: 游戏中 (5游戏中2（中上）.png), conf=0.878, 17ms
[2026-09-29 12:18:08] DEBUG | 循环#37792 总耗时=96ms
[2026-09-29 12:18:08] DEBUG | 截图: 3840x2160, 耗时=82ms
[2026-09-29 12:18:08] DEBUG | 匹配[快速]: 游戏中 (5游戏中2（中上）.png), conf=0.878, 17ms
[2026-09-29 12:18:08] DEBUG | 循环#37793 总耗时=103ms
[2026-09-29 12:18:08] DEBUG | 截图: 3840x2160, 耗时=81ms
[2026-09-29 12:18:08] DEBUG | 匹配[快速]: 游戏中 (5游戏中2（中上）.png), conf=0.878, 17ms
[2026-09-29 12:18:08] DEBUG | 循环#37794 总耗时=101ms
[2026-09-29 12:18:09] DEBUG | 截图: 3840x2160, 耗时=81ms
[2026-09-29 12:18:09] DEBUG | 匹配[快速]: 游戏中 (5游戏中2（中上）.png), conf=0.878, 17ms
[2026-09-29 12:18:09] DEBUG | 循环#37795 总耗时=101ms
[2026-09-29 12:18:09] DEBUG | 截图: 3840x2160, 耗时=84ms
[2026-09-29 12:18:09] DEBUG | 匹配[快速]: 游戏中 (5游戏中2（中上）.png), conf=0.878, 16ms
[2026-09-29 12:18:09] DEBUG | 循环#37796 总耗时=104ms
[2026-09-29 12:18:09] DEBUG | 截图: 3840x2160, 耗时=82ms
[2026-09-29 12:18:09] DEBUG | 匹配[快速]: 游戏中 (5游戏中2（中上）.png), conf=0.878, 19ms
[2026-09-29 12:18:09] DEBUG | 循环#37797 总耗时=104ms
[2026-09-29 12:18:10] DEBUG | 截图: 3840x2160, 耗时=83ms
[2026-09-29 12:18:10] DEBUG | 匹配[快速]: 游戏中 (5游戏中2（中上）.png), conf=0.878, 17ms
[2026-09-29 12:18:10] DEBUG | 循环#37798 总耗时=102ms
[2026-09-29 12:18:10] DEBUG | 截图: 3840x2160, 耗时=81ms
[2026-09-29 12:18:10] DEBUG | 匹配[快速]: 游戏中 (5游戏中2（中上）.png), conf=0.878, 18ms
[2026-09-29 12:18:10] DEBUG | 循环#37799 总耗时=102ms
[2026-09-29 12:18:10] DEBUG | 截图: 3840x2160, 耗时=85ms
[2026-09-29 12:18:10] DEBUG | 匹配[快速]: 游戏中 (5游戏中2（中上）.png), conf=0.878, 18ms
[2026-09-29 12:18:10] DEBUG | 循环#37800 总耗时=106ms
[2026-09-29 12:18:10] DEBUG | 截图: 3840x2160, 耗时=86ms
[2026-09-29 12:18:11] DEBUG | 匹配[快速]: 游戏中 (5游戏中2（中上）.png), conf=0.878, 17ms
[2026-09-29 12:18:11] INFO | [游戏中] 按I键
[2026-09-29 12:18:11] DEBUG | 按键 i: 三重发送开始 (scan=0x17, vk=0x49)
[2026-09-29 12:18:11] INFO | 按键: i(扫描码=0x17), 持续 0.3s
[2026-09-29 12:18:11] DEBUG | 循环#37801 总耗时=409ms
[2026-09-29 12:18:11] DEBUG | 截图: 3840x2160, 耗时=85ms
[2026-09-29 12:18:11] DEBUG | 匹配[快速]: 游戏中 (5游戏中2（中上）.png), conf=0.878, 17ms
[2026-09-29 12:18:11] DEBUG | 循环#37802 总耗时=104ms
[2026-09-29 12:18:11] DEBUG | 截图: 3840x2160, 耗时=81ms
[2026-09-29 12:18:11] DEBUG | 匹配[快速]: 游戏中 (5游戏中2（中上）.png), conf=0.878, 17ms
[2026-09-29 12:18:11] DEBUG | 循环#37803 总耗时=102ms
[2026-09-29 12:18:12] DEBUG | 截图: 3840x2160, 耗时=83ms
[2026-09-29 12:18:12] DEBUG | 匹配[快速]: 游戏中 (5游戏中2（中上）.png), conf=0.878, 20ms
[2026-09-29 12:18:12] DEBUG | 循环#37804 总耗时=105ms
[2026-09-29 12:18:12] DEBUG | 截图: 3840x2160, 耗时=89ms
[2026-09-29 12:18:12] DEBUG | 匹配[快速]: 游戏中 (5游戏中2（中上）.png), conf=0.878, 18ms
[2026-09-29 12:18:12] DEBUG | 循环#37805 总耗时=110ms
[2026-09-29 12:18:12] DEBUG | 截图: 3840x2160, 耗时=84ms
[2026-09-29 12:18:12] DEBUG | 匹配[快速]: 游戏中 (5游戏中2（中上）.png), conf=0.878, 18ms
[2026-09-29 12:18:12] DEBUG | 循环#37806 总耗时=104ms
[2026-09-29 12:18:12] DEBUG | 截图: 3840x2160, 耗时=88ms
[2026-09-29 12:18:12] DEBUG | 匹配[快速]: 游戏中 (5游戏中2（中上）.png), conf=0.878, 18ms
[2026-09-29 12:18:12] DEBUG | 循环#37807 总耗时=109ms
[2026-09-29 12:18:13] DEBUG | 截图: 3840x2160, 耗时=82ms
[2026-09-29 12:18:13] DEBUG | 匹配[快速]: 游戏中 (5游戏中2（中上）.png), conf=0.878, 21ms
[2026-09-29 12:18:13] DEBUG | 循环#37808 总耗时=106ms
[2026-09-29 12:18:13] DEBUG | 截图: 3840x2160, 耗时=88ms
[2026-09-29 12:18:13] DEBUG | 匹配[快速]: 游戏中 (5游戏中2（中上）.png), conf=0.878, 16ms
[2026-09-29 12:18:13] DEBUG | 循环#37809 总耗时=107ms
[2026-09-29 12:18:13] DEBUG | 截图: 3840x2160, 耗时=83ms
[2026-09-29 12:18:13] DEBUG | 匹配[快速]: 游戏中 (5游戏中2（中上）.png), conf=0.878, 17ms
[2026-09-29 12:18:13] DEBUG | 循环#37810 总耗时=104ms
[2026-09-29 12:18:14] DEBUG | 截图: 3840x2160, 耗时=83ms
[2026-09-29 12:18:14] DEBUG | 匹配[快速]: 游戏中 (5游戏中2（中上）.png), conf=0.878, 19ms
[2026-09-29 12:18:14] INFO | [游戏中] 按I键
[2026-09-29 12:18:14] DEBUG | 按键 i: 三重发送开始 (scan=0x17, vk=0x49)
[2026-09-29 12:18:14] INFO | 按键: i(扫描码=0x17), 持续 0.3s
[2026-09-29 12:18:14] DEBUG | 循环#37811 总耗时=407ms
[2026-09-29 12:18:14] DEBUG | 截图: 3840x2160, 耗时=85ms
[2026-09-29 12:18:14] DEBUG | 匹配[快速]: 游戏中 (5游戏中2（中上）.png), conf=0.878, 17ms
[2026-09-29 12:18:14] DEBUG | 循环#37812 总耗时=105ms
[2026-09-29 12:18:14] DEBUG | 截图: 3840x2160, 耗时=92ms
[2026-09-29 12:18:14] DEBUG | 匹配[快速]: 游戏中 (5游戏中2（中上）.png), conf=0.878, 18ms
[2026-09-29 12:18:14] DEBUG | 循环#37813 总耗时=113ms
[2026-09-29 12:18:15] DEBUG | 截图: 3840x2160, 耗时=83ms
[2026-09-29 12:18:15] DEBUG | 匹配[快速]: 游戏中 (5游戏中2（中上）.png), conf=0.878, 17ms
[2026-09-29 12:18:15] DEBUG | 循环#37814 总耗时=104ms
[2026-09-29 12:18:15] DEBUG | 截图: 3840x2160, 耗时=81ms
[2026-09-29 12:18:15] DEBUG | 匹配[快速]: 游戏中 (5游戏中2（中上）.png), conf=0.878, 17ms
[2026-09-29 12:18:15] DEBUG | 循环#37815 总耗时=102ms
[2026-09-29 12:18:15] DEBUG | 截图: 3840x2160, 耗时=84ms
[2026-09-29 12:18:15] DEBUG | 匹配[快速]: 游戏中 (5游戏中2（中上）.png), conf=0.878, 16ms
[2026-09-29 12:18:15] DEBUG | 循环#37816 总耗时=104ms
[2026-09-29 12:18:16] DEBUG | 截图: 3840x2160, 耗时=80ms
[2026-09-29 12:18:16] DEBUG | 匹配[快速]: 游戏中 (5游戏中2（中上）.png), conf=0.878, 20ms
[2026-09-29 12:18:16] DEBUG | 循环#37817 总耗时=104ms
[2026-09-29 12:18:16] DEBUG | 截图: 3840x2160, 耗时=83ms
[2026-09-29 12:18:16] DEBUG | 匹配[快速]: 游戏中 (5游戏中2（中上）.png), conf=0.878, 17ms
[2026-09-29 12:18:16] DEBUG | 循环#37818 总耗时=103ms
[2026-09-29 12:18:16] DEBUG | 截图: 3840x2160, 耗时=79ms
[2026-09-29 12:18:16] DEBUG | 匹配[快速]: 游戏中 (5游戏中2（中上）.png), conf=0.878, 17ms
[2026-09-29 12:18:16] DEBUG | 循环#37819 总耗时=100ms
[2026-09-29 12:18:16] DEBUG | 截图: 3840x2160, 耗时=82ms
[2026-09-29 12:18:16] DEBUG | 匹配[快速]: 游戏中 (5游戏中2（中上）.png), conf=0.878, 17ms
[2026-09-29 12:18:16] DEBUG | 循环#37820 总耗时=103ms
[2026-09-29 12:18:17] DEBUG | 截图: 3840x2160, 耗时=82ms
[2026-09-29 12:18:17] DEBUG | 匹配[快速]: 游戏中 (5游戏中2（中上）.png), conf=0.878, 17ms
[2026-09-29 12:18:17] INFO | [游戏中] 按I键
[2026-09-29 12:18:17] DEBUG | 按键 i: 三重发送开始 (scan=0x17, vk=0x49)
[2026-09-29 12:18:17] INFO | 按键: i(扫描码=0x17), 持续 0.3s
[2026-09-29 12:18:17] DEBUG | 循环#37821 总耗时=404ms
[2026-09-29 12:18:17] DEBUG | 截图: 3840x2160, 耗时=90ms
[2026-09-29 12:18:17] DEBUG | 匹配[快速]: 游戏中 (5游戏中2（中上）.png), conf=0.878, 18ms
[2026-09-29 12:18:17] DEBUG | 循环#37822 总耗时=111ms
[2026-09-29 12:18:17] DEBUG | 截图: 3840x2160, 耗时=85ms
[2026-09-29 12:18:17] DEBUG | 匹配[快速]: 游戏中 (5游戏中2（中上）.png), conf=0.878, 18ms
[2026-09-29 12:18:17] DEBUG | 循环#37823 总耗时=105ms
[2026-09-29 12:18:18] DEBUG | 截图: 3840x2160, 耗时=84ms
[2026-09-29 12:18:18] DEBUG | 匹配[快速]: 游戏中 (5游戏中2（中上）.png), conf=0.878, 19ms
[2026-09-29 12:18:18] DEBUG | 循环#37824 总耗时=107ms
[2026-09-29 12:18:18] DEBUG | 截图: 3840x2160, 耗时=86ms
[2026-09-29 12:18:18] DEBUG | 匹配[快速]: 游戏中 (5游戏中2（中上）.png), conf=0.878, 16ms
[2026-09-29 12:18:18] DEBUG | 循环#37825 总耗时=105ms
[2026-09-29 12:18:18] DEBUG | 截图: 3840x2160, 耗时=82ms
[2026-09-29 12:18:18] DEBUG | 匹配[快速]: 游戏中 (5游戏中2（中上）.png), conf=0.878, 17ms
[2026-09-29 12:18:18] DEBUG | 循环#37826 总耗时=103ms
[2026-09-29 12:18:19] DEBUG | 截图: 3840x2160, 耗时=87ms
[2026-09-29 12:18:19] DEBUG | 匹配[快速]: 游戏中 (5游戏中2（中上）.png), conf=0.878, 17ms
[2026-09-29 12:18:19] DEBUG | 循环#37827 总耗时=108ms
[2026-09-29 12:18:19] DEBUG | 截图: 3840x2160, 耗时=82ms
[2026-09-29 12:18:19] DEBUG | 匹配[快速]: 游戏中 (5游戏中2（中上）.png), conf=0.878, 16ms
[2026-09-29 12:18:19] DEBUG | 循环#37828 总耗时=102ms
[2026-09-29 12:18:19] DEBUG | 截图: 3840x2160, 耗时=84ms
[2026-09-29 12:18:19] DEBUG | 匹配[快速]: 游戏中 (5游戏中2（中上）.png), conf=0.878, 17ms
[2026-09-29 12:18:19] DEBUG | 循环#37829 总耗时=104ms
[2026-09-29 12:18:20] DEBUG | 截图: 3840x2160, 耗时=81ms
[2026-09-29 12:18:20] DEBUG | 匹配[快速]: 游戏中 (5游戏中2（中上）.png), conf=0.878, 17ms
[2026-09-29 12:18:20] DEBUG | 循环#37830 总耗时=102ms
[2026-09-29 12:18:20] DEBUG | 截图: 3840x2160, 耗时=86ms
[2026-09-29 12:18:20] DEBUG | 匹配[快速]: 游戏中 (5游戏中2（中上）.png), conf=0.878, 20ms
[2026-09-29 12:18:20] INFO | [游戏中] 按I键
[2026-09-29 12:18:20] DEBUG | 按键 i: 三重发送开始 (scan=0x17, vk=0x49)
[2026-09-29 12:18:20] INFO | 按键: i(扫描码=0x17), 持续 0.3s
[2026-09-29 12:18:20] DEBUG | 循环#37831 总耗时=412ms
[2026-09-29 12:18:20] DEBUG | 截图: 3840x2160, 耗时=86ms
[2026-09-29 12:18:20] DEBUG | 匹配[快速]: 游戏中 (5游戏中2（中上）.png), conf=0.878, 18ms
[2026-09-29 12:18:20] DEBUG | 循环#37832 总耗时=107ms
[2026-09-29 12:18:21] DEBUG | 截图: 3840x2160, 耗时=89ms
[2026-09-29 12:18:21] DEBUG | 匹配[快速]: 游戏中 (5游戏中2（中上）.png), conf=0.878, 17ms
[2026-09-29 12:18:21] DEBUG | 循环#37833 总耗时=109ms
[2026-09-29 12:18:21] DEBUG | 截图: 3840x2160, 耗时=81ms
[2026-09-29 12:18:21] DEBUG | 匹配[快速]: 游戏中 (5游戏中2（中上）.png), conf=0.878, 19ms
[2026-09-29 12:18:21] DEBUG | 循环#37834 总耗时=103ms
[2026-09-29 12:18:21] DEBUG | 截图: 3840x2160, 耗时=79ms
[2026-09-29 12:18:21] DEBUG | 匹配[快速]: 游戏中 (5游戏中2（中上）.png), conf=0.878, 20ms
[2026-09-29 12:18:21] DEBUG | 循环#37835 总耗时=103ms
[2026-09-29 12:18:21] DEBUG | 截图: 3840x2160, 耗时=81ms
[2026-09-29 12:18:21] DEBUG | 匹配[快速]: 游戏中 (5游戏中2（中上）.png), conf=0.878, 17ms
[2026-09-29 12:18:21] DEBUG | 循环#37836 总耗时=101ms
[2026-09-29 12:18:22] DEBUG | 截图: 3840x2160, 耗时=84ms
[2026-09-29 12:18:22] DEBUG | 匹配[快速]: 游戏中 (5游戏中2（中上）.png), conf=0.878, 18ms
[2026-09-29 12:18:22] DEBUG | 循环#37837 总耗时=106ms
[2026-09-29 12:18:22] DEBUG | 截图: 3840x2160, 耗时=86ms
[2026-09-29 12:18:22] DEBUG | 匹配[快速]: 游戏中 (5游戏中2（中上）.png), conf=0.878, 18ms
[2026-09-29 12:18:22] DEBUG | 循环#37838 总耗时=108ms
[2026-09-29 12:18:22] DEBUG | 截图: 3840x2160, 耗时=88ms
[2026-09-29 12:18:22] DEBUG | 匹配[快速]: 游戏中 (5游戏中2（中上）.png), conf=0.878, 17ms
[2026-09-29 12:18:22] DEBUG | 循环#37839 总耗时=107ms
[2026-09-29 12:18:23] DEBUG | 截图: 3840x2160, 耗时=84ms
[2026-09-29 12:18:23] DEBUG | 匹配[快速]: 游戏中 (5游戏中2（中上）.png), conf=0.878, 19ms
[2026-09-29 12:18:23] DEBUG | 循环#37840 总耗时=107ms
[2026-09-29 12:18:23] DEBUG | 截图: 3840x2160, 耗时=89ms
[2026-09-29 12:18:23] DEBUG | 匹配[快速]: 游戏中 (5游戏中2（中上）.png), conf=0.878, 17ms
[2026-09-29 12:18:23] INFO | [游戏中] 按I键
[2026-09-29 12:18:23] DEBUG | 按键 i: 三重发送开始 (scan=0x17, vk=0x49)
[2026-09-29 12:18:23] INFO | 按键: i(扫描码=0x17), 持续 0.3s
[2026-09-29 12:18:23] DEBUG | 循环#37841 总耗时=411ms
[2026-09-29 12:18:23] DEBUG | 截图: 3840x2160, 耗时=86ms
[2026-09-29 12:18:23] DEBUG | 匹配[快速]: 游戏中 (5游戏中2（中上）.png), conf=0.878, 17ms
[2026-09-29 12:18:23] DEBUG | 循环#37842 总耗时=107ms
[2026-09-29 12:18:24] DEBUG | 截图: 3840x2160, 耗时=84ms
[2026-09-29 12:18:24] DEBUG | 匹配[快速]: 游戏中 (5游戏中2（中上）.png), conf=0.878, 19ms
[2026-09-29 12:18:24] DEBUG | 循环#37843 总耗时=107ms
[2026-09-29 12:18:24] DEBUG | 截图: 3840x2160, 耗时=85ms
[2026-09-29 12:18:24] DEBUG | 匹配[快速]: 游戏中 (5游戏中2（中上）.png), conf=0.878, 18ms
[2026-09-29 12:18:24] DEBUG | 循环#37844 总耗时=105ms
[2026-09-29 12:18:24] DEBUG | 截图: 3840x2160, 耗时=86ms
[2026-09-29 12:18:24] DEBUG | 匹配[快速]: 游戏中 (5游戏中2（中上）.png), conf=0.878, 20ms
[2026-09-29 12:18:24] DEBUG | 循环#37845 总耗时=109ms
[2026-09-29 12:18:25] DEBUG | 截图: 3840x2160, 耗时=82ms
[2026-09-29 12:18:25] DEBUG | 匹配[快速]: 游戏中 (5游戏中2（中上）.png), conf=0.878, 19ms
[2026-09-29 12:18:25] DEBUG | 循环#37846 总耗时=105ms
[2026-09-29 12:18:25] DEBUG | 截图: 3840x2160, 耗时=82ms
[2026-09-29 12:18:25] DEBUG | 匹配[快速]: 游戏中 (5游戏中2（中上）.png), conf=0.878, 17ms
[2026-09-29 12:18:25] DEBUG | 循环#37847 总耗时=102ms
[2026-09-29 12:18:25] DEBUG | 截图: 3840x2160, 耗时=80ms
[2026-09-29 12:18:25] DEBUG | 匹配[快速]: 游戏中 (5游戏中2（中上）.png), conf=0.878, 18ms
[2026-09-29 12:18:25] DEBUG | 循环#37848 总耗时=102ms
[2026-09-29 12:18:25] DEBUG | 截图: 3840x2160, 耗时=89ms
[2026-09-29 12:18:25] DEBUG | 匹配[快速]: 游戏中 (5游戏中2（中上）.png), conf=0.878, 19ms
[2026-09-29 12:18:25] DEBUG | 循环#37849 总耗时=111ms
[2026-09-29 12:18:26] DEBUG | 截图: 3840x2160, 耗时=83ms
[2026-09-29 12:18:26] DEBUG | 匹配[快速]: 游戏中 (5游戏中2（中上）.png), conf=0.878, 16ms
[2026-09-29 12:18:26] DEBUG | 循环#37850 总耗时=102ms
[2026-09-29 12:18:26] DEBUG | 截图: 3840x2160, 耗时=83ms
[2026-09-29 12:18:26] DEBUG | 匹配[快速]: 游戏中 (5游戏中2（中上）.png), conf=0.878, 19ms
[2026-09-29 12:18:26] INFO | [游戏中] 按I键
[2026-09-29 12:18:26] DEBUG | 按键 i: 三重发送开始 (scan=0x17, vk=0x49)
[2026-09-29 12:18:26] INFO | 按键: i(扫描码=0x17), 持续 0.3s
[2026-09-29 12:18:26] DEBUG | 循环#37851 总耗时=408ms
[2026-09-29 12:18:26] DEBUG | 截图: 3840x2160, 耗时=88ms
[2026-09-29 12:18:26] DEBUG | 匹配[快速]: 游戏中 (5游戏中2（中上）.png), conf=0.878, 19ms
[2026-09-29 12:18:26] DEBUG | 循环#37852 总耗时=111ms
[2026-09-29 12:18:27] DEBUG | 截图: 3840x2160, 耗时=82ms
[2026-09-29 12:18:27] DEBUG | 匹配[快速]: 游戏中 (5游戏中2（中上）.png), conf=0.878, 19ms
[2026-09-29 12:18:27] DEBUG | 循环#37853 总耗时=105ms
[2026-09-29 12:18:27] DEBUG | 截图: 3840x2160, 耗时=87ms
[2026-09-29 12:18:27] DEBUG | 匹配[快速]: 游戏中 (5游戏中2（中上）.png), conf=0.878, 18ms
[2026-09-29 12:18:27] DEBUG | 循环#37854 总耗时=108ms
[2026-09-29 12:18:27] DEBUG | 截图: 3840x2160, 耗时=92ms
[2026-09-29 12:18:27] DEBUG | 匹配[快速]: 游戏中 (5游戏中2（中上）.png), conf=0.878, 18ms
[2026-09-29 12:18:27] DEBUG | 循环#37855 总耗时=114ms
[2026-09-29 12:18:28] DEBUG | 截图: 3840x2160, 耗时=81ms
[2026-09-29 12:18:28] DEBUG | 匹配[快速]: 游戏中 (5游戏中2（中上）.png), conf=0.878, 16ms
[2026-09-29 12:18:28] DEBUG | 循环#37856 总耗时=101ms
[2026-09-29 12:18:28] DEBUG | 截图: 3840x2160, 耗时=81ms
[2026-09-29 12:18:28] DEBUG | 匹配[快速]: 游戏中 (5游戏中2（中上）.png), conf=0.878, 17ms
[2026-09-29 12:18:28] DEBUG | 循环#37857 总耗时=102ms
[2026-09-29 12:18:28] DEBUG | 截图: 3840x2160, 耗时=82ms
[2026-09-29 12:18:28] DEBUG | 匹配[快速]: 游戏中 (5游戏中2（中上）.png), conf=0.878, 20ms
[2026-09-29 12:18:28] DEBUG | 循环#37858 总耗时=106ms
[2026-09-29 12:18:29] DEBUG | 截图: 3840x2160, 耗时=85ms
[2026-09-29 12:18:29] DEBUG | 匹配[快速]: 游戏中 (5游戏中2（中上）.png), conf=0.878, 18ms
[2026-09-29 12:18:29] DEBUG | 循环#37859 总耗时=107ms
[2026-09-29 12:18:29] DEBUG | 截图: 3840x2160, 耗时=81ms
[2026-09-29 12:18:29] DEBUG | 匹配[快速]: 游戏中 (5游戏中2（中上）.png), conf=0.878, 19ms
[2026-09-29 12:18:29] DEBUG | 循环#37860 总耗时=104ms
[2026-09-29 12:18:29] DEBUG | 截图: 3840x2160, 耗时=83ms
[2026-09-29 12:18:29] DEBUG | 匹配[快速]: 游戏中 (5游戏中2（中上）.png), conf=0.878, 19ms
[2026-09-29 12:18:29] INFO | [游戏中] 按I键
[2026-09-29 12:18:29] DEBUG | 按键 i: 三重发送开始 (scan=0x17, vk=0x49)
[2026-09-29 12:18:29] INFO | 按键: i(扫描码=0x17), 持续 0.3s
[2026-09-29 12:18:29] DEBUG | 循环#37861 总耗时=407ms
[2026-09-29 12:18:30] DEBUG | 截图: 3840x2160, 耗时=84ms
[2026-09-29 12:18:30] DEBUG | 匹配[快速]: 游戏中 (5游戏中2（中上）.png), conf=0.878, 17ms
[2026-09-29 12:18:30] DEBUG | 循环#37862 总耗时=105ms
[2026-09-29 12:18:30] DEBUG | 截图: 3840x2160, 耗时=85ms
[2026-09-29 12:18:30] DEBUG | 匹配[快速]: 游戏中 (5游戏中2（中上）.png), conf=0.878, 16ms
[2026-09-29 12:18:30] DEBUG | 循环#37863 总耗时=105ms
[2026-09-29 12:18:30] DEBUG | 截图: 3840x2160, 耗时=80ms
[2026-09-29 12:18:30] DEBUG | 匹配[快速]: 游戏中 (5游戏中2（中上）.png), conf=0.878, 18ms
[2026-09-29 12:18:30] DEBUG | 循环#37864 总耗时=102ms
[2026-09-29 12:18:30] DEBUG | 截图: 3840x2160, 耗时=86ms
[2026-09-29 12:18:30] DEBUG | 匹配[快速]: 游戏中 (5游戏中2（中上）.png), conf=0.878, 17ms
[2026-09-29 12:18:30] DEBUG | 循环#37865 总耗时=106ms
[2026-09-29 12:18:31] DEBUG | 截图: 3840x2160, 耗时=93ms
[2026-09-29 12:18:31] DEBUG | 匹配[快速]: 游戏中 (5游戏中2（中上）.png), conf=0.878, 19ms
[2026-09-29 12:18:31] DEBUG | 循环#37866 总耗时=116ms
[2026-09-29 12:18:31] DEBUG | 截图: 3840x2160, 耗时=106ms
[2026-09-29 12:18:31] DEBUG | 匹配[快速]: 游戏中 (5游戏中2（中上）.png), conf=0.878, 21ms
[2026-09-29 12:18:31] DEBUG | 循环#37867 总耗时=131ms
[2026-09-29 12:18:31] DEBUG | 截图: 3840x2160, 耗时=86ms
[2026-09-29 12:18:31] DEBUG | 匹配[快速]: 游戏中 (5游戏中2（中上）.png), conf=0.878, 19ms
[2026-09-29 12:18:31] DEBUG | 循环#37868 总耗时=108ms
[2026-09-29 12:18:32] DEBUG | 截图: 3840x2160, 耗时=85ms
[2026-09-29 12:18:32] DEBUG | 匹配[快速]: 游戏中 (5游戏中2（中上）.png), conf=0.878, 17ms
[2026-09-29 12:18:32] DEBUG | 循环#37869 总耗时=105ms
[2026-09-29 12:18:32] DEBUG | 截图: 3840x2160, 耗时=88ms
[2026-09-29 12:18:32] DEBUG | 匹配[快速]: 游戏中 (5游戏中2（中上）.png), conf=0.878, 16ms
[2026-09-29 12:18:32] DEBUG | 循环#37870 总耗时=108ms
[2026-09-29 12:18:32] DEBUG | 截图: 3840x2160, 耗时=84ms
[2026-09-29 12:18:32] DEBUG | 匹配[快速]: 游戏中 (5游戏中2（中上）.png), conf=0.878, 20ms
[2026-09-29 12:18:32] INFO | [游戏中] 按I键
[2026-09-29 12:18:32] DEBUG | 按键 i: 三重发送开始 (scan=0x17, vk=0x49)
[2026-09-29 12:18:33] INFO | 按键: i(扫描码=0x17), 持续 0.3s
[2026-09-29 12:18:33] DEBUG | 循环#37871 总耗时=409ms
[2026-09-29 12:18:33] DEBUG | 截图: 3840x2160, 耗时=96ms
[2026-09-29 12:18:33] DEBUG | 匹配[快速]: 游戏中 (5游戏中2（中上）.png), conf=0.878, 18ms
[2026-09-29 12:18:33] DEBUG | 循环#37872 总耗时=118ms
[2026-09-29 12:18:33] DEBUG | 截图: 3840x2160, 耗时=78ms
[2026-09-29 12:18:33] DEBUG | 匹配[快速]: 游戏中 (5游戏中2（中上）.png), conf=0.878, 17ms
[2026-09-29 12:18:33] DEBUG | 循环#37873 总耗时=99ms
[2026-09-29 12:18:33] DEBUG | 截图: 3840x2160, 耗时=81ms
[2026-09-29 12:18:33] DEBUG | 匹配[快速]: 游戏中 (5游戏中2（中上）.png), conf=0.877, 21ms
[2026-09-29 12:18:33] DEBUG | 循环#37874 总耗时=106ms
[2026-09-29 12:18:34] DEBUG | 截图: 3840x2160, 耗时=83ms
[2026-09-29 12:18:34] DEBUG | 匹配[未知], 最高=0.480, 288ms
[2026-09-29 12:18:34] DEBUG | 状态变化: 未知 (置信度=0.480)
[2026-09-29 12:18:34] DEBUG | 截图: 3840x2160, 耗时=79ms
[2026-09-29 12:18:35] DEBUG | 匹配[未知], 最高=0.650, 334ms
[2026-09-29 12:18:35] DEBUG | 截图: 3840x2160, 耗时=81ms
[2026-09-29 12:18:35] DEBUG | 匹配[未知], 最高=0.650, 336ms
[2026-09-29 12:18:36] DEBUG | 截图: 3840x2160, 耗时=83ms
[2026-09-29 12:18:36] DEBUG | 匹配[未知], 最高=0.650, 329ms
[2026-09-29 12:18:36] DEBUG | 截图: 3840x2160, 耗时=86ms
[2026-09-29 12:18:37] DEBUG | 匹配[未知], 最高=0.650, 330ms
[2026-09-29 12:18:37] DEBUG | 截图: 3840x2160, 耗时=86ms
[2026-09-29 12:18:38] DEBUG | 匹配[未知], 最高=0.650, 421ms
[2026-09-29 12:18:38] DEBUG | 截图: 3840x2160, 耗时=91ms
[2026-09-29 12:18:38] DEBUG | 匹配[未知], 最高=0.631, 340ms
[2026-09-29 12:18:39] DEBUG | 截图: 3840x2160, 耗时=98ms
[2026-09-29 12:18:39] DEBUG | 匹配[未知], 最高=0.611, 566ms
[2026-09-29 12:18:40] DEBUG | 截图: 3840x2160, 耗时=77ms
[2026-09-29 12:18:40] DEBUG | 匹配[未知], 最高=0.608, 365ms
[2026-09-29 12:18:40] DEBUG | 截图: 3840x2160, 耗时=82ms
[2026-09-29 12:18:41] DEBUG | 匹配[未知], 最高=0.632, 363ms
[2026-09-29 12:18:41] DEBUG | 截图: 3840x2160, 耗时=82ms
[2026-09-29 12:18:42] DEBUG | 匹配[全量]: 结算界面1, conf=0.933, 435ms
[2026-09-29 12:18:42] DEBUG | 状态变化: 结算界面1 (置信度=0.933)
[2026-09-29 12:18:42] DEBUG | 截图: 3840x2160, 耗时=78ms
[2026-09-29 12:18:42] DEBUG | 匹配[快速]: 结算界面1 (6结算界面1（右下）.png), conf=0.933, 19ms
[2026-09-29 12:18:42] INFO | [结算界面1] 点击结算继续
[2026-09-29 12:18:42] INFO | 点击: (3163, 1816), 耗时=74ms
[2026-09-29 12:18:42] INFO | === 第 83 轮完成 ===
[2026-09-29 12:18:42] DEBUG | 循环#37886 总耗时=374ms
[2026-09-29 12:18:42] DEBUG | 截图: 3840x2160, 耗时=77ms
[2026-09-29 12:18:42] DEBUG | 匹配[快速]: 结算界面1 (6结算界面1（右下）.png), conf=0.852, 20ms
[2026-09-29 12:18:42] DEBUG | 循环#37887 总耗时=100ms
[2026-09-29 12:18:43] DEBUG | 截图: 3840x2160, 耗时=78ms
[2026-09-29 12:18:43] DEBUG | 匹配[快速]: 结算界面1 (6结算界面1（右下）.png), conf=0.937, 20ms
[2026-09-29 12:18:43] DEBUG | 循环#37888 总耗时=101ms
[2026-09-29 12:18:43] DEBUG | 截图: 3840x2160, 耗时=81ms
[2026-09-29 12:18:43] DEBUG | 匹配[未知], 最高=0.572, 340ms
[2026-09-29 12:18:43] DEBUG | 状态变化: 未知 (置信度=0.572)
[2026-09-29 12:18:44] DEBUG | 截图: 3840x2160, 耗时=83ms
[2026-09-29 12:18:44] DEBUG | 匹配[全量]: 结算界面2, conf=0.982, 489ms
[2026-09-29 12:18:44] DEBUG | 状态变化: 结算界面2 (置信度=0.982)
[2026-09-29 12:18:45] DEBUG | 截图: 3840x2160, 耗时=94ms
[2026-09-29 12:18:45] DEBUG | 匹配[快速]: 结算界面2 (6结算界面2（中上）.png), conf=0.984, 135ms
[2026-09-29 12:18:45] INFO | [结算界面2] 点击结算继续
[2026-09-29 12:18:45] INFO | 点击: (1916, 313), 耗时=77ms
[2026-09-29 12:18:45] DEBUG | 循环#37891 总耗时=510ms
[2026-09-29 12:18:45] DEBUG | 截图: 3840x2160, 耗时=88ms
[2026-09-29 12:18:45] DEBUG | 匹配[快速]: 结算界面2 (6结算界面2（中上）.png), conf=0.982, 133ms
[2026-09-29 12:18:45] DEBUG | 循环#37892 总耗时=225ms
[2026-09-29 12:18:45] DEBUG | 截图: 3840x2160, 耗时=84ms
[2026-09-29 12:18:45] DEBUG | 匹配[快速]: 结算界面2 (6结算界面2（中上）.png), conf=0.982, 133ms
[2026-09-29 12:18:45] DEBUG | 循环#37893 总耗时=221ms
[2026-09-29 12:18:46] DEBUG | 截图: 3840x2160, 耗时=80ms
[2026-09-29 12:18:46] DEBUG | 匹配[未知], 最高=0.622, 352ms
[2026-09-29 12:18:46] DEBUG | 状态变化: 未知 (置信度=0.622)
[2026-09-29 12:18:46] DEBUG | 截图: 3840x2160, 耗时=81ms
[2026-09-29 12:18:47] DEBUG | 匹配[未知], 最高=0.610, 401ms
[2026-09-29 12:18:47] DEBUG | 截图: 3840x2160, 耗时=130ms
[2026-09-29 12:18:48] DEBUG | 匹配[未知], 最高=0.610, 549ms
[2026-09-29 12:18:48] DEBUG | 截图: 3840x2160, 耗时=127ms
[2026-09-29 12:18:49] DEBUG | 匹配[未知], 最高=0.610, 547ms
[2026-09-29 12:18:49] DEBUG | 截图: 3840x2160, 耗时=76ms
[2026-09-29 12:18:50] DEBUG | 匹配[未知], 最高=0.610, 404ms
[2026-09-29 12:18:50] DEBUG | 截图: 3840x2160, 耗时=86ms
[2026-09-29 12:18:50] DEBUG | 匹配[未知], 最高=0.614, 434ms
[2026-09-29 12:18:51] DEBUG | 截图: 3840x2160, 耗时=78ms
[2026-09-29 12:18:51] DEBUG | 匹配[未知], 最高=0.614, 414ms
[2026-09-29 12:18:52] DEBUG | 截图: 3840x2160, 耗时=82ms
[2026-09-29 12:18:52] DEBUG | 匹配[未知], 最高=0.614, 406ms
[2026-09-29 12:18:52] DEBUG | 截图: 3840x2160, 耗时=77ms
[2026-09-29 12:18:53] DEBUG | 匹配[全量]: 模式选择, conf=0.970, 248ms
[2026-09-29 12:18:53] DEBUG | 状态变化: 模式选择 (置信度=0.970)
[2026-09-29 12:18:53] DEBUG | 截图: 3840x2160, 耗时=79ms
[2026-09-29 12:18:53] DEBUG | 匹配[快速]: 模式选择 (2模式选择（右中）.png), conf=0.970, 209ms
[2026-09-29 12:18:53] INFO | [模式选择] 点击模式确认
[2026-09-29 12:18:53] INFO | 点击: (2995, 1017), 耗时=81ms
[2026-09-29 12:18:53] DEBUG | 循环#37903 总耗时=574ms
[2026-09-29 12:18:54] DEBUG | 截图: 3840x2160, 耗时=81ms
[2026-09-29 12:18:54] DEBUG | 匹配[快速]: 模式选择 (2模式选择（右中）.png), conf=0.970, 214ms
[2026-09-29 12:18:54] DEBUG | 循环#37904 总耗时=297ms
[2026-09-29 12:18:54] DEBUG | 截图: 3840x2160, 耗时=78ms
[2026-09-29 12:18:54] DEBUG | 匹配[未知], 最高=0.680, 315ms
[2026-09-29 12:18:54] DEBUG | 状态变化: 未知 (置信度=0.680)
[2026-09-29 12:18:55] DEBUG | 截图: 3840x2160, 耗时=91ms
[2026-09-29 12:18:55] DEBUG | 匹配[未知], 最高=0.667, 383ms
[2026-09-29 12:18:55] DEBUG | 截图: 3840x2160, 耗时=79ms
[2026-09-29 12:18:56] DEBUG | 匹配[未知], 最高=0.667, 386ms
[2026-09-29 12:18:56] DEBUG | 截图: 3840x2160, 耗时=78ms
[2026-09-29 12:18:56] DEBUG | 匹配[未知], 最高=0.667, 389ms
[2026-09-29 12:18:57] DEBUG | 截图: 3840x2160, 耗时=73ms
[2026-09-29 12:18:57] DEBUG | 匹配[未知], 最高=0.667, 387ms
[2026-09-29 12:18:58] DEBUG | 截图: 3840x2160, 耗时=79ms
[2026-09-29 12:18:58] DEBUG | 匹配[未知], 最高=0.667, 386ms
[2026-09-29 12:18:58] DEBUG | 截图: 3840x2160, 耗时=89ms
[2026-09-29 12:18:59] DEBUG | 匹配[未知], 最高=0.667, 389ms
[2026-09-29 12:18:59] DEBUG | 截图: 3840x2160, 耗时=81ms
[2026-09-29 12:19:00] DEBUG | 匹配[未知], 最高=0.667, 388ms
[2026-09-29 12:19:00] DEBUG | 截图: 3840x2160, 耗时=74ms
[2026-09-29 12:19:00] DEBUG | 匹配[未知], 最高=0.667, 390ms
[2026-09-29 12:19:01] DEBUG | 截图: 3840x2160, 耗时=78ms
[2026-09-29 12:19:01] DEBUG | 匹配[未知], 最高=0.667, 403ms
[2026-09-29 12:19:02] DEBUG | 截图: 3840x2160, 耗时=83ms
[2026-09-29 12:19:02] DEBUG | 匹配[未知], 最高=0.667, 389ms
[2026-09-29 12:19:02] DEBUG | 截图: 3840x2160, 耗时=77ms
[2026-09-29 12:19:03] DEBUG | 匹配[未知], 最高=0.667, 387ms
[2026-09-29 12:19:03] DEBUG | 截图: 3840x2160, 耗时=86ms
[2026-09-29 12:19:03] DEBUG | 匹配[未知], 最高=0.667, 388ms
[2026-09-29 12:19:04] DEBUG | 截图: 3840x2160, 耗时=78ms
[2026-09-29 12:19:04] DEBUG | 匹配[全量]: 开始匹配, conf=0.958, 145ms
[2026-09-29 12:19:04] DEBUG | 状态变化: 开始匹配 (置信度=0.958)
[2026-09-29 12:19:04] DEBUG | 截图: 3840x2160, 耗时=82ms
[2026-09-29 12:19:04] DEBUG | 匹配[快速]: 开始匹配 (3开始匹配（右下）.png), conf=0.959, 72ms
[2026-09-29 12:19:04] INFO | [开始匹配] 点击开始匹配
[2026-09-29 12:19:05] INFO | 点击: (3212, 1843), 耗时=74ms
[2026-09-29 12:19:05] DEBUG | 循环#37919 总耗时=431ms
[2026-09-29 12:19:05] DEBUG | 截图: 3840x2160, 耗时=91ms
[2026-09-29 12:19:05] DEBUG | 匹配[快速]: 开始匹配 (3开始匹配（右下）.png), conf=0.789, 73ms
[2026-09-29 12:19:05] DEBUG | 循环#37920 总耗时=167ms
[2026-09-29 12:19:05] DEBUG | 截图: 3840x2160, 耗时=88ms
[2026-09-29 12:19:05] DEBUG | 匹配[快速]: 开始匹配 (3开始匹配（右下）.png), conf=0.958, 74ms
[2026-09-29 12:19:05] DEBUG | 循环#37921 总耗时=165ms
[2026-09-29 12:19:05] DEBUG | 截图: 3840x2160, 耗时=78ms
[2026-09-29 12:19:06] DEBUG | 匹配[全量]: 匹配中, conf=0.902, 356ms
[2026-09-29 12:19:06] DEBUG | 状态变化: 匹配中 (置信度=0.902)
[2026-09-29 12:19:06] DEBUG | 截图: 3840x2160, 耗时=86ms
[2026-09-29 12:19:06] DEBUG | 匹配[快速]: 匹配中 (4匹配中（中上）.png), conf=0.928, 54ms
[2026-09-29 12:19:06] INFO | [匹配中] 等待匹配完成...
[2026-09-29 12:19:06] DEBUG | 循环#37923 总耗时=144ms
[2026-09-29 12:19:06] DEBUG | 截图: 3840x2160, 耗时=83ms
[2026-09-29 12:19:06] DEBUG | 匹配[快速]: 匹配中 (4匹配中（中上）.png), conf=0.931, 55ms
[2026-09-29 12:19:06] DEBUG | 循环#37924 总耗时=141ms
[2026-09-29 12:19:07] DEBUG | 截图: 3840x2160, 耗时=78ms
[2026-09-29 12:19:07] DEBUG | 匹配[快速]: 匹配中 (4匹配中（中上）.png), conf=0.929, 54ms
[2026-09-29 12:19:07] DEBUG | 循环#37925 总耗时=136ms
[2026-09-29 12:19:07] DEBUG | 截图: 3840x2160, 耗时=79ms
[2026-09-29 12:19:07] DEBUG | 匹配[快速]: 匹配中 (4匹配中（中上）.png), conf=0.929, 55ms
[2026-09-29 12:19:07] DEBUG | 循环#37926 总耗时=137ms
[2026-09-29 12:19:07] DEBUG | 截图: 3840x2160, 耗时=84ms
[2026-09-29 12:19:07] DEBUG | 匹配[快速]: 匹配中 (4匹配中（中上）.png), conf=0.925, 54ms
[2026-09-29 12:19:07] DEBUG | 循环#37927 总耗时=141ms
[2026-09-29 12:19:08] DEBUG | 截图: 3840x2160, 耗时=76ms
[2026-09-29 12:19:08] DEBUG | 匹配[快速]: 匹配中 (4匹配中（中上）.png), conf=0.923, 56ms
[2026-09-29 12:19:08] DEBUG | 循环#37928 总耗时=134ms
[2026-09-29 12:19:08] DEBUG | 截图: 3840x2160, 耗时=83ms
[2026-09-29 12:19:08] DEBUG | 匹配[快速]: 匹配中 (4匹配中（中上）.png), conf=0.925, 55ms
[2026-09-29 12:19:08] DEBUG | 循环#37929 总耗时=141ms
[2026-09-29 12:19:08] DEBUG | 截图: 3840x2160, 耗时=74ms
[2026-09-29 12:19:08] DEBUG | 匹配[快速]: 匹配中 (4匹配中（中上）.png), conf=0.923, 58ms
[2026-09-29 12:19:08] DEBUG | 循环#37930 总耗时=135ms
[2026-09-29 12:19:09] DEBUG | 截图: 3840x2160, 耗时=76ms
[2026-09-29 12:19:09] DEBUG | 匹配[快速]: 匹配中 (4匹配中（中上）.png), conf=0.922, 56ms
[2026-09-29 12:19:09] DEBUG | 循环#37931 总耗时=134ms
[2026-09-29 12:19:09] DEBUG | 截图: 3840x2160, 耗时=82ms
[2026-09-29 12:19:09] DEBUG | 匹配[快速]: 匹配中 (4匹配中（中上）.png), conf=0.924, 57ms
[2026-09-29 12:19:09] DEBUG | 循环#37932 总耗时=142ms
[2026-09-29 12:19:09] DEBUG | 截图: 3840x2160, 耗时=83ms
[2026-09-29 12:19:09] DEBUG | 匹配[快速]: 匹配中 (4匹配中（中上）.png), conf=0.921, 55ms
[2026-09-29 12:19:09] DEBUG | 循环#37933 总耗时=142ms
[2026-09-29 12:19:09] DEBUG | 截图: 3840x2160, 耗时=82ms
[2026-09-29 12:19:09] DEBUG | 匹配[快速]: 匹配中 (4匹配中（中上）.png), conf=0.922, 55ms
[2026-09-29 12:19:09] DEBUG | 循环#37934 总耗时=140ms
[2026-09-29 12:19:10] DEBUG | 截图: 3840x2160, 耗时=81ms
[2026-09-29 12:19:10] DEBUG | 匹配[快速]: 匹配中 (4匹配中（中上）.png), conf=0.923, 56ms
[2026-09-29 12:19:10] DEBUG | 循环#37935 总耗时=139ms
[2026-09-29 12:19:10] DEBUG | 截图: 3840x2160, 耗时=82ms
[2026-09-29 12:19:10] DEBUG | 匹配[快速]: 匹配中 (4匹配中（中上）.png), conf=0.920, 55ms
[2026-09-29 12:19:10] DEBUG | 循环#37936 总耗时=142ms
[2026-09-29 12:19:10] DEBUG | 截图: 3840x2160, 耗时=80ms
[2026-09-29 12:19:10] DEBUG | 匹配[快速]: 匹配中 (4匹配中（中上）.png), conf=0.924, 57ms
[2026-09-29 12:19:10] DEBUG | 循环#37937 总耗时=140ms
[2026-09-29 12:19:11] DEBUG | 截图: 3840x2160, 耗时=80ms
[2026-09-29 12:19:11] DEBUG | 匹配[快速]: 匹配中 (4匹配中（中上）.png), conf=0.923, 54ms
[2026-09-29 12:19:11] DEBUG | 循环#37938 总耗时=138ms
[2026-09-29 12:19:11] DEBUG | 截图: 3840x2160, 耗时=76ms
[2026-09-29 12:19:11] DEBUG | 匹配[快速]: 匹配中 (4匹配中（中上）.png), conf=0.922, 54ms
[2026-09-29 12:19:11] DEBUG | 循环#37939 总耗时=134ms
[2026-09-29 12:19:11] DEBUG | 截图: 3840x2160, 耗时=80ms
[2026-09-29 12:19:11] DEBUG | 匹配[快速]: 匹配中 (4匹配中（中上）.png), conf=0.923, 54ms
[2026-09-29 12:19:11] DEBUG | 循环#37940 总耗时=137ms
[2026-09-29 12:19:12] DEBUG | 截图: 3840x2160, 耗时=75ms
[2026-09-29 12:19:12] DEBUG | 匹配[快速]: 匹配中 (4匹配中（中上）.png), conf=0.921, 55ms
[2026-09-29 12:19:12] DEBUG | 循环#37941 总耗时=134ms
[2026-09-29 12:19:12] DEBUG | 截图: 3840x2160, 耗时=75ms
[2026-09-29 12:19:12] DEBUG | 匹配[快速]: 匹配中 (4匹配中（中上）.png), conf=0.922, 56ms
[2026-09-29 12:19:12] DEBUG | 循环#37942 总耗时=134ms
[2026-09-29 12:19:12] DEBUG | 截图: 3840x2160, 耗时=80ms
[2026-09-29 12:19:12] DEBUG | 匹配[快速]: 匹配中 (4匹配中（中上）.png), conf=0.927, 54ms
[2026-09-29 12:19:12] DEBUG | 循环#37943 总耗时=137ms
[2026-09-29 12:19:12] DEBUG | 截图: 3840x2160, 耗时=76ms
[2026-09-29 12:19:12] DEBUG | 匹配[快速]: 匹配中 (4匹配中（中上）.png), conf=0.924, 56ms
[2026-09-29 12:19:12] DEBUG | 循环#37944 总耗时=135ms
[2026-09-29 12:19:13] DEBUG | 截图: 3840x2160, 耗时=78ms
[2026-09-29 12:19:13] DEBUG | 匹配[快速]: 匹配中 (4匹配中（中上）.png), conf=0.927, 54ms
[2026-09-29 12:19:13] DEBUG | 循环#37945 总耗时=136ms
[2026-09-29 12:19:13] DEBUG | 截图: 3840x2160, 耗时=76ms
[2026-09-29 12:19:13] DEBUG | 匹配[快速]: 匹配中 (4匹配中（中上）.png), conf=0.926, 55ms
[2026-09-29 12:19:13] DEBUG | 循环#37946 总耗时=134ms
[2026-09-29 12:19:13] DEBUG | 截图: 3840x2160, 耗时=76ms
[2026-09-29 12:19:13] DEBUG | 匹配[快速]: 匹配中 (4匹配中（中上）.png), conf=0.920, 54ms
[2026-09-29 12:19:13] DEBUG | 循环#37947 总耗时=134ms
[2026-09-29 12:19:14] DEBUG | 截图: 3840x2160, 耗时=75ms
[2026-09-29 12:19:14] DEBUG | 匹配[快速]: 匹配中 (4匹配中（中上）.png), conf=0.923, 56ms
[2026-09-29 12:19:14] DEBUG | 循环#37948 总耗时=134ms
[2026-09-29 12:19:14] DEBUG | 截图: 3840x2160, 耗时=76ms
[2026-09-29 12:19:14] DEBUG | 匹配[快速]: 匹配中 (4匹配中（中上）.png), conf=0.921, 56ms
[2026-09-29 12:19:14] DEBUG | 循环#37949 总耗时=135ms
[2026-09-29 12:19:14] DEBUG | 截图: 3840x2160, 耗时=76ms
[2026-09-29 12:19:14] DEBUG | 匹配[快速]: 匹配中 (4匹配中（中上）.png), conf=0.922, 54ms
[2026-09-29 12:19:14] DEBUG | 循环#37950 总耗时=133ms
[2026-09-29 12:19:15] DEBUG | 截图: 3840x2160, 耗时=76ms
[2026-09-29 12:19:15] DEBUG | 匹配[快速]: 匹配中 (4匹配中（中上）.png), conf=0.923, 55ms
[2026-09-29 12:19:15] DEBUG | 循环#37951 总耗时=135ms
[2026-09-29 12:19:15] DEBUG | 截图: 3840x2160, 耗时=76ms
[2026-09-29 12:19:15] DEBUG | 匹配[快速]: 匹配中 (4匹配中（中上）.png), conf=0.920, 55ms
[2026-09-29 12:19:15] DEBUG | 循环#37952 总耗时=135ms
[2026-09-29 12:19:15] DEBUG | 截图: 3840x2160, 耗时=81ms
[2026-09-29 12:19:15] DEBUG | 匹配[快速]: 匹配中 (4匹配中（中上）.png), conf=0.915, 54ms
[2026-09-29 12:19:15] DEBUG | 循环#37953 总耗时=139ms
[2026-09-29 12:19:15] DEBUG | 截图: 3840x2160, 耗时=81ms
[2026-09-29 12:19:15] DEBUG | 匹配[快速]: 匹配中 (4匹配中（中上）.png), conf=0.914, 54ms
[2026-09-29 12:19:15] DEBUG | 循环#37954 总耗时=138ms
[2026-09-29 12:19:16] DEBUG | 截图: 3840x2160, 耗时=79ms
[2026-09-29 12:19:16] DEBUG | 匹配[快速]: 匹配中 (4匹配中（中上）.png), conf=0.912, 56ms
[2026-09-29 12:19:16] DEBUG | 循环#37955 总耗时=138ms
[2026-09-29 12:19:16] DEBUG | 截图: 3840x2160, 耗时=89ms
[2026-09-29 12:19:16] DEBUG | 匹配[快速]: 匹配中 (4匹配中（中上）.png), conf=0.915, 54ms
[2026-09-29 12:19:16] DEBUG | 循环#37956 总耗时=146ms
[2026-09-29 12:19:16] DEBUG | 截图: 3840x2160, 耗时=78ms
[2026-09-29 12:19:16] DEBUG | 匹配[快速]: 匹配中 (4匹配中（中上）.png), conf=0.921, 56ms
[2026-09-29 12:19:16] DEBUG | 循环#37957 总耗时=136ms
[2026-09-29 12:19:17] DEBUG | 截图: 3840x2160, 耗时=82ms
[2026-09-29 12:19:17] DEBUG | 匹配[快速]: 匹配中 (4匹配中（中上）.png), conf=0.922, 54ms
[2026-09-29 12:19:17] DEBUG | 循环#37958 总耗时=138ms
[2026-09-29 12:19:17] DEBUG | 截图: 3840x2160, 耗时=77ms
[2026-09-29 12:19:17] DEBUG | 匹配[快速]: 匹配中 (4匹配中（中上）.png), conf=0.923, 54ms
[2026-09-29 12:19:17] DEBUG | 循环#37959 总耗时=134ms
[2026-09-29 12:19:17] DEBUG | 截图: 3840x2160, 耗时=77ms
[2026-09-29 12:19:17] DEBUG | 匹配[快速]: 匹配中 (4匹配中（中上）.png), conf=0.915, 55ms
[2026-09-29 12:19:17] DEBUG | 循环#37960 总耗时=135ms
[2026-09-29 12:19:18] DEBUG | 截图: 3840x2160, 耗时=83ms
[2026-09-29 12:19:18] DEBUG | 匹配[快速]: 匹配中 (4匹配中（中上）.png), conf=0.917, 55ms
[2026-09-29 12:19:18] DEBUG | 循环#37961 总耗时=142ms
[2026-09-29 12:19:18] DEBUG | 截图: 3840x2160, 耗时=78ms
[2026-09-29 12:19:18] DEBUG | 匹配[快速]: 匹配中 (4匹配中（中上）.png), conf=0.916, 56ms
[2026-09-29 12:19:18] DEBUG | 循环#37962 总耗时=138ms
[2026-09-29 12:19:18] DEBUG | 截图: 3840x2160, 耗时=78ms
[2026-09-29 12:19:18] DEBUG | 匹配[快速]: 匹配中 (4匹配中（中上）.png), conf=0.914, 55ms
[2026-09-29 12:19:18] DEBUG | 循环#37963 总耗时=135ms
[2026-09-29 12:19:18] DEBUG | 截图: 3840x2160, 耗时=75ms
[2026-09-29 12:19:18] DEBUG | 匹配[快速]: 匹配中 (4匹配中（中上）.png), conf=0.917, 56ms
[2026-09-29 12:19:18] DEBUG | 循环#37964 总耗时=134ms
[2026-09-29 12:19:19] DEBUG | 截图: 3840x2160, 耗时=77ms
[2026-09-29 12:19:19] DEBUG | 匹配[快速]: 匹配中 (4匹配中（中上）.png), conf=0.914, 55ms
[2026-09-29 12:19:19] DEBUG | 循环#37965 总耗时=135ms
[2026-09-29 12:19:19] DEBUG | 截图: 3840x2160, 耗时=74ms
[2026-09-29 12:19:19] DEBUG | 匹配[快速]: 匹配中 (4匹配中（中上）.png), conf=0.915, 57ms
[2026-09-29 12:19:19] DEBUG | 循环#37966 总耗时=134ms
[2026-09-29 12:19:19] DEBUG | 截图: 3840x2160, 耗时=79ms
[2026-09-29 12:19:19] DEBUG | 匹配[快速]: 匹配中 (4匹配中（中上）.png), conf=0.915, 55ms
[2026-09-29 12:19:19] DEBUG | 循环#37967 总耗时=136ms
[2026-09-29 12:19:20] DEBUG | 截图: 3840x2160, 耗时=74ms
[2026-09-29 12:19:20] DEBUG | 匹配[快速]: 匹配中 (4匹配中（中上）.png), conf=0.913, 57ms
[2026-09-29 12:19:20] DEBUG | 循环#37968 总耗时=134ms
[2026-09-29 12:19:20] DEBUG | 截图: 3840x2160, 耗时=77ms
[2026-09-29 12:19:20] DEBUG | 匹配[快速]: 匹配中 (4匹配中（中上）.png), conf=0.915, 56ms
[2026-09-29 12:19:20] DEBUG | 循环#37969 总耗时=137ms
[2026-09-29 12:19:20] DEBUG | 截图: 3840x2160, 耗时=73ms
[2026-09-29 12:19:20] DEBUG | 匹配[快速]: 匹配中 (4匹配中（中上）.png), conf=0.915, 55ms
[2026-09-29 12:19:20] DEBUG | 循环#37970 总耗时=132ms
[2026-09-29 12:19:21] DEBUG | 截图: 3840x2160, 耗时=81ms
[2026-09-29 12:19:21] DEBUG | 匹配[快速]: 匹配中 (4匹配中（中上）.png), conf=0.914, 56ms
[2026-09-29 12:19:21] DEBUG | 循环#37971 总耗时=140ms
[2026-09-29 12:19:21] DEBUG | 截图: 3840x2160, 耗时=83ms
[2026-09-29 12:19:21] DEBUG | 匹配[快速]: 匹配中 (4匹配中（中上）.png), conf=0.917, 54ms
[2026-09-29 12:19:21] DEBUG | 循环#37972 总耗时=140ms
[2026-09-29 12:19:21] DEBUG | 截图: 3840x2160, 耗时=85ms
[2026-09-29 12:19:21] DEBUG | 匹配[快速]: 匹配中 (4匹配中（中上）.png), conf=0.913, 56ms
[2026-09-29 12:19:21] DEBUG | 循环#37973 总耗时=145ms
[2026-09-29 12:19:21] DEBUG | 截图: 3840x2160, 耗时=84ms
[2026-09-29 12:19:21] DEBUG | 匹配[快速]: 匹配中 (4匹配中（中上）.png), conf=0.914, 54ms
[2026-09-29 12:19:22] DEBUG | 循环#37974 总耗时=141ms
[2026-09-29 12:19:22] DEBUG | 截图: 3840x2160, 耗时=81ms
[2026-09-29 12:19:22] DEBUG | 匹配[快速]: 匹配中 (4匹配中（中上）.png), conf=0.915, 56ms
[2026-09-29 12:19:22] DEBUG | 循环#37975 总耗时=139ms
[2026-09-29 12:19:22] DEBUG | 截图: 3840x2160, 耗时=81ms
[2026-09-29 12:19:22] DEBUG | 匹配[快速]: 匹配中 (4匹配中（中上）.png), conf=0.912, 55ms
[2026-09-29 12:19:22] DEBUG | 循环#37976 总耗时=140ms
[2026-09-29 12:19:22] DEBUG | 截图: 3840x2160, 耗时=82ms
[2026-09-29 12:19:22] DEBUG | 匹配[快速]: 匹配中 (4匹配中（中上）.png), conf=0.919, 54ms
[2026-09-29 12:19:22] DEBUG | 循环#37977 总耗时=140ms
[2026-09-29 12:19:23] DEBUG | 截图: 3840x2160, 耗时=82ms
[2026-09-29 12:19:23] DEBUG | 匹配[快速]: 匹配中 (4匹配中（中上）.png), conf=0.918, 54ms
[2026-09-29 12:19:23] DEBUG | 循环#37978 总耗时=139ms
[2026-09-29 12:19:23] DEBUG | 截图: 3840x2160, 耗时=78ms
[2026-09-29 12:19:23] DEBUG | 匹配[快速]: 匹配中 (4匹配中（中上）.png), conf=0.917, 54ms
[2026-09-29 12:19:23] DEBUG | 循环#37979 总耗时=135ms
[2026-09-29 12:19:23] DEBUG | 截图: 3840x2160, 耗时=77ms
[2026-09-29 12:19:23] DEBUG | 匹配[快速]: 匹配中 (4匹配中（中上）.png), conf=0.915, 55ms
[2026-09-29 12:19:23] DEBUG | 循环#37980 总耗时=136ms
[2026-09-29 12:19:24] DEBUG | 截图: 3840x2160, 耗时=78ms
[2026-09-29 12:19:24] DEBUG | 匹配[快速]: 匹配中 (4匹配中（中上）.png), conf=0.913, 54ms
[2026-09-29 12:19:24] DEBUG | 循环#37981 总耗时=136ms
[2026-09-29 12:19:24] DEBUG | 截图: 3840x2160, 耗时=79ms
[2026-09-29 12:19:24] DEBUG | 匹配[快速]: 匹配中 (4匹配中（中上）.png), conf=0.913, 59ms
[2026-09-29 12:19:24] DEBUG | 循环#37982 总耗时=141ms
[2026-09-29 12:19:24] DEBUG | 截图: 3840x2160, 耗时=82ms
[2026-09-29 12:19:24] DEBUG | 匹配[快速]: 匹配中 (4匹配中（中上）.png), conf=0.915, 57ms
[2026-09-29 12:19:24] DEBUG | 循环#37983 总耗时=142ms
[2026-09-29 12:19:24] DEBUG | 截图: 3840x2160, 耗时=79ms
[2026-09-29 12:19:25] DEBUG | 匹配[快速]: 匹配中 (4匹配中（中上）.png), conf=0.912, 56ms
[2026-09-29 12:19:25] DEBUG | 循环#37984 总耗时=138ms
[2026-09-29 12:19:25] DEBUG | 截图: 3840x2160, 耗时=78ms
[2026-09-29 12:19:25] DEBUG | 匹配[快速]: 匹配中 (4匹配中（中上）.png), conf=0.915, 54ms
[2026-09-29 12:19:25] DEBUG | 循环#37985 总耗时=135ms
[2026-09-29 12:19:25] DEBUG | 截图: 3840x2160, 耗时=75ms
[2026-09-29 12:19:25] DEBUG | 匹配[快速]: 匹配中 (4匹配中（中上）.png), conf=0.914, 56ms
[2026-09-29 12:19:25] DEBUG | 循环#37986 总耗时=133ms
[2026-09-29 12:19:25] DEBUG | 截图: 3840x2160, 耗时=80ms
[2026-09-29 12:19:25] DEBUG | 匹配[快速]: 匹配中 (4匹配中（中上）.png), conf=0.915, 55ms
[2026-09-29 12:19:25] DEBUG | 循环#37987 总耗时=138ms
[2026-09-29 12:19:26] DEBUG | 截图: 3840x2160, 耗时=73ms
[2026-09-29 12:19:26] DEBUG | 匹配[快速]: 匹配中 (4匹配中（中上）.png), conf=0.917, 56ms
[2026-09-29 12:19:26] DEBUG | 循环#37988 总耗时=133ms
[2026-09-29 12:19:26] DEBUG | 截图: 3840x2160, 耗时=77ms
[2026-09-29 12:19:26] DEBUG | 匹配[快速]: 匹配中 (4匹配中（中上）.png), conf=0.915, 55ms
[2026-09-29 12:19:26] DEBUG | 循环#37989 总耗时=135ms
[2026-09-29 12:19:26] DEBUG | 截图: 3840x2160, 耗时=80ms
[2026-09-29 12:19:26] DEBUG | 匹配[快速]: 匹配中 (4匹配中（中上）.png), conf=0.925, 56ms
[2026-09-29 12:19:26] DEBUG | 循环#37990 总耗时=139ms
[2026-09-29 12:19:27] DEBUG | 截图: 3840x2160, 耗时=81ms
[2026-09-29 12:19:27] DEBUG | 匹配[快速]: 匹配中 (4匹配中（中上）.png), conf=0.925, 57ms
[2026-09-29 12:19:27] DEBUG | 循环#37991 总耗时=143ms
[2026-09-29 12:19:27] DEBUG | 截图: 3840x2160, 耗时=81ms
[2026-09-29 12:19:27] DEBUG | 匹配[快速]: 匹配中 (4匹配中（中上）.png), conf=0.923, 54ms
[2026-09-29 12:19:27] DEBUG | 循环#37992 总耗时=139ms
[2026-09-29 12:19:27] DEBUG | 截图: 3840x2160, 耗时=79ms
[2026-09-29 12:19:27] DEBUG | 匹配[快速]: 匹配中 (4匹配中（中上）.png), conf=0.920, 55ms
[2026-09-29 12:19:27] DEBUG | 循环#37993 总耗时=137ms
[2026-09-29 12:19:27] DEBUG | 截图: 3840x2160, 耗时=82ms
[2026-09-29 12:19:28] DEBUG | 匹配[快速]: 匹配中 (4匹配中（中上）.png), conf=0.919, 62ms
[2026-09-29 12:19:28] DEBUG | 循环#37994 总耗时=148ms
[2026-09-29 12:19:28] DEBUG | 截图: 3840x2160, 耗时=80ms
[2026-09-29 12:19:28] DEBUG | 匹配[快速]: 匹配中 (4匹配中（中上）.png), conf=0.918, 55ms
[2026-09-29 12:19:28] DEBUG | 循环#37995 总耗时=139ms
[2026-09-29 12:19:28] DEBUG | 截图: 3840x2160, 耗时=80ms
[2026-09-29 12:19:28] DEBUG | 匹配[快速]: 匹配中 (4匹配中（中上）.png), conf=0.920, 54ms
[2026-09-29 12:19:28] DEBUG | 循环#37996 总耗时=137ms
[2026-09-29 12:19:28] DEBUG | 截图: 3840x2160, 耗时=79ms
[2026-09-29 12:19:28] DEBUG | 匹配[快速]: 匹配中 (4匹配中（中上）.png), conf=0.917, 56ms
[2026-09-29 12:19:28] DEBUG | 循环#37997 总耗时=137ms
[2026-09-29 12:19:29] DEBUG | 截图: 3840x2160, 耗时=79ms
[2026-09-29 12:19:29] DEBUG | 匹配[快速]: 匹配中 (4匹配中（中上）.png), conf=0.918, 54ms
[2026-09-29 12:19:29] DEBUG | 循环#37998 总耗时=137ms
[2026-09-29 12:19:29] DEBUG | 截图: 3840x2160, 耗时=79ms
[2026-09-29 12:19:29] DEBUG | 匹配[快速]: 匹配中 (4匹配中（中上）.png), conf=0.919, 56ms
[2026-09-29 12:19:29] DEBUG | 循环#37999 总耗时=138ms
[2026-09-29 12:19:29] DEBUG | 截图: 3840x2160, 耗时=77ms
[2026-09-29 12:19:29] DEBUG | 匹配[快速]: 匹配中 (4匹配中（中上）.png), conf=0.916, 55ms
[2026-09-29 12:19:29] DEBUG | 循环#38000 总耗时=136ms
[2026-09-29 12:19:30] DEBUG | 截图: 3840x2160, 耗时=76ms
[2026-09-29 12:19:30] DEBUG | 匹配[快速]: 匹配中 (4匹配中（中上）.png), conf=0.918, 54ms
[2026-09-29 12:19:30] DEBUG | 循环#38001 总耗时=134ms
[2026-09-29 12:19:30] DEBUG | 截图: 3840x2160, 耗时=76ms
[2026-09-29 12:19:30] DEBUG | 匹配[快速]: 匹配中 (4匹配中（中上）.png), conf=0.917, 56ms
[2026-09-29 12:19:30] DEBUG | 循环#38002 总耗时=134ms
[2026-09-29 12:19:30] DEBUG | 截图: 3840x2160, 耗时=80ms
[2026-09-29 12:19:30] DEBUG | 匹配[快速]: 匹配中 (4匹配中（中上）.png), conf=0.917, 57ms
[2026-09-29 12:19:30] DEBUG | 循环#38003 总耗时=141ms
[2026-09-29 12:19:30] DEBUG | 截图: 3840x2160, 耗时=79ms
[2026-09-29 12:19:31] DEBUG | 匹配[快速]: 匹配中 (4匹配中（中上）.png), conf=0.920, 59ms
[2026-09-29 12:19:31] DEBUG | 循环#38004 总耗时=142ms
[2026-09-29 12:19:31] DEBUG | 截图: 3840x2160, 耗时=87ms
[2026-09-29 12:19:31] DEBUG | 匹配[快速]: 匹配中 (4匹配中（中上）.png), conf=0.917, 58ms
[2026-09-29 12:19:31] DEBUG | 循环#38005 总耗时=148ms
[2026-09-29 12:19:31] DEBUG | 截图: 3840x2160, 耗时=81ms
[2026-09-29 12:19:31] DEBUG | 匹配[快速]: 匹配中 (4匹配中（中上）.png), conf=0.918, 74ms
[2026-09-29 12:19:31] DEBUG | 循环#38006 总耗时=158ms
[2026-09-29 12:19:31] DEBUG | 截图: 3840x2160, 耗时=79ms
[2026-09-29 12:19:31] DEBUG | 匹配[快速]: 匹配中 (4匹配中（中上）.png), conf=0.918, 58ms
[2026-09-29 12:19:31] DEBUG | 循环#38007 总耗时=140ms
[2026-09-29 12:19:32] DEBUG | 截图: 3840x2160, 耗时=78ms
[2026-09-29 12:19:32] DEBUG | 匹配[快速]: 匹配中 (4匹配中（中上）.png), conf=0.915, 55ms
[2026-09-29 12:19:32] DEBUG | 循环#38008 总耗时=137ms
[2026-09-29 12:19:32] DEBUG | 截图: 3840x2160, 耗时=77ms
[2026-09-29 12:19:32] DEBUG | 匹配[快速]: 匹配中 (4匹配中（中上）.png), conf=0.918, 55ms
[2026-09-29 12:19:32] DEBUG | 循环#38009 总耗时=135ms
[2026-09-29 12:19:32] DEBUG | 截图: 3840x2160, 耗时=78ms
[2026-09-29 12:19:32] DEBUG | 匹配[快速]: 匹配中 (4匹配中（中上）.png), conf=0.921, 57ms
[2026-09-29 12:19:32] DEBUG | 循环#38010 总耗时=138ms
[2026-09-29 12:19:33] DEBUG | 截图: 3840x2160, 耗时=74ms
[2026-09-29 12:19:33] DEBUG | 匹配[快速]: 匹配中 (4匹配中（中上）.png), conf=0.920, 55ms
[2026-09-29 12:19:33] DEBUG | 循环#38011 总耗时=132ms
[2026-09-29 12:19:33] DEBUG | 截图: 3840x2160, 耗时=82ms
[2026-09-29 12:19:33] DEBUG | 匹配[快速]: 匹配中 (4匹配中（中上）.png), conf=0.922, 55ms
[2026-09-29 12:19:33] DEBUG | 循环#38012 总耗时=141ms
[2026-09-29 12:19:33] DEBUG | 截图: 3840x2160, 耗时=80ms
[2026-09-29 12:19:33] DEBUG | 匹配[快速]: 匹配中 (4匹配中（中上）.png), conf=0.916, 57ms
[2026-09-29 12:19:33] DEBUG | 循环#38013 总耗时=141ms
[2026-09-29 12:19:33] DEBUG | 截图: 3840x2160, 耗时=81ms
[2026-09-29 12:19:34] DEBUG | 匹配[快速]: 匹配中 (4匹配中（中上）.png), conf=0.917, 53ms
[2026-09-29 12:19:34] DEBUG | 循环#38014 总耗时=137ms
[2026-09-29 12:19:34] DEBUG | 截图: 3840x2160, 耗时=80ms
[2026-09-29 12:19:34] DEBUG | 匹配[快速]: 匹配中 (4匹配中（中上）.png), conf=0.917, 56ms
[2026-09-29 12:19:34] DEBUG | 循环#38015 总耗时=138ms
[2026-09-29 12:19:34] DEBUG | 截图: 3840x2160, 耗时=81ms
[2026-09-29 12:19:34] DEBUG | 匹配[快速]: 匹配中 (4匹配中（中上）.png), conf=0.915, 57ms
[2026-09-29 12:19:34] DEBUG | 循环#38016 总耗时=141ms
[2026-09-29 12:19:34] DEBUG | 截图: 3840x2160, 耗时=78ms
[2026-09-29 12:19:34] DEBUG | 匹配[快速]: 匹配中 (4匹配中（中上）.png), conf=0.918, 55ms
[2026-09-29 12:19:34] DEBUG | 循环#38017 总耗时=137ms
[2026-09-29 12:19:35] DEBUG | 截图: 3840x2160, 耗时=80ms
[2026-09-29 12:19:35] DEBUG | 匹配[快速]: 匹配中 (4匹配中（中上）.png), conf=0.917, 55ms
[2026-09-29 12:19:35] DEBUG | 循环#38018 总耗时=139ms
[2026-09-29 12:19:35] DEBUG | 截图: 3840x2160, 耗时=77ms
[2026-09-29 12:19:35] DEBUG | 匹配[快速]: 匹配中 (4匹配中（中上）.png), conf=0.916, 55ms
[2026-09-29 12:19:35] DEBUG | 循环#38019 总耗时=136ms
[2026-09-29 12:19:35] DEBUG | 截图: 3840x2160, 耗时=77ms
[2026-09-29 12:19:35] DEBUG | 匹配[快速]: 匹配中 (4匹配中（中上）.png), conf=0.919, 55ms
[2026-09-29 12:19:35] DEBUG | 循环#38020 总耗时=135ms
[2026-09-29 12:19:36] DEBUG | 截图: 3840x2160, 耗时=75ms
[2026-09-29 12:19:36] DEBUG | 匹配[快速]: 匹配中 (4匹配中（中上）.png), conf=0.916, 54ms
[2026-09-29 12:19:36] DEBUG | 循环#38021 总耗时=132ms
[2026-09-29 12:19:36] DEBUG | 截图: 3840x2160, 耗时=77ms
[2026-09-29 12:19:36] DEBUG | 匹配[快速]: 匹配中 (4匹配中（中上）.png), conf=0.918, 56ms
[2026-09-29 12:19:36] DEBUG | 循环#38022 总耗时=136ms
[2026-09-29 12:19:36] DEBUG | 截图: 3840x2160, 耗时=78ms
[2026-09-29 12:19:36] DEBUG | 匹配[快速]: 匹配中 (4匹配中（中上）.png), conf=0.927, 59ms
[2026-09-29 12:19:36] DEBUG | 循环#38023 总耗时=142ms
[2026-09-29 12:19:36] DEBUG | 截图: 3840x2160, 耗时=76ms
[2026-09-29 12:19:37] DEBUG | 匹配[快速]: 匹配中 (4匹配中（中上）.png), conf=0.925, 57ms
[2026-09-29 12:19:37] DEBUG | 循环#38024 总耗时=137ms
[2026-09-29 12:19:37] DEBUG | 截图: 3840x2160, 耗时=77ms
[2026-09-29 12:19:37] DEBUG | 匹配[快速]: 匹配中 (4匹配中（中上）.png), conf=0.927, 54ms
[2026-09-29 12:19:37] DEBUG | 循环#38025 总耗时=135ms
[2026-09-29 12:19:37] DEBUG | 截图: 3840x2160, 耗时=76ms
[2026-09-29 12:19:37] DEBUG | 匹配[快速]: 匹配中 (4匹配中（中上）.png), conf=0.926, 57ms
[2026-09-29 12:19:37] DEBUG | 循环#38026 总耗时=135ms
[2026-09-29 12:19:37] DEBUG | 截图: 3840x2160, 耗时=76ms
[2026-09-29 12:19:37] DEBUG | 匹配[快速]: 匹配中 (4匹配中（中上）.png), conf=0.919, 55ms
[2026-09-29 12:19:37] DEBUG | 循环#38027 总耗时=135ms
[2026-09-29 12:19:38] DEBUG | 截图: 3840x2160, 耗时=73ms
[2026-09-29 12:19:38] DEBUG | 匹配[快速]: 匹配中 (4匹配中（中上）.png), conf=0.922, 54ms
[2026-09-29 12:19:38] DEBUG | 循环#38028 总耗时=130ms
[2026-09-29 12:19:38] DEBUG | 截图: 3840x2160, 耗时=81ms
[2026-09-29 12:19:38] DEBUG | 匹配[快速]: 匹配中 (4匹配中（中上）.png), conf=0.919, 54ms
[2026-09-29 12:19:38] DEBUG | 循环#38029 总耗时=140ms
[2026-09-29 12:19:38] DEBUG | 截图: 3840x2160, 耗时=81ms
[2026-09-29 12:19:38] DEBUG | 匹配[快速]: 匹配中 (4匹配中（中上）.png), conf=0.920, 54ms
[2026-09-29 12:19:38] DEBUG | 循环#38030 总耗时=138ms
[2026-09-29 12:19:39] DEBUG | 截图: 3840x2160, 耗时=88ms
[2026-09-29 12:19:39] DEBUG | 匹配[快速]: 匹配中 (4匹配中（中上）.png), conf=0.920, 55ms
[2026-09-29 12:19:39] DEBUG | 循环#38031 总耗时=146ms
[2026-09-29 12:19:39] DEBUG | 截图: 3840x2160, 耗时=83ms
[2026-09-29 12:19:39] DEBUG | 匹配[快速]: 匹配中 (4匹配中（中上）.png), conf=0.918, 57ms
[2026-09-29 12:19:39] DEBUG | 循环#38032 总耗时=144ms
[2026-09-29 12:19:39] DEBUG | 截图: 3840x2160, 耗时=82ms
[2026-09-29 12:19:39] DEBUG | 匹配[快速]: 匹配中 (4匹配中（中上）.png), conf=0.920, 57ms
[2026-09-29 12:19:39] DEBUG | 循环#38033 总耗时=143ms
[2026-09-29 12:19:39] DEBUG | 截图: 3840x2160, 耗时=81ms
[2026-09-29 12:19:40] DEBUG | 匹配[快速]: 匹配中 (4匹配中（中上）.png), conf=0.918, 54ms
[2026-09-29 12:19:40] DEBUG | 循环#38034 总耗时=139ms
[2026-09-29 12:19:40] DEBUG | 截图: 3840x2160, 耗时=81ms
[2026-09-29 12:19:40] DEBUG | 匹配[快速]: 匹配中 (4匹配中（中上）.png), conf=0.917, 56ms
[2026-09-29 12:19:40] DEBUG | 循环#38035 总耗时=140ms
[2026-09-29 12:19:40] DEBUG | 截图: 3840x2160, 耗时=81ms
[2026-09-29 12:19:40] DEBUG | 匹配[快速]: 匹配中 (4匹配中（中上）.png), conf=0.920, 56ms
[2026-09-29 12:19:40] DEBUG | 循环#38036 总耗时=141ms
[2026-09-29 12:19:40] DEBUG | 截图: 3840x2160, 耗时=79ms
[2026-09-29 12:19:40] DEBUG | 匹配[快速]: 匹配中 (4匹配中（中上）.png), conf=0.918, 58ms
[2026-09-29 12:19:40] DEBUG | 循环#38037 总耗时=140ms
[2026-09-29 12:19:41] DEBUG | 截图: 3840x2160, 耗时=83ms
[2026-09-29 12:19:41] DEBUG | 匹配[快速]: 匹配中 (4匹配中（中上）.png), conf=0.920, 53ms
[2026-09-29 12:19:41] DEBUG | 循环#38038 总耗时=142ms
[2026-09-29 12:19:41] DEBUG | 截图: 3840x2160, 耗时=78ms
[2026-09-29 12:19:41] DEBUG | 匹配[快速]: 匹配中 (4匹配中（中上）.png), conf=0.920, 55ms
[2026-09-29 12:19:41] DEBUG | 循环#38039 总耗时=138ms
[2026-09-29 12:19:41] DEBUG | 截图: 3840x2160, 耗时=83ms
[2026-09-29 12:19:41] DEBUG | 匹配[快速]: 匹配中 (4匹配中（中上）.png), conf=0.916, 54ms
[2026-09-29 12:19:41] DEBUG | 循环#38040 总耗时=141ms
[2026-09-29 12:19:42] DEBUG | 截图: 3840x2160, 耗时=82ms
[2026-09-29 12:19:42] DEBUG | 匹配[快速]: 匹配中 (4匹配中（中上）.png), conf=0.920, 55ms
[2026-09-29 12:19:42] DEBUG | 循环#38041 总耗时=140ms
[2026-09-29 12:19:42] DEBUG | 截图: 3840x2160, 耗时=78ms
[2026-09-29 12:19:42] DEBUG | 匹配[快速]: 匹配中 (4匹配中（中上）.png), conf=0.918, 56ms
[2026-09-29 12:19:42] DEBUG | 循环#38042 总耗时=137ms
[2026-09-29 12:19:42] DEBUG | 截图: 3840x2160, 耗时=82ms
[2026-09-29 12:19:42] DEBUG | 匹配[快速]: 匹配中 (4匹配中（中上）.png), conf=0.921, 58ms
[2026-09-29 12:19:42] DEBUG | 循环#38043 总耗时=143ms
[2026-09-29 12:19:42] DEBUG | 截图: 3840x2160, 耗时=77ms
[2026-09-29 12:19:43] DEBUG | 匹配[快速]: 匹配中 (4匹配中（中上）.png), conf=0.924, 56ms
[2026-09-29 12:19:43] DEBUG | 循环#38044 总耗时=135ms
[2026-09-29 12:19:43] DEBUG | 截图: 3840x2160, 耗时=78ms
[2026-09-29 12:19:43] DEBUG | 匹配[快速]: 匹配中 (4匹配中（中上）.png), conf=0.921, 54ms
[2026-09-29 12:19:43] DEBUG | 循环#38045 总耗时=136ms
[2026-09-29 12:19:43] DEBUG | 截图: 3840x2160, 耗时=78ms
[2026-09-29 12:19:43] DEBUG | 匹配[快速]: 匹配中 (4匹配中（中上）.png), conf=0.922, 57ms
[2026-09-29 12:19:43] DEBUG | 循环#38046 总耗时=138ms
[2026-09-29 12:19:43] DEBUG | 截图: 3840x2160, 耗时=79ms
[2026-09-29 12:19:43] DEBUG | 匹配[快速]: 匹配中 (4匹配中（中上）.png), conf=0.919, 55ms
[2026-09-29 12:19:43] DEBUG | 循环#38047 总耗时=137ms
[2026-09-29 12:19:44] DEBUG | 截图: 3840x2160, 耗时=78ms
[2026-09-29 12:19:44] DEBUG | 匹配[快速]: 匹配中 (4匹配中（中上）.png), conf=0.916, 55ms
[2026-09-29 12:19:44] DEBUG | 循环#38048 总耗时=136ms
[2026-09-29 12:19:44] DEBUG | 截图: 3840x2160, 耗时=74ms
[2026-09-29 12:19:44] DEBUG | 匹配[快速]: 匹配中 (4匹配中（中上）.png), conf=0.919, 55ms
[2026-09-29 12:19:44] DEBUG | 循环#38049 总耗时=133ms
[2026-09-29 12:19:44] DEBUG | 截图: 3840x2160, 耗时=81ms
[2026-09-29 12:19:44] DEBUG | 匹配[快速]: 匹配中 (4匹配中（中上）.png), conf=0.918, 54ms
[2026-09-29 12:19:44] DEBUG | 循环#38050 总耗时=138ms
[2026-09-29 12:19:45] DEBUG | 截图: 3840x2160, 耗时=79ms
[2026-09-29 12:19:45] DEBUG | 匹配[快速]: 匹配中 (4匹配中（中上）.png), conf=0.917, 56ms
[2026-09-29 12:19:45] DEBUG | 循环#38051 总耗时=137ms
[2026-09-29 12:19:45] DEBUG | 截图: 3840x2160, 耗时=80ms
[2026-09-29 12:19:45] DEBUG | 匹配[快速]: 匹配中 (4匹配中（中上）.png), conf=0.919, 53ms
[2026-09-29 12:19:45] DEBUG | 循环#38052 总耗时=137ms
[2026-09-29 12:19:45] DEBUG | 截图: 3840x2160, 耗时=79ms
[2026-09-29 12:19:45] DEBUG | 匹配[快速]: 匹配中 (4匹配中（中上）.png), conf=0.914, 56ms
[2026-09-29 12:19:45] DEBUG | 循环#38053 总耗时=139ms
[2026-09-29 12:19:45] DEBUG | 截图: 3840x2160, 耗时=81ms
[2026-09-29 12:19:46] DEBUG | 匹配[快速]: 匹配中 (4匹配中（中上）.png), conf=0.915, 55ms
[2026-09-29 12:19:46] DEBUG | 循环#38054 总耗时=139ms
[2026-09-29 12:19:46] DEBUG | 截图: 3840x2160, 耗时=77ms
[2026-09-29 12:19:46] DEBUG | 匹配[快速]: 匹配中 (4匹配中（中上）.png), conf=0.915, 55ms
[2026-09-29 12:19:46] DEBUG | 循环#38055 总耗时=136ms
[2026-09-29 12:19:46] DEBUG | 截图: 3840x2160, 耗时=79ms
[2026-09-29 12:19:46] DEBUG | 匹配[快速]: 匹配中 (4匹配中（中上）.png), conf=0.913, 58ms
[2026-09-29 12:19:46] DEBUG | 循环#38056 总耗时=140ms
[2026-09-29 12:19:46] DEBUG | 截图: 3840x2160, 耗时=77ms
[2026-09-29 12:19:46] DEBUG | 匹配[快速]: 匹配中 (4匹配中（中上）.png), conf=0.925, 57ms
[2026-09-29 12:19:46] DEBUG | 循环#38057 总耗时=138ms
[2026-09-29 12:19:47] DEBUG | 截图: 3840x2160, 耗时=79ms
[2026-09-29 12:19:47] DEBUG | 匹配[快速]: 匹配中 (4匹配中（中上）.png), conf=0.923, 55ms
[2026-09-29 12:19:47] DEBUG | 循环#38058 总耗时=138ms
[2026-09-29 12:19:47] DEBUG | 截图: 3840x2160, 耗时=77ms
[2026-09-29 12:19:47] DEBUG | 匹配[快速]: 匹配中 (4匹配中（中上）.png), conf=0.923, 54ms
[2026-09-29 12:19:47] DEBUG | 循环#38059 总耗时=135ms
[2026-09-29 12:19:47] DEBUG | 截图: 3840x2160, 耗时=76ms
[2026-09-29 12:19:47] DEBUG | 匹配[快速]: 匹配中 (4匹配中（中上）.png), conf=0.919, 55ms
[2026-09-29 12:19:47] DEBUG | 循环#38060 总耗时=180ms
[2026-09-29 12:19:48] DEBUG | 截图: 3840x2160, 耗时=74ms
[2026-09-29 12:19:48] DEBUG | 匹配[快速]: 匹配中 (4匹配中（中上）.png), conf=0.917, 54ms
[2026-09-29 12:19:48] DEBUG | 循环#38061 总耗时=131ms
[2026-09-29 12:19:48] DEBUG | 截图: 3840x2160, 耗时=77ms
[2026-09-29 12:19:48] DEBUG | 匹配[快速]: 匹配中 (4匹配中（中上）.png), conf=0.918, 56ms
[2026-09-29 12:19:48] DEBUG | 循环#38062 总耗时=137ms
[2026-09-29 12:19:48] DEBUG | 截图: 3840x2160, 耗时=84ms
[2026-09-29 12:19:48] DEBUG | 匹配[快速]: 匹配中 (4匹配中（中上）.png), conf=0.917, 55ms
[2026-09-29 12:19:48] DEBUG | 循环#38063 总耗时=142ms
[2026-09-29 12:19:48] DEBUG | 截图: 3840x2160, 耗时=75ms
[2026-09-29 12:19:49] DEBUG | 匹配[快速]: 匹配中 (4匹配中（中上）.png), conf=0.916, 54ms
[2026-09-29 12:19:49] DEBUG | 循环#38064 总耗时=133ms
[2026-09-29 12:19:49] DEBUG | 截图: 3840x2160, 耗时=74ms
[2026-09-29 12:19:49] DEBUG | 匹配[快速]: 匹配中 (4匹配中（中上）.png), conf=0.918, 55ms
[2026-09-29 12:19:49] DEBUG | 循环#38065 总耗时=134ms
[2026-09-29 12:19:49] DEBUG | 截图: 3840x2160, 耗时=73ms
[2026-09-29 12:19:49] DEBUG | 匹配[快速]: 匹配中 (4匹配中（中上）.png), conf=0.916, 56ms
[2026-09-29 12:19:49] DEBUG | 循环#38066 总耗时=132ms
[2026-09-29 12:19:49] DEBUG | 截图: 3840x2160, 耗时=84ms
[2026-09-29 12:19:49] DEBUG | 匹配[快速]: 匹配中 (4匹配中（中上）.png), conf=0.915, 55ms
[2026-09-29 12:19:49] DEBUG | 循环#38067 总耗时=142ms
[2026-09-29 12:19:50] DEBUG | 截图: 3840x2160, 耗时=78ms
[2026-09-29 12:19:50] DEBUG | 匹配[快速]: 匹配中 (4匹配中（中上）.png), conf=0.917, 55ms
[2026-09-29 12:19:50] DEBUG | 循环#38068 总耗时=137ms
[2026-09-29 12:19:50] DEBUG | 截图: 3840x2160, 耗时=77ms
[2026-09-29 12:19:50] DEBUG | 匹配[快速]: 匹配中 (4匹配中（中上）.png), conf=0.914, 55ms
[2026-09-29 12:19:50] DEBUG | 循环#38069 总耗时=136ms
[2026-09-29 12:19:50] DEBUG | 截图: 3840x2160, 耗时=78ms
[2026-09-29 12:19:50] DEBUG | 匹配[快速]: 匹配中 (4匹配中（中上）.png), conf=0.917, 56ms
[2026-09-29 12:19:50] DEBUG | 循环#38070 总耗时=138ms
[2026-09-29 12:19:51] DEBUG | 截图: 3840x2160, 耗时=78ms
[2026-09-29 12:19:51] DEBUG | 匹配[快速]: 匹配中 (4匹配中（中上）.png), conf=0.917, 57ms
[2026-09-29 12:19:51] DEBUG | 循环#38071 总耗时=138ms
[2026-09-29 12:19:51] DEBUG | 截图: 3840x2160, 耗时=87ms
[2026-09-29 12:19:51] DEBUG | 匹配[快速]: 匹配中 (4匹配中（中上）.png), conf=0.915, 54ms
[2026-09-29 12:19:51] DEBUG | 循环#38072 总耗时=144ms
[2026-09-29 12:19:51] DEBUG | 截图: 3840x2160, 耗时=78ms
[2026-09-29 12:19:51] DEBUG | 匹配[快速]: 匹配中 (4匹配中（中上）.png), conf=0.917, 57ms
[2026-09-29 12:19:51] DEBUG | 循环#38073 总耗时=139ms
[2026-09-29 12:19:51] DEBUG | 截图: 3840x2160, 耗时=79ms
[2026-09-29 12:19:52] DEBUG | 匹配[快速]: 匹配中 (4匹配中（中上）.png), conf=0.915, 55ms
[2026-09-29 12:19:52] DEBUG | 循环#38074 总耗时=137ms
[2026-09-29 12:19:52] DEBUG | 截图: 3840x2160, 耗时=83ms
[2026-09-29 12:19:52] DEBUG | 匹配[快速]: 匹配中 (4匹配中（中上）.png), conf=0.915, 56ms
[2026-09-29 12:19:52] DEBUG | 循环#38075 总耗时=144ms
[2026-09-29 12:19:52] DEBUG | 截图: 3840x2160, 耗时=79ms
[2026-09-29 12:19:52] DEBUG | 匹配[快速]: 匹配中 (4匹配中（中上）.png), conf=0.917, 55ms
[2026-09-29 12:19:52] DEBUG | 循环#38076 总耗时=138ms
[2026-09-29 12:19:52] DEBUG | 截图: 3840x2160, 耗时=74ms
[2026-09-29 12:19:52] DEBUG | 匹配[快速]: 匹配中 (4匹配中（中上）.png), conf=0.918, 55ms
[2026-09-29 12:19:52] DEBUG | 循环#38077 总耗时=132ms
[2026-09-29 12:19:53] DEBUG | 截图: 3840x2160, 耗时=78ms
[2026-09-29 12:19:53] DEBUG | 匹配[快速]: 匹配中 (4匹配中（中上）.png), conf=0.920, 56ms
[2026-09-29 12:19:53] DEBUG | 循环#38078 总耗时=137ms
[2026-09-29 12:19:53] DEBUG | 截图: 3840x2160, 耗时=77ms
[2026-09-29 12:19:53] DEBUG | 匹配[快速]: 匹配中 (4匹配中（中上）.png), conf=0.920, 54ms
[2026-09-29 12:19:53] DEBUG | 循环#38079 总耗时=134ms
[2026-09-29 12:19:53] DEBUG | 截图: 3840x2160, 耗时=76ms
[2026-09-29 12:19:53] DEBUG | 匹配[快速]: 匹配中 (4匹配中（中上）.png), conf=0.914, 56ms
[2026-09-29 12:19:53] DEBUG | 循环#38080 总耗时=136ms
[2026-09-29 12:19:54] DEBUG | 截图: 3840x2160, 耗时=77ms
[2026-09-29 12:19:54] DEBUG | 匹配[快速]: 匹配中 (4匹配中（中上）.png), conf=0.917, 55ms
[2026-09-29 12:19:54] DEBUG | 循环#38081 总耗时=135ms
[2026-09-29 12:19:54] DEBUG | 截图: 3840x2160, 耗时=78ms
[2026-09-29 12:19:54] DEBUG | 匹配[快速]: 匹配中 (4匹配中（中上）.png), conf=0.915, 55ms
[2026-09-29 12:19:54] DEBUG | 循环#38082 总耗时=138ms
[2026-09-29 12:19:54] DEBUG | 截图: 3840x2160, 耗时=77ms
[2026-09-29 12:19:54] DEBUG | 匹配[快速]: 匹配中 (4匹配中（中上）.png), conf=0.915, 55ms
[2026-09-29 12:19:54] DEBUG | 循环#38083 总耗时=136ms
[2026-09-29 12:19:54] DEBUG | 截图: 3840x2160, 耗时=83ms
[2026-09-29 12:19:55] DEBUG | 匹配[快速]: 匹配中 (4匹配中（中上）.png), conf=0.917, 56ms
[2026-09-29 12:19:55] DEBUG | 循环#38084 总耗时=142ms
[2026-09-29 12:19:55] DEBUG | 截图: 3840x2160, 耗时=80ms
[2026-09-29 12:19:55] DEBUG | 匹配[快速]: 匹配中 (4匹配中（中上）.png), conf=0.914, 53ms
[2026-09-29 12:19:55] DEBUG | 循环#38085 总耗时=138ms
[2026-09-29 12:19:55] DEBUG | 截图: 3840x2160, 耗时=81ms
[2026-09-29 12:19:55] DEBUG | 匹配[快速]: 匹配中 (4匹配中（中上）.png), conf=0.916, 56ms
[2026-09-29 12:19:55] DEBUG | 循环#38086 总耗时=140ms
[2026-09-29 12:19:55] DEBUG | 截图: 3840x2160, 耗时=82ms
[2026-09-29 12:19:55] DEBUG | 匹配[快速]: 匹配中 (4匹配中（中上）.png), conf=0.918, 55ms
[2026-09-29 12:19:55] DEBUG | 循环#38087 总耗时=140ms
[2026-09-29 12:19:56] DEBUG | 截图: 3840x2160, 耗时=80ms
[2026-09-29 12:19:56] DEBUG | 匹配[快速]: 匹配中 (4匹配中（中上）.png), conf=0.916, 55ms
[2026-09-29 12:19:56] DEBUG | 循环#38088 总耗时=139ms
[2026-09-29 12:19:56] DEBUG | 截图: 3840x2160, 耗时=77ms
[2026-09-29 12:19:56] DEBUG | 匹配[快速]: 匹配中 (4匹配中（中上）.png), conf=0.919, 55ms
[2026-09-29 12:19:56] DEBUG | 循环#38089 总耗时=135ms
[2026-09-29 12:19:56] DEBUG | 截图: 3840x2160, 耗时=77ms
[2026-09-29 12:19:56] DEBUG | 匹配[快速]: 匹配中 (4匹配中（中上）.png), conf=0.926, 54ms
[2026-09-29 12:19:56] DEBUG | 循环#38090 总耗时=135ms
[2026-09-29 12:19:57] DEBUG | 截图: 3840x2160, 耗时=79ms
[2026-09-29 12:19:57] DEBUG | 匹配[快速]: 匹配中 (4匹配中（中上）.png), conf=0.925, 55ms
[2026-09-29 12:19:57] DEBUG | 循环#38091 总耗时=138ms
[2026-09-29 12:19:57] DEBUG | 截图: 3840x2160, 耗时=80ms
[2026-09-29 12:19:57] DEBUG | 匹配[快速]: 匹配中 (4匹配中（中上）.png), conf=0.927, 55ms
[2026-09-29 12:19:57] DEBUG | 循环#38092 总耗时=139ms
[2026-09-29 12:19:57] DEBUG | 截图: 3840x2160, 耗时=77ms
[2026-09-29 12:19:57] DEBUG | 匹配[快速]: 匹配中 (4匹配中（中上）.png), conf=0.919, 58ms
[2026-09-29 12:19:57] DEBUG | 循环#38093 总耗时=138ms
[2026-09-29 12:19:57] DEBUG | 截图: 3840x2160, 耗时=79ms
[2026-09-29 12:19:58] DEBUG | 匹配[快速]: 匹配中 (4匹配中（中上）.png), conf=0.921, 56ms
[2026-09-29 12:19:58] DEBUG | 循环#38094 总耗时=138ms
[2026-09-29 12:19:58] DEBUG | 截图: 3840x2160, 耗时=78ms
[2026-09-29 12:19:58] DEBUG | 匹配[快速]: 匹配中 (4匹配中（中上）.png), conf=0.921, 56ms
[2026-09-29 12:19:58] DEBUG | 循环#38095 总耗时=136ms
[2026-09-29 12:19:58] DEBUG | 截图: 3840x2160, 耗时=78ms
[2026-09-29 12:19:58] DEBUG | 匹配[快速]: 匹配中 (4匹配中（中上）.png), conf=0.919, 55ms
[2026-09-29 12:19:58] DEBUG | 循环#38096 总耗时=136ms
[2026-09-29 12:19:58] DEBUG | 截图: 3840x2160, 耗时=79ms
[2026-09-29 12:19:58] DEBUG | 匹配[快速]: 匹配中 (4匹配中（中上）.png), conf=0.921, 57ms
[2026-09-29 12:19:58] DEBUG | 循环#38097 总耗时=140ms
[2026-09-29 12:19:59] DEBUG | 截图: 3840x2160, 耗时=83ms
[2026-09-29 12:19:59] DEBUG | 匹配[快速]: 匹配中 (4匹配中（中上）.png), conf=0.919, 55ms
[2026-09-29 12:19:59] DEBUG | 循环#38098 总耗时=141ms
[2026-09-29 12:19:59] DEBUG | 截图: 3840x2160, 耗时=75ms
[2026-09-29 12:19:59] DEBUG | 匹配[快速]: 匹配中 (4匹配中（中上）.png), conf=0.918, 56ms
[2026-09-29 12:19:59] DEBUG | 循环#38099 总耗时=136ms
[2026-09-29 12:19:59] DEBUG | 截图: 3840x2160, 耗时=76ms
[2026-09-29 12:19:59] DEBUG | 匹配[快速]: 匹配中 (4匹配中（中上）.png), conf=0.920, 57ms
[2026-09-29 12:19:59] DEBUG | 循环#38100 总耗时=136ms
[2026-09-29 12:20:00] DEBUG | 截图: 3840x2160, 耗时=77ms
[2026-09-29 12:20:00] DEBUG | 匹配[快速]: 匹配中 (4匹配中（中上）.png), conf=0.917, 56ms
[2026-09-29 12:20:00] DEBUG | 循环#38101 总耗时=137ms
[2026-09-29 12:20:00] DEBUG | 截图: 3840x2160, 耗时=74ms
[2026-09-29 12:20:00] DEBUG | 匹配[未知], 最高=0.662, 333ms
[2026-09-29 12:20:00] DEBUG | 状态变化: 未知 (置信度=0.662)
[2026-09-29 12:20:01] DEBUG | 截图: 3840x2160, 耗时=82ms
[2026-09-29 12:20:01] DEBUG | 匹配[未知], 最高=0.663, 389ms
[2026-09-29 12:20:01] DEBUG | 截图: 3840x2160, 耗时=82ms
[2026-09-29 12:20:02] DEBUG | 匹配[未知], 最高=0.663, 390ms
[2026-09-29 12:20:02] DEBUG | 截图: 3840x2160, 耗时=78ms
[2026-09-29 12:20:03] DEBUG | 匹配[未知], 最高=0.663, 370ms
[2026-09-29 12:20:03] DEBUG | 截图: 3840x2160, 耗时=76ms
[2026-09-29 12:20:03] DEBUG | 匹配[未知], 最高=0.669, 424ms
[2026-09-29 12:20:04] DEBUG | 截图: 3840x2160, 耗时=82ms
[2026-09-29 12:20:04] DEBUG | 匹配[未知], 最高=0.669, 421ms
[2026-09-29 12:20:05] DEBUG | 截图: 3840x2160, 耗时=83ms
[2026-09-29 12:20:05] DEBUG | 匹配[未知], 最高=0.669, 421ms
[2026-09-29 12:20:05] DEBUG | 截图: 3840x2160, 耗时=83ms
[2026-09-29 12:20:06] DEBUG | 匹配[未知], 最高=0.669, 423ms
[2026-09-29 12:20:06] DEBUG | 截图: 3840x2160, 耗时=80ms
[2026-09-29 12:20:07] DEBUG | 匹配[未知], 最高=0.669, 429ms
[2026-09-29 12:20:07] DEBUG | 截图: 3840x2160, 耗时=81ms
[2026-09-29 12:20:07] DEBUG | 匹配[未知], 最高=0.669, 421ms
[2026-09-29 12:20:08] DEBUG | 截图: 3840x2160, 耗时=79ms
[2026-09-29 12:20:08] DEBUG | 匹配[未知], 最高=0.669, 448ms
[2026-09-29 12:20:09] DEBUG | 截图: 3840x2160, 耗时=98ms
[2026-09-29 12:20:09] DEBUG | 匹配[未知], 最高=0.669, 591ms
[2026-09-29 12:20:10] DEBUG | 截图: 3840x2160, 耗时=103ms
[2026-09-29 12:20:10] DEBUG | 匹配[未知], 最高=0.669, 571ms
[2026-09-29 12:20:11] DEBUG | 截图: 3840x2160, 耗时=114ms
[2026-09-29 12:20:11] DEBUG | 匹配[未知], 最高=0.669, 483ms
[2026-09-29 12:20:11] DEBUG | 截图: 3840x2160, 耗时=86ms
[2026-09-29 12:20:12] DEBUG | 匹配[未知], 最高=0.669, 444ms
[2026-09-29 12:20:12] DEBUG | 截图: 3840x2160, 耗时=84ms
[2026-09-29 12:20:13] DEBUG | 匹配[未知], 最高=0.669, 445ms
[2026-09-29 12:20:13] DEBUG | 截图: 3840x2160, 耗时=91ms
[2026-09-29 12:20:14] DEBUG | 匹配[未知], 最高=0.669, 514ms
[2026-09-29 12:20:14] DEBUG | 截图: 3840x2160, 耗时=94ms
[2026-09-29 12:20:15] DEBUG | 匹配[未知], 最高=0.670, 534ms
[2026-09-29 12:20:15] DEBUG | 截图: 3840x2160, 耗时=87ms
[2026-09-29 12:20:15] DEBUG | 匹配[未知], 最高=0.671, 388ms
[2026-09-29 12:20:16] DEBUG | 截图: 3840x2160, 耗时=95ms
[2026-09-29 12:20:16] DEBUG | 匹配[未知], 最高=0.673, 350ms
[2026-09-29 12:20:16] DEBUG | 截图: 3840x2160, 耗时=88ms
[2026-09-29 12:20:17] DEBUG | 匹配[未知], 最高=0.674, 335ms
[2026-09-29 12:20:17] DEBUG | 截图: 3840x2160, 耗时=102ms
[2026-09-29 12:20:18] DEBUG | 匹配[未知], 最高=0.674, 355ms
[2026-09-29 12:20:18] DEBUG | 截图: 3840x2160, 耗时=87ms
[2026-09-29 12:20:18] DEBUG | 匹配[未知], 最高=0.674, 330ms
[2026-09-29 12:20:19] DEBUG | 截图: 3840x2160, 耗时=88ms
[2026-09-29 12:20:19] DEBUG | 匹配[未知], 最高=0.674, 326ms
[2026-09-29 12:20:19] DEBUG | 截图: 3840x2160, 耗时=88ms
[2026-09-29 12:20:20] DEBUG | 匹配[未知], 最高=0.674, 358ms
[2026-09-29 12:20:20] DEBUG | 截图: 3840x2160, 耗时=83ms
[2026-09-29 12:20:20] DEBUG | 匹配[未知], 最高=0.674, 328ms
[2026-09-29 12:20:21] DEBUG | 截图: 3840x2160, 耗时=88ms
[2026-09-29 12:20:21] DEBUG | 匹配[未知], 最高=0.674, 322ms
[2026-09-29 12:20:22] DEBUG | 截图: 3840x2160, 耗时=91ms
[2026-09-29 12:20:22] DEBUG | 匹配[未知], 最高=0.674, 315ms
[2026-09-29 12:20:22] DEBUG | 截图: 3840x2160, 耗时=81ms
[2026-09-29 12:20:23] DEBUG | 匹配[未知], 最高=0.674, 316ms
[2026-09-29 12:20:23] DEBUG | 截图: 3840x2160, 耗时=79ms
[2026-09-29 12:20:23] DEBUG | 匹配[未知], 最高=0.674, 320ms
[2026-09-29 12:20:24] DEBUG | 截图: 3840x2160, 耗时=82ms
[2026-09-29 12:20:24] DEBUG | 匹配[未知], 最高=0.674, 324ms
[2026-09-29 12:20:24] DEBUG | 截图: 3840x2160, 耗时=84ms
[2026-09-29 12:20:25] DEBUG | 匹配[未知], 最高=0.674, 322ms
[2026-09-29 12:20:25] DEBUG | 截图: 3840x2160, 耗时=82ms
[2026-09-29 12:20:25] DEBUG | 匹配[未知], 最高=0.674, 316ms
[2026-09-29 12:20:26] DEBUG | 截图: 3840x2160, 耗时=81ms
[2026-09-29 12:20:26] DEBUG | 匹配[未知], 最高=0.674, 318ms
[2026-09-29 12:20:27] DEBUG | 截图: 3840x2160, 耗时=84ms
[2026-09-29 12:20:27] DEBUG | 匹配[未知], 最高=0.674, 320ms
[2026-09-29 12:20:27] DEBUG | 截图: 3840x2160, 耗时=84ms
[2026-09-29 12:20:28] DEBUG | 匹配[未知], 最高=0.674, 320ms
[2026-09-29 12:20:28] DEBUG | 截图: 3840x2160, 耗时=83ms
[2026-09-29 12:20:28] DEBUG | 匹配[未知], 最高=0.674, 322ms
[2026-09-29 12:20:29] DEBUG | 截图: 3840x2160, 耗时=85ms
[2026-09-29 12:20:29] DEBUG | 匹配[全量]: 游戏中, conf=0.874, 319ms
[2026-09-29 12:20:29] DEBUG | 状态变化: 游戏中 (置信度=0.874)
[2026-09-29 12:20:29] DEBUG | 截图: 3840x2160, 耗时=87ms
[2026-09-29 12:20:29] DEBUG | 匹配[快速]: 游戏中 (5游戏中2（中上）.png), conf=0.879, 17ms
[2026-09-29 12:20:29] INFO | [游戏中] 按I键
[2026-09-29 12:20:29] DEBUG | 按键 i: 三重发送开始 (scan=0x17, vk=0x49)
[2026-09-29 12:20:30] INFO | 按键: i(扫描码=0x17), 持续 0.3s
[2026-09-29 12:20:30] DEBUG | 循环#38140 总耗时=410ms
[2026-09-29 12:20:30] DEBUG | 截图: 3840x2160, 耗时=86ms
[2026-09-29 12:20:30] DEBUG | 匹配[快速]: 游戏中 (5游戏中2（中上）.png), conf=0.869, 18ms
[2026-09-29 12:20:30] DEBUG | 循环#38141 总耗时=109ms
[2026-09-29 12:20:30] DEBUG | 截图: 3840x2160, 耗时=88ms
[2026-09-29 12:20:30] DEBUG | 匹配[快速]: 游戏中 (5游戏中2（中上）.png), conf=0.872, 18ms
[2026-09-29 12:20:30] DEBUG | 循环#38142 总耗时=109ms
[2026-09-29 12:20:30] DEBUG | 截图: 3840x2160, 耗时=86ms
[2026-09-29 12:20:30] DEBUG | 匹配[快速]: 游戏中 (5游戏中2（中上）.png), conf=0.873, 19ms
[2026-09-29 12:20:30] DEBUG | 循环#38143 总耗时=109ms
[2026-09-29 12:20:31] DEBUG | 截图: 3840x2160, 耗时=94ms
[2026-09-29 12:20:31] DEBUG | 匹配[快速]: 游戏中 (5游戏中2（中上）.png), conf=0.878, 20ms
[2026-09-29 12:20:31] DEBUG | 循环#38144 总耗时=118ms
[2026-09-29 12:20:31] DEBUG | 截图: 3840x2160, 耗时=91ms
[2026-09-29 12:20:31] DEBUG | 匹配[快速]: 游戏中 (5游戏中2（中上）.png), conf=0.878, 21ms
[2026-09-29 12:20:31] DEBUG | 循环#38145 总耗时=115ms
[2026-09-29 12:20:31] DEBUG | 截图: 3840x2160, 耗时=99ms
[2026-09-29 12:20:31] DEBUG | 匹配[快速]: 游戏中 (5游戏中2（中上）.png), conf=0.877, 23ms
[2026-09-29 12:20:31] DEBUG | 循环#38146 总耗时=126ms
[2026-09-29 12:20:32] DEBUG | 截图: 3840x2160, 耗时=89ms
[2026-09-29 12:20:32] DEBUG | 匹配[快速]: 游戏中 (5游戏中2（中上）.png), conf=0.879, 20ms
[2026-09-29 12:20:32] DEBUG | 循环#38147 总耗时=112ms
[2026-09-29 12:20:32] DEBUG | 截图: 3840x2160, 耗时=84ms
[2026-09-29 12:20:32] DEBUG | 匹配[快速]: 游戏中 (5游戏中2（中上）.png), conf=0.872, 21ms
[2026-09-29 12:20:32] DEBUG | 循环#38148 总耗时=109ms
[2026-09-29 12:20:32] DEBUG | 截图: 3840x2160, 耗时=97ms
[2026-09-29 12:20:32] DEBUG | 匹配[快速]: 游戏中 (5游戏中2（中上）.png), conf=0.872, 18ms
[2026-09-29 12:20:32] DEBUG | 循环#38149 总耗时=119ms
[2026-09-29 12:20:32] DEBUG | 截图: 3840x2160, 耗时=87ms
[2026-09-29 12:20:33] DEBUG | 匹配[快速]: 游戏中 (5游戏中2（中上）.png), conf=0.873, 19ms
[2026-09-29 12:20:33] INFO | [游戏中] 按I键
[2026-09-29 12:20:33] DEBUG | 按键 i: 三重发送开始 (scan=0x17, vk=0x49)
[2026-09-29 12:20:33] INFO | 按键: i(扫描码=0x17), 持续 0.3s
[2026-09-29 12:20:33] DEBUG | 循环#38150 总耗时=412ms
[2026-09-29 12:20:33] DEBUG | 截图: 3840x2160, 耗时=101ms
[2026-09-29 12:20:33] DEBUG | 匹配[快速]: 游戏中 (5游戏中2（中上）.png), conf=0.873, 17ms
[2026-09-29 12:20:33] DEBUG | 循环#38151 总耗时=122ms
[2026-09-29 12:20:33] DEBUG | 截图: 3840x2160, 耗时=88ms
[2026-09-29 12:20:33] DEBUG | 匹配[快速]: 游戏中 (5游戏中2（中上）.png), conf=0.873, 17ms
[2026-09-29 12:20:33] DEBUG | 循环#38152 总耗时=109ms
[2026-09-29 12:20:33] DEBUG | 截图: 3840x2160, 耗时=86ms
[2026-09-29 12:20:34] DEBUG | 匹配[快速]: 游戏中 (5游戏中2（中上）.png), conf=0.873, 18ms
[2026-09-29 12:20:34] DEBUG | 循环#38153 总耗时=107ms
[2026-09-29 12:20:34] DEBUG | 截图: 3840x2160, 耗时=86ms
[2026-09-29 12:20:34] DEBUG | 匹配[快速]: 游戏中 (5游戏中2（中上）.png), conf=0.873, 18ms
[2026-09-29 12:20:34] DEBUG | 循环#38154 总耗时=108ms
[2026-09-29 12:20:34] DEBUG | 截图: 3840x2160, 耗时=88ms
[2026-09-29 12:20:34] DEBUG | 匹配[快速]: 游戏中 (5游戏中2（中上）.png), conf=0.873, 18ms
[2026-09-29 12:20:34] DEBUG | 循环#38155 总耗时=110ms
[2026-09-29 12:20:34] DEBUG | 截图: 3840x2160, 耗时=88ms
[2026-09-29 12:20:34] DEBUG | 匹配[快速]: 游戏中 (5游戏中2（中上）.png), conf=0.873, 18ms
[2026-09-29 12:20:34] DEBUG | 循环#38156 总耗时=111ms
[2026-09-29 12:20:35] DEBUG | 截图: 3840x2160, 耗时=87ms
[2026-09-29 12:20:35] DEBUG | 匹配[快速]: 游戏中 (5游戏中2（中上）.png), conf=0.873, 19ms
[2026-09-29 12:20:35] DEBUG | 循环#38157 总耗时=110ms
[2026-09-29 12:20:35] DEBUG | 截图: 3840x2160, 耗时=87ms
[2026-09-29 12:20:35] DEBUG | 匹配[快速]: 游戏中 (5游戏中2（中上）.png), conf=0.874, 18ms
[2026-09-29 12:20:35] DEBUG | 循环#38158 总耗时=109ms
[2026-09-29 12:20:35] DEBUG | 截图: 3840x2160, 耗时=85ms
[2026-09-29 12:20:35] DEBUG | 匹配[快速]: 游戏中 (5游戏中2（中上）.png), conf=0.871, 19ms
[2026-09-29 12:20:35] DEBUG | 循环#38159 总耗时=107ms
[2026-09-29 12:20:36] DEBUG | 截图: 3840x2160, 耗时=89ms
[2026-09-29 12:20:36] DEBUG | 匹配[快速]: 游戏中 (5游戏中2（中上）.png), conf=0.873, 19ms
[2026-09-29 12:20:36] INFO | [游戏中] 按I键
[2026-09-29 12:20:36] DEBUG | 按键 i: 三重发送开始 (scan=0x17, vk=0x49)
[2026-09-29 12:20:36] INFO | 按键: i(扫描码=0x17), 持续 0.3s
[2026-09-29 12:20:36] DEBUG | 循环#38160 总耗时=414ms
[2026-09-29 12:20:36] DEBUG | 截图: 3840x2160, 耗时=88ms
[2026-09-29 12:20:36] DEBUG | 匹配[快速]: 游戏中 (5游戏中2（中上）.png), conf=0.873, 18ms
[2026-09-29 12:20:36] DEBUG | 循环#38161 总耗时=109ms
[2026-09-29 12:20:36] DEBUG | 截图: 3840x2160, 耗时=90ms
[2026-09-29 12:20:36] DEBUG | 匹配[快速]: 游戏中 (5游戏中2（中上）.png), conf=0.874, 17ms
[2026-09-29 12:20:36] DEBUG | 循环#38162 总耗时=111ms
[2026-09-29 12:20:37] DEBUG | 截图: 3840x2160, 耗时=86ms
[2026-09-29 12:20:37] DEBUG | 匹配[快速]: 游戏中 (5游戏中2（中上）.png), conf=0.877, 16ms
[2026-09-29 12:20:37] DEBUG | 循环#38163 总耗时=106ms
[2026-09-29 12:20:37] DEBUG | 截图: 3840x2160, 耗时=84ms
[2026-09-29 12:20:37] DEBUG | 匹配[快速]: 游戏中 (5游戏中2（中上）.png), conf=0.876, 18ms
[2026-09-29 12:20:37] DEBUG | 循环#38164 总耗时=106ms
[2026-09-29 12:20:37] DEBUG | 截图: 3840x2160, 耗时=85ms
[2026-09-29 12:20:37] DEBUG | 匹配[快速]: 游戏中 (5游戏中2（中上）.png), conf=0.870, 18ms
[2026-09-29 12:20:37] DEBUG | 循环#38165 总耗时=106ms
[2026-09-29 12:20:38] DEBUG | 截图: 3840x2160, 耗时=84ms
[2026-09-29 12:20:38] DEBUG | 匹配[快速]: 游戏中 (5游戏中2（中上）.png), conf=0.878, 18ms
[2026-09-29 12:20:38] DEBUG | 循环#38166 总耗时=104ms
[2026-09-29 12:20:38] DEBUG | 截图: 3840x2160, 耗时=85ms
[2026-09-29 12:20:38] DEBUG | 匹配[快速]: 游戏中 (5游戏中2（中上）.png), conf=0.876, 17ms
[2026-09-29 12:20:38] DEBUG | 循环#38167 总耗时=105ms
[2026-09-29 12:20:38] DEBUG | 截图: 3840x2160, 耗时=85ms
[2026-09-29 12:20:38] DEBUG | 匹配[快速]: 游戏中 (5游戏中2（中上）.png), conf=0.879, 17ms
[2026-09-29 12:20:38] DEBUG | 循环#38168 总耗时=106ms
[2026-09-29 12:20:38] DEBUG | 截图: 3840x2160, 耗时=89ms
[2026-09-29 12:20:38] DEBUG | 匹配[快速]: 游戏中 (5游戏中2（中上）.png), conf=0.871, 18ms
[2026-09-29 12:20:38] DEBUG | 循环#38169 总耗时=111ms
[2026-09-29 12:20:39] DEBUG | 截图: 3840x2160, 耗时=79ms
[2026-09-29 12:20:39] DEBUG | 匹配[快速]: 游戏中 (5游戏中2（中上）.png), conf=0.873, 16ms
[2026-09-29 12:20:39] INFO | [游戏中] 按I键
[2026-09-29 12:20:39] DEBUG | 按键 i: 三重发送开始 (scan=0x17, vk=0x49)
[2026-09-29 12:20:39] INFO | 按键: i(扫描码=0x17), 持续 0.3s
[2026-09-29 12:20:39] DEBUG | 循环#38170 总耗时=401ms
[2026-09-29 12:20:39] DEBUG | 截图: 3840x2160, 耗时=88ms
[2026-09-29 12:20:39] DEBUG | 匹配[快速]: 游戏中 (5游戏中2（中上）.png), conf=0.868, 18ms
[2026-09-29 12:20:39] DEBUG | 循环#38171 总耗时=109ms
[2026-09-29 12:20:39] DEBUG | 截图: 3840x2160, 耗时=84ms
[2026-09-29 12:20:39] DEBUG | 匹配[快速]: 游戏中 (5游戏中2（中上）.png), conf=0.870, 18ms
[2026-09-29 12:20:39] DEBUG | 循环#38172 总耗时=105ms
[2026-09-29 12:20:40] DEBUG | 截图: 3840x2160, 耗时=84ms
[2026-09-29 12:20:40] DEBUG | 匹配[快速]: 游戏中 (5游戏中2（中上）.png), conf=0.870, 19ms
[2026-09-29 12:20:40] DEBUG | 循环#38173 总耗时=107ms
[2026-09-29 12:20:40] DEBUG | 截图: 3840x2160, 耗时=86ms
[2026-09-29 12:20:40] DEBUG | 匹配[快速]: 游戏中 (5游戏中2（中上）.png), conf=0.872, 16ms
[2026-09-29 12:20:40] DEBUG | 循环#38174 总耗时=106ms
[2026-09-29 12:20:40] DEBUG | 截图: 3840x2160, 耗时=85ms
[2026-09-29 12:20:40] DEBUG | 匹配[快速]: 游戏中 (5游戏中2（中上）.png), conf=0.870, 19ms
[2026-09-29 12:20:40] DEBUG | 循环#38175 总耗时=108ms
[2026-09-29 12:20:41] DEBUG | 截图: 3840x2160, 耗时=89ms
[2026-09-29 12:20:41] DEBUG | 匹配[快速]: 游戏中 (5游戏中2（中上）.png), conf=0.876, 17ms
[2026-09-29 12:20:41] DEBUG | 循环#38176 总耗时=109ms
[2026-09-29 12:20:41] DEBUG | 截图: 3840x2160, 耗时=85ms
[2026-09-29 12:20:41] DEBUG | 匹配[快速]: 游戏中 (5游戏中2（中上）.png), conf=0.872, 19ms
[2026-09-29 12:20:41] DEBUG | 循环#38177 总耗时=106ms
[2026-09-29 12:20:41] DEBUG | 截图: 3840x2160, 耗时=86ms
[2026-09-29 12:20:41] DEBUG | 匹配[快速]: 游戏中 (5游戏中2（中上）.png), conf=0.871, 17ms
[2026-09-29 12:20:41] DEBUG | 循环#38178 总耗时=106ms
[2026-09-29 12:20:42] DEBUG | 截图: 3840x2160, 耗时=82ms
[2026-09-29 12:20:42] DEBUG | 匹配[快速]: 游戏中 (5游戏中2（中上）.png), conf=0.870, 18ms
[2026-09-29 12:20:42] DEBUG | 循环#38179 总耗时=103ms
[2026-09-29 12:20:42] DEBUG | 截图: 3840x2160, 耗时=83ms
[2026-09-29 12:20:42] DEBUG | 匹配[快速]: 游戏中 (5游戏中2（中上）.png), conf=0.867, 18ms
[2026-09-29 12:20:42] INFO | [游戏中] 按I键
[2026-09-29 12:20:42] DEBUG | 按键 i: 三重发送开始 (scan=0x17, vk=0x49)
[2026-09-29 12:20:42] INFO | 按键: i(扫描码=0x17), 持续 0.3s
[2026-09-29 12:20:42] DEBUG | 循环#38180 总耗时=405ms
[2026-09-29 12:20:42] DEBUG | 截图: 3840x2160, 耗时=85ms
[2026-09-29 12:20:42] DEBUG | 匹配[快速]: 游戏中 (5游戏中2（中上）.png), conf=0.871, 19ms
[2026-09-29 12:20:42] DEBUG | 循环#38181 总耗时=106ms
[2026-09-29 12:20:43] DEBUG | 截图: 3840x2160, 耗时=90ms
[2026-09-29 12:20:43] DEBUG | 匹配[快速]: 游戏中 (5游戏中2（中上）.png), conf=0.870, 19ms
[2026-09-29 12:20:43] DEBUG | 循环#38182 总耗时=112ms
[2026-09-29 12:20:43] DEBUG | 截图: 3840x2160, 耗时=85ms
[2026-09-29 12:20:43] DEBUG | 匹配[快速]: 游戏中 (5游戏中2（中上）.png), conf=0.870, 19ms
[2026-09-29 12:20:43] DEBUG | 循环#38183 总耗时=107ms
[2026-09-29 12:20:43] DEBUG | 截图: 3840x2160, 耗时=94ms
[2026-09-29 12:20:43] DEBUG | 匹配[快速]: 游戏中 (5游戏中2（中上）.png), conf=0.867, 17ms
[2026-09-29 12:20:43] DEBUG | 循环#38184 总耗时=113ms
[2026-09-29 12:20:43] DEBUG | 截图: 3840x2160, 耗时=86ms
[2026-09-29 12:20:43] DEBUG | 匹配[快速]: 游戏中 (5游戏中2（中上）.png), conf=0.866, 18ms
[2026-09-29 12:20:43] DEBUG | 循环#38185 总耗时=107ms
[2026-09-29 12:20:44] DEBUG | 截图: 3840x2160, 耗时=85ms
[2026-09-29 12:20:44] DEBUG | 匹配[快速]: 游戏中 (5游戏中2（中上）.png), conf=0.865, 18ms
[2026-09-29 12:20:44] DEBUG | 循环#38186 总耗时=106ms
[2026-09-29 12:20:44] DEBUG | 截图: 3840x2160, 耗时=85ms
[2026-09-29 12:20:44] DEBUG | 匹配[快速]: 游戏中 (5游戏中2（中上）.png), conf=0.880, 18ms
[2026-09-29 12:20:44] DEBUG | 循环#38187 总耗时=105ms
[2026-09-29 12:20:44] DEBUG | 截图: 3840x2160, 耗时=89ms
[2026-09-29 12:20:44] DEBUG | 匹配[快速]: 游戏中 (5游戏中2（中上）.png), conf=0.880, 17ms
[2026-09-29 12:20:44] DEBUG | 循环#38188 总耗时=109ms
[2026-09-29 12:20:45] DEBUG | 截图: 3840x2160, 耗时=82ms
[2026-09-29 12:20:45] DEBUG | 匹配[快速]: 游戏中 (5游戏中2（中上）.png), conf=0.880, 17ms
[2026-09-29 12:20:45] DEBUG | 循环#38189 总耗时=102ms
[2026-09-29 12:20:45] DEBUG | 截图: 3840x2160, 耗时=91ms
[2026-09-29 12:20:45] DEBUG | 匹配[快速]: 游戏中 (5游戏中2（中上）.png), conf=0.880, 17ms
[2026-09-29 12:20:45] INFO | [游戏中] 按I键
[2026-09-29 12:20:45] DEBUG | 按键 i: 三重发送开始 (scan=0x17, vk=0x49)
[2026-09-29 12:20:45] INFO | 按键: i(扫描码=0x17), 持续 0.3s
[2026-09-29 12:20:45] DEBUG | 循环#38190 总耗时=413ms
[2026-09-29 12:20:45] DEBUG | 截图: 3840x2160, 耗时=84ms
[2026-09-29 12:20:45] DEBUG | 匹配[快速]: 游戏中 (5游戏中2（中上）.png), conf=0.880, 18ms
[2026-09-29 12:20:45] DEBUG | 循环#38191 总耗时=106ms
[2026-09-29 12:20:46] DEBUG | 截图: 3840x2160, 耗时=94ms
[2026-09-29 12:20:46] DEBUG | 匹配[快速]: 游戏中 (5游戏中2（中上）.png), conf=0.880, 19ms
[2026-09-29 12:20:46] DEBUG | 循环#38192 总耗时=116ms
[2026-09-29 12:20:46] DEBUG | 截图: 3840x2160, 耗时=94ms
[2026-09-29 12:20:46] DEBUG | 匹配[快速]: 游戏中 (5游戏中2（中上）.png), conf=0.879, 18ms
[2026-09-29 12:20:46] DEBUG | 循环#38193 总耗时=115ms
[2026-09-29 12:20:46] DEBUG | 截图: 3840x2160, 耗时=97ms
[2026-09-29 12:20:46] DEBUG | 匹配[快速]: 游戏中 (5游戏中2（中上）.png), conf=0.877, 19ms
[2026-09-29 12:20:46] DEBUG | 循环#38194 总耗时=120ms
[2026-09-29 12:20:47] DEBUG | 截图: 3840x2160, 耗时=91ms
[2026-09-29 12:20:47] DEBUG | 匹配[快速]: 游戏中 (5游戏中2（中上）.png), conf=0.880, 19ms
[2026-09-29 12:20:47] DEBUG | 循环#38195 总耗时=114ms
[2026-09-29 12:20:47] DEBUG | 截图: 3840x2160, 耗时=96ms
[2026-09-29 12:20:47] DEBUG | 匹配[快速]: 游戏中 (5游戏中2（中上）.png), conf=0.879, 19ms
[2026-09-29 12:20:47] DEBUG | 循环#38196 总耗时=119ms
[2026-09-29 12:20:47] DEBUG | 截图: 3840x2160, 耗时=91ms
[2026-09-29 12:20:47] DEBUG | 匹配[快速]: 游戏中 (5游戏中2（中上）.png), conf=0.879, 17ms
[2026-09-29 12:20:47] DEBUG | 循环#38197 总耗时=112ms
[2026-09-29 12:20:47] DEBUG | 截图: 3840x2160, 耗时=87ms
[2026-09-29 12:20:47] DEBUG | 匹配[快速]: 游戏中 (5游戏中2（中上）.png), conf=0.879, 20ms
[2026-09-29 12:20:47] DEBUG | 循环#38198 总耗时=111ms
[2026-09-29 12:20:48] DEBUG | 截图: 3840x2160, 耗时=87ms
[2026-09-29 12:20:48] DEBUG | 匹配[快速]: 游戏中 (5游戏中2（中上）.png), conf=0.879, 19ms
[2026-09-29 12:20:48] DEBUG | 循环#38199 总耗时=110ms
[2026-09-29 12:20:48] DEBUG | 截图: 3840x2160, 耗时=86ms
[2026-09-29 12:20:48] DEBUG | 匹配[快速]: 游戏中 (5游戏中2（中上）.png), conf=0.879, 20ms
[2026-09-29 12:20:48] INFO | [游戏中] 按I键
[2026-09-29 12:20:48] DEBUG | 按键 i: 三重发送开始 (scan=0x17, vk=0x49)
[2026-09-29 12:20:48] INFO | 按键: i(扫描码=0x17), 持续 0.3s
[2026-09-29 12:20:48] DEBUG | 循环#38200 总耗时=413ms
[2026-09-29 12:20:48] DEBUG | 截图: 3840x2160, 耗时=92ms
[2026-09-29 12:20:48] DEBUG | 匹配[快速]: 游戏中 (5游戏中2（中上）.png), conf=0.879, 18ms
[2026-09-29 12:20:48] DEBUG | 循环#38201 总耗时=115ms
[2026-09-29 12:20:49] DEBUG | 截图: 3840x2160, 耗时=85ms
[2026-09-29 12:20:49] DEBUG | 匹配[快速]: 游戏中 (5游戏中2（中上）.png), conf=0.879, 20ms
[2026-09-29 12:20:49] DEBUG | 循环#38202 总耗时=110ms
[2026-09-29 12:20:49] DEBUG | 截图: 3840x2160, 耗时=87ms
[2026-09-29 12:20:49] DEBUG | 匹配[快速]: 游戏中 (5游戏中2（中上）.png), conf=0.879, 20ms
[2026-09-29 12:20:49] DEBUG | 循环#38203 总耗时=111ms
[2026-09-29 12:20:49] DEBUG | 截图: 3840x2160, 耗时=82ms
[2026-09-29 12:20:49] DEBUG | 匹配[快速]: 游戏中 (5游戏中2（中上）.png), conf=0.879, 23ms
[2026-09-29 12:20:49] DEBUG | 循环#38204 总耗时=110ms
[2026-09-29 12:20:50] DEBUG | 截图: 3840x2160, 耗时=81ms
[2026-09-29 12:20:50] DEBUG | 匹配[快速]: 游戏中 (5游戏中2（中上）.png), conf=0.879, 17ms
[2026-09-29 12:20:50] DEBUG | 循环#38205 总耗时=102ms
[2026-09-29 12:20:50] DEBUG | 截图: 3840x2160, 耗时=77ms
[2026-09-29 12:20:50] DEBUG | 匹配[快速]: 游戏中 (5游戏中2（中上）.png), conf=0.879, 17ms
[2026-09-29 12:20:50] DEBUG | 循环#38206 总耗时=96ms
[2026-09-29 12:20:50] DEBUG | 截图: 3840x2160, 耗时=78ms
[2026-09-29 12:20:50] DEBUG | 匹配[快速]: 游戏中 (5游戏中2（中上）.png), conf=0.878, 19ms
[2026-09-29 12:20:50] DEBUG | 循环#38207 总耗时=100ms
[2026-09-29 12:20:51] DEBUG | 截图: 3840x2160, 耗时=79ms
[2026-09-29 12:20:51] DEBUG | 匹配[快速]: 游戏中 (5游戏中2（中上）.png), conf=0.878, 17ms
[2026-09-29 12:20:51] DEBUG | 循环#38208 总耗时=98ms
[2026-09-29 12:20:51] DEBUG | 截图: 3840x2160, 耗时=85ms
[2026-09-29 12:20:51] DEBUG | 匹配[快速]: 游戏中 (5游戏中2（中上）.png), conf=0.879, 17ms
[2026-09-29 12:20:51] DEBUG | 循环#38209 总耗时=105ms
[2026-09-29 12:20:51] DEBUG | 截图: 3840x2160, 耗时=85ms
[2026-09-29 12:20:51] DEBUG | 匹配[快速]: 游戏中 (5游戏中2（中上）.png), conf=0.879, 17ms
[2026-09-29 12:20:51] INFO | [游戏中] 按I键
[2026-09-29 12:20:51] DEBUG | 按键 i: 三重发送开始 (scan=0x17, vk=0x49)
[2026-09-29 12:20:51] INFO | 按键: i(扫描码=0x17), 持续 0.3s
[2026-09-29 12:20:51] DEBUG | 循环#38210 总耗时=406ms
[2026-09-29 12:20:52] DEBUG | 截图: 3840x2160, 耗时=78ms
[2026-09-29 12:20:52] DEBUG | 匹配[快速]: 游戏中 (5游戏中2（中上）.png), conf=0.870, 18ms
[2026-09-29 12:20:52] DEBUG | 循环#38211 总耗时=99ms
[2026-09-29 12:20:52] DEBUG | 截图: 3840x2160, 耗时=86ms
[2026-09-29 12:20:52] DEBUG | 匹配[快速]: 游戏中 (5游戏中2（中上）.png), conf=0.871, 17ms
[2026-09-29 12:20:52] DEBUG | 循环#38212 总耗时=105ms
[2026-09-29 12:20:52] DEBUG | 截图: 3840x2160, 耗时=83ms
[2026-09-29 12:20:52] DEBUG | 匹配[快速]: 游戏中 (5游戏中2（中上）.png), conf=0.871, 18ms
[2026-09-29 12:20:52] DEBUG | 循环#38213 总耗时=103ms
[2026-09-29 12:20:52] DEBUG | 截图: 3840x2160, 耗时=86ms
[2026-09-29 12:20:52] DEBUG | 匹配[快速]: 游戏中 (5游戏中2（中上）.png), conf=0.870, 17ms
[2026-09-29 12:20:52] DEBUG | 循环#38214 总耗时=107ms
[2026-09-29 12:20:53] DEBUG | 截图: 3840x2160, 耗时=82ms
[2026-09-29 12:20:53] DEBUG | 匹配[快速]: 游戏中 (5游戏中2（中上）.png), conf=0.871, 18ms
[2026-09-29 12:20:53] DEBUG | 循环#38215 总耗时=103ms
[2026-09-29 12:20:53] DEBUG | 截图: 3840x2160, 耗时=83ms
[2026-09-29 12:20:53] DEBUG | 匹配[快速]: 游戏中 (5游戏中2（中上）.png), conf=0.870, 17ms
[2026-09-29 12:20:53] DEBUG | 循环#38216 总耗时=103ms
[2026-09-29 12:20:53] DEBUG | 截图: 3840x2160, 耗时=85ms
[2026-09-29 12:20:53] DEBUG | 匹配[快速]: 游戏中 (5游戏中2（中上）.png), conf=0.871, 17ms
[2026-09-29 12:20:53] DEBUG | 循环#38217 总耗时=105ms
[2026-09-29 12:20:54] DEBUG | 截图: 3840x2160, 耗时=84ms
[2026-09-29 12:20:54] DEBUG | 匹配[快速]: 游戏中 (5游戏中2（中上）.png), conf=0.878, 18ms
[2026-09-29 12:20:54] DEBUG | 循环#38218 总耗时=107ms
[2026-09-29 12:20:54] DEBUG | 截图: 3840x2160, 耗时=86ms
[2026-09-29 12:20:54] DEBUG | 匹配[快速]: 游戏中 (5游戏中2（中上）.png), conf=0.878, 16ms
[2026-09-29 12:20:54] DEBUG | 循环#38219 总耗时=105ms
[2026-09-29 12:20:54] DEBUG | 截图: 3840x2160, 耗时=86ms
[2026-09-29 12:20:54] DEBUG | 匹配[快速]: 游戏中 (5游戏中2（中上）.png), conf=0.879, 18ms
[2026-09-29 12:20:54] INFO | [游戏中] 按I键
[2026-09-29 12:20:54] DEBUG | 按键 i: 三重发送开始 (scan=0x17, vk=0x49)
[2026-09-29 12:20:55] INFO | 按键: i(扫描码=0x17), 持续 0.3s
[2026-09-29 12:20:55] DEBUG | 循环#38220 总耗时=410ms
[2026-09-29 12:20:55] DEBUG | 截图: 3840x2160, 耗时=94ms
[2026-09-29 12:20:55] DEBUG | 匹配[快速]: 游戏中 (5游戏中2（中上）.png), conf=0.878, 17ms
[2026-09-29 12:20:55] DEBUG | 循环#38221 总耗时=115ms
[2026-09-29 12:20:55] DEBUG | 截图: 3840x2160, 耗时=90ms
[2026-09-29 12:20:55] DEBUG | 匹配[快速]: 游戏中 (5游戏中2（中上）.png), conf=0.879, 19ms
[2026-09-29 12:20:55] DEBUG | 循环#38222 总耗时=112ms
[2026-09-29 12:20:55] DEBUG | 截图: 3840x2160, 耗时=86ms
[2026-09-29 12:20:55] DEBUG | 匹配[快速]: 游戏中 (5游戏中2（中上）.png), conf=0.879, 17ms
[2026-09-29 12:20:55] DEBUG | 循环#38223 总耗时=106ms
[2026-09-29 12:20:56] DEBUG | 截图: 3840x2160, 耗时=87ms
[2026-09-29 12:20:56] DEBUG | 匹配[快速]: 游戏中 (5游戏中2（中上）.png), conf=0.871, 18ms
[2026-09-29 12:20:56] DEBUG | 循环#38224 总耗时=109ms
[2026-09-29 12:20:56] DEBUG | 截图: 3840x2160, 耗时=88ms
[2026-09-29 12:20:56] DEBUG | 匹配[快速]: 游戏中 (5游戏中2（中上）.png), conf=0.867, 17ms
[2026-09-29 12:20:56] DEBUG | 循环#38225 总耗时=108ms
[2026-09-29 12:20:56] DEBUG | 截图: 3840x2160, 耗时=94ms
[2026-09-29 12:20:56] DEBUG | 匹配[快速]: 游戏中 (5游戏中2（中上）.png), conf=0.877, 19ms
[2026-09-29 12:20:56] DEBUG | 循环#38226 总耗时=116ms
[2026-09-29 12:20:56] DEBUG | 截图: 3840x2160, 耗时=87ms
[2026-09-29 12:20:57] DEBUG | 匹配[快速]: 游戏中 (5游戏中2（中上）.png), conf=0.867, 20ms
[2026-09-29 12:20:57] DEBUG | 循环#38227 总耗时=111ms
[2026-09-29 12:20:57] DEBUG | 截图: 3840x2160, 耗时=90ms
[2026-09-29 12:20:57] DEBUG | 匹配[快速]: 游戏中 (5游戏中2（中上）.png), conf=0.878, 17ms
[2026-09-29 12:20:57] DEBUG | 循环#38228 总耗时=111ms
[2026-09-29 12:20:57] DEBUG | 截图: 3840x2160, 耗时=88ms
[2026-09-29 12:20:57] DEBUG | 匹配[快速]: 游戏中 (5游戏中2（中上）.png), conf=0.870, 18ms
[2026-09-29 12:20:57] DEBUG | 循环#38229 总耗时=109ms
[2026-09-29 12:20:57] DEBUG | 截图: 3840x2160, 耗时=89ms
[2026-09-29 12:20:57] DEBUG | 匹配[快速]: 游戏中 (5游戏中2（中上）.png), conf=0.871, 18ms
[2026-09-29 12:20:57] INFO | [游戏中] 按I键
[2026-09-29 12:20:57] DEBUG | 按键 i: 三重发送开始 (scan=0x17, vk=0x49)
[2026-09-29 12:20:58] INFO | 按键: i(扫描码=0x17), 持续 0.3s
[2026-09-29 12:20:58] DEBUG | 循环#38230 总耗时=414ms
[2026-09-29 12:20:58] DEBUG | 截图: 3840x2160, 耗时=87ms
[2026-09-29 12:20:58] DEBUG | 匹配[快速]: 游戏中 (5游戏中2（中上）.png), conf=0.871, 17ms
[2026-09-29 12:20:58] DEBUG | 循环#38231 总耗时=108ms
[2026-09-29 12:20:58] DEBUG | 截图: 3840x2160, 耗时=90ms
[2026-09-29 12:20:58] DEBUG | 匹配[快速]: 游戏中 (5游戏中2（中上）.png), conf=0.871, 18ms
[2026-09-29 12:20:58] DEBUG | 循环#38232 总耗时=113ms
[2026-09-29 12:20:58] DEBUG | 截图: 3840x2160, 耗时=88ms
[2026-09-29 12:20:58] DEBUG | 匹配[快速]: 游戏中 (5游戏中2（中上）.png), conf=0.872, 18ms
[2026-09-29 12:20:58] DEBUG | 循环#38233 总耗时=110ms
[2026-09-29 12:20:59] DEBUG | 截图: 3840x2160, 耗时=91ms
[2026-09-29 12:20:59] DEBUG | 匹配[快速]: 游戏中 (5游戏中2（中上）.png), conf=0.872, 18ms
[2026-09-29 12:20:59] DEBUG | 循环#38234 总耗时=113ms
[2026-09-29 12:20:59] DEBUG | 截图: 3840x2160, 耗时=95ms
[2026-09-29 12:20:59] DEBUG | 匹配[快速]: 游戏中 (5游戏中2（中上）.png), conf=0.876, 18ms
[2026-09-29 12:20:59] DEBUG | 循环#38235 总耗时=117ms
[2026-09-29 12:20:59] DEBUG | 截图: 3840x2160, 耗时=91ms
[2026-09-29 12:20:59] DEBUG | 匹配[快速]: 游戏中 (5游戏中2（中上）.png), conf=0.871, 20ms
[2026-09-29 12:20:59] DEBUG | 循环#38236 总耗时=115ms
[2026-09-29 12:21:00] DEBUG | 截图: 3840x2160, 耗时=97ms
[2026-09-29 12:21:00] DEBUG | 匹配[快速]: 游戏中 (5游戏中2（中上）.png), conf=0.871, 19ms
[2026-09-29 12:21:00] DEBUG | 循环#38237 总耗时=120ms
[2026-09-29 12:21:00] DEBUG | 截图: 3840x2160, 耗时=93ms
[2026-09-29 12:21:00] DEBUG | 匹配[快速]: 游戏中 (5游戏中2（中上）.png), conf=0.873, 19ms
[2026-09-29 12:21:00] DEBUG | 循环#38238 总耗时=116ms
[2026-09-29 12:21:00] DEBUG | 截图: 3840x2160, 耗时=96ms
[2026-09-29 12:21:00] DEBUG | 匹配[快速]: 游戏中 (5游戏中2（中上）.png), conf=0.876, 20ms
[2026-09-29 12:21:00] DEBUG | 循环#38239 总耗时=120ms
[2026-09-29 12:21:01] DEBUG | 截图: 3840x2160, 耗时=89ms
[2026-09-29 12:21:01] DEBUG | 匹配[快速]: 游戏中 (5游戏中2（中上）.png), conf=0.870, 18ms
[2026-09-29 12:21:01] INFO | [游戏中] 按I键
[2026-09-29 12:21:01] DEBUG | 按键 i: 三重发送开始 (scan=0x17, vk=0x49)
[2026-09-29 12:21:01] INFO | 按键: i(扫描码=0x17), 持续 0.3s
[2026-09-29 12:21:01] DEBUG | 循环#38240 总耗时=413ms
[2026-09-29 12:21:01] DEBUG | 截图: 3840x2160, 耗时=104ms
[2026-09-29 12:21:01] DEBUG | 匹配[快速]: 游戏中 (5游戏中2（中上）.png), conf=0.877, 21ms
[2026-09-29 12:21:01] DEBUG | 循环#38241 总耗时=129ms
[2026-09-29 12:21:01] DEBUG | 截图: 3840x2160, 耗时=95ms
[2026-09-29 12:21:01] DEBUG | 匹配[快速]: 游戏中 (5游戏中2（中上）.png), conf=0.870, 24ms
[2026-09-29 12:21:01] DEBUG | 循环#38242 总耗时=124ms
[2026-09-29 12:21:02] DEBUG | 截图: 3840x2160, 耗时=87ms
[2026-09-29 12:21:02] DEBUG | 匹配[快速]: 游戏中 (5游戏中2（中上）.png), conf=0.870, 22ms
[2026-09-29 12:21:02] DEBUG | 循环#38243 总耗时=113ms
[2026-09-29 12:21:02] DEBUG | 截图: 3840x2160, 耗时=79ms
[2026-09-29 12:21:02] DEBUG | 匹配[快速]: 游戏中 (5游戏中2（中上）.png), conf=0.870, 17ms
[2026-09-29 12:21:02] DEBUG | 循环#38244 总耗时=99ms
[2026-09-29 12:21:02] DEBUG | 截图: 3840x2160, 耗时=82ms
[2026-09-29 12:21:02] DEBUG | 匹配[快速]: 游戏中 (5游戏中2（中上）.png), conf=0.868, 18ms
[2026-09-29 12:21:02] DEBUG | 循环#38245 总耗时=103ms
[2026-09-29 12:21:02] DEBUG | 截图: 3840x2160, 耗时=86ms
[2026-09-29 12:21:02] DEBUG | 匹配[快速]: 游戏中 (5游戏中2（中上）.png), conf=0.874, 18ms
[2026-09-29 12:21:02] DEBUG | 循环#38246 总耗时=107ms
[2026-09-29 12:21:03] DEBUG | 截图: 3840x2160, 耗时=85ms
[2026-09-29 12:21:03] DEBUG | 匹配[快速]: 游戏中 (5游戏中2（中上）.png), conf=0.874, 18ms
[2026-09-29 12:21:03] DEBUG | 循环#38247 总耗时=105ms
[2026-09-29 12:21:03] DEBUG | 截图: 3840x2160, 耗时=86ms
[2026-09-29 12:21:03] DEBUG | 匹配[快速]: 游戏中 (5游戏中2（中上）.png), conf=0.875, 17ms
[2026-09-29 12:21:03] DEBUG | 循环#38248 总耗时=105ms
[2026-09-29 12:21:03] DEBUG | 截图: 3840x2160, 耗时=85ms
[2026-09-29 12:21:03] DEBUG | 匹配[快速]: 游戏中 (5游戏中2（中上）.png), conf=0.875, 18ms
[2026-09-29 12:21:03] DEBUG | 循环#38249 总耗时=105ms
[2026-09-29 12:21:04] DEBUG | 截图: 3840x2160, 耗时=92ms
[2026-09-29 12:21:04] DEBUG | 匹配[快速]: 游戏中 (5游戏中2（中上）.png), conf=0.877, 18ms
[2026-09-29 12:21:04] INFO | [游戏中] 按I键
[2026-09-29 12:21:04] DEBUG | 按键 i: 三重发送开始 (scan=0x17, vk=0x49)
[2026-09-29 12:21:04] INFO | 按键: i(扫描码=0x17), 持续 0.3s
[2026-09-29 12:21:04] DEBUG | 循环#38250 总耗时=415ms
[2026-09-29 12:21:04] DEBUG | 截图: 3840x2160, 耗时=85ms
[2026-09-29 12:21:04] DEBUG | 匹配[快速]: 游戏中 (5游戏中2（中上）.png), conf=0.871, 19ms
[2026-09-29 12:21:04] DEBUG | 循环#38251 总耗时=107ms
[2026-09-29 12:21:04] DEBUG | 截图: 3840x2160, 耗时=85ms
[2026-09-29 12:21:04] DEBUG | 匹配[快速]: 游戏中 (5游戏中2（中上）.png), conf=0.871, 17ms
[2026-09-29 12:21:04] DEBUG | 循环#38252 总耗时=104ms
[2026-09-29 12:21:05] DEBUG | 截图: 3840x2160, 耗时=84ms
[2026-09-29 12:21:05] DEBUG | 匹配[快速]: 游戏中 (5游戏中2（中上）.png), conf=0.872, 18ms
[2026-09-29 12:21:05] DEBUG | 循环#38253 总耗时=105ms
[2026-09-29 12:21:05] DEBUG | 截图: 3840x2160, 耗时=84ms
[2026-09-29 12:21:05] DEBUG | 匹配[快速]: 游戏中 (5游戏中2（中上）.png), conf=0.871, 20ms
[2026-09-29 12:21:05] DEBUG | 循环#38254 总耗时=106ms
[2026-09-29 12:21:05] DEBUG | 截图: 3840x2160, 耗时=86ms
[2026-09-29 12:21:05] DEBUG | 匹配[快速]: 游戏中 (5游戏中2（中上）.png), conf=0.871, 18ms
[2026-09-29 12:21:05] DEBUG | 循环#38255 总耗时=106ms
[2026-09-29 12:21:06] DEBUG | 截图: 3840x2160, 耗时=86ms
[2026-09-29 12:21:06] DEBUG | 匹配[快速]: 游戏中 (5游戏中2（中上）.png), conf=0.871, 19ms
[2026-09-29 12:21:06] DEBUG | 循环#38256 总耗时=108ms
[2026-09-29 12:21:06] DEBUG | 截图: 3840x2160, 耗时=88ms
[2026-09-29 12:21:06] DEBUG | 匹配[快速]: 游戏中 (5游戏中2（中上）.png), conf=0.871, 17ms
[2026-09-29 12:21:06] DEBUG | 循环#38257 总耗时=107ms
[2026-09-29 12:21:06] DEBUG | 截图: 3840x2160, 耗时=91ms
[2026-09-29 12:21:06] DEBUG | 匹配[快速]: 游戏中 (5游戏中2（中上）.png), conf=0.872, 17ms
[2026-09-29 12:21:06] DEBUG | 循环#38258 总耗时=111ms
[2026-09-29 12:21:06] DEBUG | 截图: 3840x2160, 耗时=84ms
[2026-09-29 12:21:06] DEBUG | 匹配[快速]: 游戏中 (5游戏中2（中上）.png), conf=0.872, 18ms
[2026-09-29 12:21:06] DEBUG | 循环#38259 总耗时=105ms
[2026-09-29 12:21:07] DEBUG | 截图: 3840x2160, 耗时=83ms
[2026-09-29 12:21:07] DEBUG | 匹配[快速]: 游戏中 (5游戏中2（中上）.png), conf=0.872, 17ms
[2026-09-29 12:21:07] INFO | [游戏中] 按I键
[2026-09-29 12:21:07] DEBUG | 按键 i: 三重发送开始 (scan=0x17, vk=0x49)
[2026-09-29 12:21:07] INFO | 按键: i(扫描码=0x17), 持续 0.3s
[2026-09-29 12:21:07] DEBUG | 循环#38260 总耗时=405ms
[2026-09-29 12:21:07] DEBUG | 截图: 3840x2160, 耗时=85ms
[2026-09-29 12:21:07] DEBUG | 匹配[快速]: 游戏中 (5游戏中2（中上）.png), conf=0.872, 18ms
[2026-09-29 12:21:07] DEBUG | 循环#38261 总耗时=106ms
[2026-09-29 12:21:07] DEBUG | 截图: 3840x2160, 耗时=84ms
[2026-09-29 12:21:07] DEBUG | 匹配[快速]: 游戏中 (5游戏中2（中上）.png), conf=0.875, 17ms
[2026-09-29 12:21:07] DEBUG | 循环#38262 总耗时=105ms
[2026-09-29 12:21:08] DEBUG | 截图: 3840x2160, 耗时=85ms
[2026-09-29 12:21:08] DEBUG | 匹配[快速]: 游戏中 (5游戏中2（中上）.png), conf=0.880, 17ms
[2026-09-29 12:21:08] DEBUG | 循环#38263 总耗时=105ms
[2026-09-29 12:21:08] DEBUG | 截图: 3840x2160, 耗时=84ms
[2026-09-29 12:21:08] DEBUG | 匹配[快速]: 游戏中 (5游戏中2（中上）.png), conf=0.879, 17ms
[2026-09-29 12:21:08] DEBUG | 循环#38264 总耗时=103ms
[2026-09-29 12:21:08] DEBUG | 截图: 3840x2160, 耗时=83ms
[2026-09-29 12:21:08] DEBUG | 匹配[快速]: 游戏中 (5游戏中2（中上）.png), conf=0.878, 18ms
[2026-09-29 12:21:08] DEBUG | 循环#38265 总耗时=104ms
[2026-09-29 12:21:09] DEBUG | 截图: 3840x2160, 耗时=84ms
[2026-09-29 12:21:09] DEBUG | 匹配[快速]: 游戏中 (5游戏中2（中上）.png), conf=0.871, 18ms
[2026-09-29 12:21:09] DEBUG | 循环#38266 总耗时=105ms
[2026-09-29 12:21:09] DEBUG | 截图: 3840x2160, 耗时=85ms
[2026-09-29 12:21:09] DEBUG | 匹配[快速]: 游戏中 (5游戏中2（中上）.png), conf=0.872, 20ms
[2026-09-29 12:21:09] DEBUG | 循环#38267 总耗时=107ms
[2026-09-29 12:21:09] DEBUG | 截图: 3840x2160, 耗时=87ms
[2026-09-29 12:21:09] DEBUG | 匹配[快速]: 游戏中 (5游戏中2（中上）.png), conf=0.871, 18ms
[2026-09-29 12:21:09] DEBUG | 循环#38268 总耗时=108ms
[2026-09-29 12:21:10] DEBUG | 截图: 3840x2160, 耗时=82ms
[2026-09-29 12:21:10] DEBUG | 匹配[快速]: 游戏中 (5游戏中2（中上）.png), conf=0.870, 17ms
[2026-09-29 12:21:10] DEBUG | 循环#38269 总耗时=102ms
[2026-09-29 12:21:10] DEBUG | 截图: 3840x2160, 耗时=82ms
[2026-09-29 12:21:10] DEBUG | 匹配[快速]: 游戏中 (5游戏中2（中上）.png), conf=0.875, 19ms
[2026-09-29 12:21:10] INFO | [游戏中] 按I键
[2026-09-29 12:21:10] DEBUG | 按键 i: 三重发送开始 (scan=0x17, vk=0x49)
[2026-09-29 12:21:10] INFO | 按键: i(扫描码=0x17), 持续 0.3s
[2026-09-29 12:21:10] DEBUG | 循环#38270 总耗时=406ms
[2026-09-29 12:21:10] DEBUG | 截图: 3840x2160, 耗时=91ms
[2026-09-29 12:21:10] DEBUG | 匹配[快速]: 游戏中 (5游戏中2（中上）.png), conf=0.870, 19ms
[2026-09-29 12:21:10] DEBUG | 循环#38271 总耗时=113ms
[2026-09-29 12:21:11] DEBUG | 截图: 3840x2160, 耗时=90ms
[2026-09-29 12:21:11] DEBUG | 匹配[快速]: 游戏中 (5游戏中2（中上）.png), conf=0.874, 19ms
[2026-09-29 12:21:11] DEBUG | 循环#38272 总耗时=112ms
[2026-09-29 12:21:11] DEBUG | 截图: 3840x2160, 耗时=91ms
[2026-09-29 12:21:11] DEBUG | 匹配[快速]: 游戏中 (5游戏中2（中上）.png), conf=0.878, 17ms
[2026-09-29 12:21:11] DEBUG | 循环#38273 总耗时=112ms
[2026-09-29 12:21:11] DEBUG | 截图: 3840x2160, 耗时=85ms
[2026-09-29 12:21:11] DEBUG | 匹配[快速]: 游戏中 (5游戏中2（中上）.png), conf=0.873, 20ms
[2026-09-29 12:21:11] DEBUG | 循环#38274 总耗时=109ms
[2026-09-29 12:21:11] DEBUG | 截图: 3840x2160, 耗时=93ms
[2026-09-29 12:21:11] DEBUG | 匹配[快速]: 游戏中 (5游戏中2（中上）.png), conf=0.869, 16ms
[2026-09-29 12:21:11] DEBUG | 循环#38275 总耗时=112ms
[2026-09-29 12:21:12] DEBUG | 截图: 3840x2160, 耗时=84ms
[2026-09-29 12:21:12] DEBUG | 匹配[快速]: 游戏中 (5游戏中2（中上）.png), conf=0.870, 18ms
[2026-09-29 12:21:12] DEBUG | 循环#38276 总耗时=106ms
[2026-09-29 12:21:12] DEBUG | 截图: 3840x2160, 耗时=94ms
[2026-09-29 12:21:12] DEBUG | 匹配[快速]: 游戏中 (5游戏中2（中上）.png), conf=0.865, 18ms
[2026-09-29 12:21:12] DEBUG | 循环#38277 总耗时=116ms
[2026-09-29 12:21:12] DEBUG | 截图: 3840x2160, 耗时=89ms
[2026-09-29 12:21:12] DEBUG | 匹配[快速]: 游戏中 (5游戏中2（中上）.png), conf=0.868, 16ms
[2026-09-29 12:21:12] DEBUG | 循环#38278 总耗时=109ms
[2026-09-29 12:21:13] DEBUG | 截图: 3840x2160, 耗时=87ms
[2026-09-29 12:21:13] DEBUG | 匹配[快速]: 游戏中 (5游戏中2（中上）.png), conf=0.868, 21ms
[2026-09-29 12:21:13] DEBUG | 循环#38279 总耗时=112ms
[2026-09-29 12:21:13] DEBUG | 截图: 3840x2160, 耗时=130ms
[2026-09-29 12:21:13] DEBUG | 匹配[快速]: 游戏中 (5游戏中2（中上）.png), conf=0.870, 22ms
[2026-09-29 12:21:13] INFO | [游戏中] 按I键
[2026-09-29 12:21:13] DEBUG | 按键 i: 三重发送开始 (scan=0x17, vk=0x49)
[2026-09-29 12:21:13] INFO | 按键: i(扫描码=0x17), 持续 0.3s
[2026-09-29 12:21:13] DEBUG | 循环#38280 总耗时=459ms
[2026-09-29 12:21:13] DEBUG | 截图: 3840x2160, 耗时=100ms
[2026-09-29 12:21:13] DEBUG | 匹配[快速]: 游戏中 (5游戏中2（中上）.png), conf=0.870, 19ms
[2026-09-29 12:21:13] DEBUG | 循环#38281 总耗时=122ms
[2026-09-29 12:21:14] DEBUG | 截图: 3840x2160, 耗时=99ms
[2026-09-29 12:21:14] DEBUG | 匹配[快速]: 游戏中 (5游戏中2（中上）.png), conf=0.870, 18ms
[2026-09-29 12:21:14] DEBUG | 循环#38282 总耗时=121ms
[2026-09-29 12:21:14] DEBUG | 截图: 3840x2160, 耗时=76ms
[2026-09-29 12:21:14] DEBUG | 匹配[快速]: 游戏中 (5游戏中2（中上）.png), conf=0.870, 19ms
[2026-09-29 12:21:14] DEBUG | 循环#38283 总耗时=99ms
[2026-09-29 12:21:14] DEBUG | 截图: 3840x2160, 耗时=85ms
[2026-09-29 12:21:14] DEBUG | 匹配[快速]: 游戏中 (5游戏中2（中上）.png), conf=0.870, 17ms
[2026-09-29 12:21:14] DEBUG | 循环#38284 总耗时=106ms
[2026-09-29 12:21:15] DEBUG | 截图: 3840x2160, 耗时=83ms
[2026-09-29 12:21:15] DEBUG | 匹配[快速]: 游戏中 (5游戏中2（中上）.png), conf=0.870, 18ms
[2026-09-29 12:21:15] DEBUG | 循环#38285 总耗时=105ms
[2026-09-29 12:21:15] DEBUG | 截图: 3840x2160, 耗时=85ms
[2026-09-29 12:21:15] DEBUG | 匹配[快速]: 游戏中 (5游戏中2（中上）.png), conf=0.870, 16ms
[2026-09-29 12:21:15] DEBUG | 循环#38286 总耗时=105ms
[2026-09-29 12:21:15] DEBUG | 截图: 3840x2160, 耗时=87ms
[2026-09-29 12:21:15] DEBUG | 匹配[快速]: 游戏中 (5游戏中2（中上）.png), conf=0.870, 16ms
[2026-09-29 12:21:15] DEBUG | 循环#38287 总耗时=108ms
[2026-09-29 12:21:16] DEBUG | 截图: 3840x2160, 耗时=89ms
[2026-09-29 12:21:16] DEBUG | 匹配[快速]: 游戏中 (5游戏中2（中上）.png), conf=0.867, 17ms
[2026-09-29 12:21:16] DEBUG | 循环#38288 总耗时=110ms
[2026-09-29 12:21:16] DEBUG | 截图: 3840x2160, 耗时=96ms
[2026-09-29 12:21:16] DEBUG | 匹配[快速]: 游戏中 (5游戏中2（中上）.png), conf=0.879, 16ms
[2026-09-29 12:21:16] DEBUG | 循环#38289 总耗时=115ms
[2026-09-29 12:21:16] DEBUG | 截图: 3840x2160, 耗时=94ms
[2026-09-29 12:21:16] DEBUG | 匹配[快速]: 游戏中 (5游戏中2（中上）.png), conf=0.880, 18ms
[2026-09-29 12:21:16] INFO | [游戏中] 按I键
[2026-09-29 12:21:16] DEBUG | 按键 i: 三重发送开始 (scan=0x17, vk=0x49)
[2026-09-29 12:21:16] INFO | 按键: i(扫描码=0x17), 持续 0.3s
[2026-09-29 12:21:16] DEBUG | 循环#38290 总耗时=418ms
[2026-09-29 12:21:17] DEBUG | 截图: 3840x2160, 耗时=93ms
[2026-09-29 12:21:17] DEBUG | 匹配[快速]: 游戏中 (5游戏中2（中上）.png), conf=0.865, 18ms
[2026-09-29 12:21:17] DEBUG | 循环#38291 总耗时=115ms
[2026-09-29 12:21:17] DEBUG | 截图: 3840x2160, 耗时=90ms
[2026-09-29 12:21:17] DEBUG | 匹配[快速]: 游戏中 (5游戏中2（中上）.png), conf=0.871, 19ms
[2026-09-29 12:21:17] DEBUG | 循环#38292 总耗时=113ms
[2026-09-29 12:21:17] DEBUG | 截图: 3840x2160, 耗时=93ms
[2026-09-29 12:21:17] DEBUG | 匹配[快速]: 游戏中 (5游戏中2（中上）.png), conf=0.872, 16ms
[2026-09-29 12:21:17] DEBUG | 循环#38293 总耗时=112ms
[2026-09-29 12:21:17] DEBUG | 截图: 3840x2160, 耗时=90ms
[2026-09-29 12:21:18] DEBUG | 匹配[快速]: 游戏中 (5游戏中2（中上）.png), conf=0.869, 18ms
[2026-09-29 12:21:18] DEBUG | 循环#38294 总耗时=483ms
[2026-09-29 12:21:18] DEBUG | 截图: 3840x2160, 耗时=90ms
[2026-09-29 12:21:18] DEBUG | 匹配[快速]: 游戏中 (5游戏中2（中上）.png), conf=0.872, 17ms
[2026-09-29 12:21:18] DEBUG | 循环#38295 总耗时=112ms
[2026-09-29 12:21:18] DEBUG | 截图: 3840x2160, 耗时=92ms
[2026-09-29 12:21:18] DEBUG | 匹配[快速]: 游戏中 (5游戏中2（中上）.png), conf=0.876, 17ms
[2026-09-29 12:21:18] DEBUG | 循环#38296 总耗时=112ms
[2026-09-29 12:21:19] DEBUG | 截图: 3840x2160, 耗时=88ms
[2026-09-29 12:21:19] DEBUG | 匹配[快速]: 游戏中 (5游戏中2（中上）.png), conf=0.873, 22ms
[2026-09-29 12:21:19] DEBUG | 循环#38297 总耗时=114ms
[2026-09-29 12:21:19] DEBUG | 截图: 3840x2160, 耗时=80ms
[2026-09-29 12:21:19] DEBUG | 匹配[快速]: 游戏中 (5游戏中2（中上）.png), conf=0.871, 17ms
[2026-09-29 12:21:19] DEBUG | 循环#38298 总耗时=101ms
[2026-09-29 12:21:19] DEBUG | 截图: 3840x2160, 耗时=82ms
[2026-09-29 12:21:19] DEBUG | 匹配[快速]: 游戏中 (5游戏中2（中上）.png), conf=0.871, 17ms
[2026-09-29 12:21:19] DEBUG | 循环#38299 总耗时=103ms
[2026-09-29 12:21:19] DEBUG | 截图: 3840x2160, 耗时=85ms
[2026-09-29 12:21:19] DEBUG | 匹配[快速]: 游戏中 (5游戏中2（中上）.png), conf=0.871, 16ms
[2026-09-29 12:21:19] INFO | [游戏中] 按I键
[2026-09-29 12:21:19] DEBUG | 按键 i: 三重发送开始 (scan=0x17, vk=0x49)
[2026-09-29 12:21:20] INFO | 按键: i(扫描码=0x17), 持续 0.3s
[2026-09-29 12:21:20] DEBUG | 循环#38300 总耗时=407ms
[2026-09-29 12:21:20] DEBUG | 截图: 3840x2160, 耗时=91ms
[2026-09-29 12:21:20] DEBUG | 匹配[快速]: 游戏中 (5游戏中2（中上）.png), conf=0.869, 22ms
[2026-09-29 12:21:20] DEBUG | 循环#38301 总耗时=116ms
[2026-09-29 12:21:20] DEBUG | 截图: 3840x2160, 耗时=92ms
[2026-09-29 12:21:20] DEBUG | 匹配[快速]: 游戏中 (5游戏中2（中上）.png), conf=0.869, 16ms
[2026-09-29 12:21:20] DEBUG | 循环#38302 总耗时=112ms
[2026-09-29 12:21:20] DEBUG | 截图: 3840x2160, 耗时=86ms
[2026-09-29 12:21:20] DEBUG | 匹配[快速]: 游戏中 (5游戏中2（中上）.png), conf=0.870, 17ms
[2026-09-29 12:21:20] DEBUG | 循环#38303 总耗时=106ms
[2026-09-29 12:21:21] DEBUG | 截图: 3840x2160, 耗时=91ms
[2026-09-29 12:21:21] DEBUG | 匹配[快速]: 游戏中 (5游戏中2（中上）.png), conf=0.870, 17ms
[2026-09-29 12:21:21] DEBUG | 循环#38304 总耗时=112ms
[2026-09-29 12:21:21] DEBUG | 截图: 3840x2160, 耗时=86ms
[2026-09-29 12:21:21] DEBUG | 匹配[快速]: 游戏中 (5游戏中2（中上）.png), conf=0.870, 18ms
[2026-09-29 12:21:21] DEBUG | 循环#38305 总耗时=108ms
[2026-09-29 12:21:21] DEBUG | 截图: 3840x2160, 耗时=89ms
[2026-09-29 12:21:21] DEBUG | 匹配[快速]: 游戏中 (5游戏中2（中上）.png), conf=0.870, 18ms
[2026-09-29 12:21:21] DEBUG | 循环#38306 总耗时=110ms
[2026-09-29 12:21:22] DEBUG | 截图: 3840x2160, 耗时=86ms
[2026-09-29 12:21:22] DEBUG | 匹配[快速]: 游戏中 (5游戏中2（中上）.png), conf=0.870, 17ms
[2026-09-29 12:21:22] DEBUG | 循环#38307 总耗时=107ms
[2026-09-29 12:21:22] DEBUG | 截图: 3840x2160, 耗时=87ms
[2026-09-29 12:21:22] DEBUG | 匹配[快速]: 游戏中 (5游戏中2（中上）.png), conf=0.870, 20ms
[2026-09-29 12:21:22] DEBUG | 循环#38308 总耗时=110ms
[2026-09-29 12:21:22] DEBUG | 截图: 3840x2160, 耗时=85ms
[2026-09-29 12:21:22] DEBUG | 匹配[快速]: 游戏中 (5游戏中2（中上）.png), conf=0.871, 17ms
[2026-09-29 12:21:22] DEBUG | 循环#38309 总耗时=106ms
[2026-09-29 12:21:23] DEBUG | 截图: 3840x2160, 耗时=85ms
[2026-09-29 12:21:23] DEBUG | 匹配[快速]: 游戏中 (5游戏中2（中上）.png), conf=0.871, 19ms
[2026-09-29 12:21:23] INFO | [游戏中] 按I键
[2026-09-29 12:21:23] DEBUG | 按键 i: 三重发送开始 (scan=0x17, vk=0x49)
[2026-09-29 12:21:23] INFO | 按键: i(扫描码=0x17), 持续 0.3s
[2026-09-29 12:21:23] DEBUG | 循环#38310 总耗时=410ms
[2026-09-29 12:21:23] DEBUG | 截图: 3840x2160, 耗时=89ms
[2026-09-29 12:21:23] DEBUG | 匹配[快速]: 游戏中 (5游戏中2（中上）.png), conf=0.873, 17ms
[2026-09-29 12:21:23] DEBUG | 循环#38311 总耗时=110ms
[2026-09-29 12:21:23] DEBUG | 截图: 3840x2160, 耗时=94ms
[2026-09-29 12:21:23] DEBUG | 匹配[快速]: 游戏中 (5游戏中2（中上）.png), conf=0.872, 18ms
[2026-09-29 12:21:23] DEBUG | 循环#38312 总耗时=115ms
[2026-09-29 12:21:24] DEBUG | 截图: 3840x2160, 耗时=90ms
[2026-09-29 12:21:24] DEBUG | 匹配[快速]: 游戏中 (5游戏中2（中上）.png), conf=0.872, 16ms
[2026-09-29 12:21:24] DEBUG | 循环#38313 总耗时=109ms
[2026-09-29 12:21:24] DEBUG | 截图: 3840x2160, 耗时=86ms
[2026-09-29 12:21:24] DEBUG | 匹配[快速]: 游戏中 (5游戏中2（中上）.png), conf=0.872, 17ms
[2026-09-29 12:21:24] DEBUG | 循环#38314 总耗时=107ms
[2026-09-29 12:21:24] DEBUG | 截图: 3840x2160, 耗时=87ms
[2026-09-29 12:21:24] DEBUG | 匹配[快速]: 游戏中 (5游戏中2（中上）.png), conf=0.872, 18ms
[2026-09-29 12:21:24] DEBUG | 循环#38315 总耗时=109ms
[2026-09-29 12:21:24] DEBUG | 截图: 3840x2160, 耗时=89ms
[2026-09-29 12:21:24] DEBUG | 匹配[快速]: 游戏中 (5游戏中2（中上）.png), conf=0.871, 17ms
[2026-09-29 12:21:24] DEBUG | 循环#38316 总耗时=110ms
[2026-09-29 12:21:25] DEBUG | 截图: 3840x2160, 耗时=90ms
[2026-09-29 12:21:25] DEBUG | 匹配[快速]: 游戏中 (5游戏中2（中上）.png), conf=0.871, 21ms
[2026-09-29 12:21:25] DEBUG | 循环#38317 总耗时=115ms
[2026-09-29 12:21:25] DEBUG | 截图: 3840x2160, 耗时=92ms
[2026-09-29 12:21:25] DEBUG | 匹配[快速]: 游戏中 (5游戏中2（中上）.png), conf=0.871, 20ms
[2026-09-29 12:21:25] DEBUG | 循环#38318 总耗时=116ms
[2026-09-29 12:21:25] DEBUG | 截图: 3840x2160, 耗时=87ms
[2026-09-29 12:21:25] DEBUG | 匹配[快速]: 游戏中 (5游戏中2（中上）.png), conf=0.871, 20ms
[2026-09-29 12:21:25] DEBUG | 循环#38319 总耗时=112ms
[2026-09-29 12:21:26] DEBUG | 截图: 3840x2160, 耗时=89ms
[2026-09-29 12:21:26] DEBUG | 匹配[快速]: 游戏中 (5游戏中2（中上）.png), conf=0.869, 17ms
[2026-09-29 12:21:26] INFO | [游戏中] 按I键
[2026-09-29 12:21:26] DEBUG | 按键 i: 三重发送开始 (scan=0x17, vk=0x49)
[2026-09-29 12:21:26] INFO | 按键: i(扫描码=0x17), 持续 0.3s
[2026-09-29 12:21:26] DEBUG | 循环#38320 总耗时=413ms
[2026-09-29 12:21:26] DEBUG | 截图: 3840x2160, 耗时=91ms
[2026-09-29 12:21:26] DEBUG | 匹配[快速]: 游戏中 (5游戏中2（中上）.png), conf=0.870, 21ms
[2026-09-29 12:21:26] DEBUG | 循环#38321 总耗时=116ms
[2026-09-29 12:21:26] DEBUG | 截图: 3840x2160, 耗时=94ms
[2026-09-29 12:21:26] DEBUG | 匹配[快速]: 游戏中 (5游戏中2（中上）.png), conf=0.871, 18ms
[2026-09-29 12:21:26] DEBUG | 循环#38322 总耗时=115ms
[2026-09-29 12:21:27] DEBUG | 截图: 3840x2160, 耗时=94ms
[2026-09-29 12:21:27] DEBUG | 匹配[快速]: 游戏中 (5游戏中2（中上）.png), conf=0.878, 18ms
[2026-09-29 12:21:27] DEBUG | 循环#38323 总耗时=117ms
[2026-09-29 12:21:27] DEBUG | 截图: 3840x2160, 耗时=90ms
[2026-09-29 12:21:27] DEBUG | 匹配[快速]: 游戏中 (5游戏中2（中上）.png), conf=0.877, 18ms
[2026-09-29 12:21:27] DEBUG | 循环#38324 总耗时=112ms
[2026-09-29 12:21:27] DEBUG | 截图: 3840x2160, 耗时=91ms
[2026-09-29 12:21:27] DEBUG | 匹配[快速]: 游戏中 (5游戏中2（中上）.png), conf=0.870, 19ms
[2026-09-29 12:21:27] DEBUG | 循环#38325 总耗时=114ms
[2026-09-29 12:21:28] DEBUG | 截图: 3840x2160, 耗时=90ms
[2026-09-29 12:21:28] DEBUG | 匹配[快速]: 游戏中 (5游戏中2（中上）.png), conf=0.870, 20ms
[2026-09-29 12:21:28] DEBUG | 循环#38326 总耗时=114ms
[2026-09-29 12:21:28] DEBUG | 截图: 3840x2160, 耗时=97ms
[2026-09-29 12:21:28] DEBUG | 匹配[快速]: 游戏中 (5游戏中2（中上）.png), conf=0.870, 20ms
[2026-09-29 12:21:28] DEBUG | 循环#38327 总耗时=120ms
[2026-09-29 12:21:28] DEBUG | 截图: 3840x2160, 耗时=88ms
[2026-09-29 12:21:28] DEBUG | 匹配[快速]: 游戏中 (5游戏中2（中上）.png), conf=0.871, 20ms
[2026-09-29 12:21:28] DEBUG | 循环#38328 总耗时=112ms
[2026-09-29 12:21:28] DEBUG | 截图: 3840x2160, 耗时=101ms
[2026-09-29 12:21:29] DEBUG | 匹配[快速]: 游戏中 (5游戏中2（中上）.png), conf=0.871, 19ms
[2026-09-29 12:21:29] DEBUG | 循环#38329 总耗时=124ms
[2026-09-29 12:21:29] DEBUG | 截图: 3840x2160, 耗时=93ms
[2026-09-29 12:21:29] DEBUG | 匹配[快速]: 游戏中 (5游戏中2（中上）.png), conf=0.870, 22ms
[2026-09-29 12:21:29] INFO | [游戏中] 按I键
[2026-09-29 12:21:29] DEBUG | 按键 i: 三重发送开始 (scan=0x17, vk=0x49)
[2026-09-29 12:21:29] INFO | 按键: i(扫描码=0x17), 持续 0.3s
[2026-09-29 12:21:29] DEBUG | 循环#38330 总耗时=423ms
[2026-09-29 12:21:29] DEBUG | 截图: 3840x2160, 耗时=98ms
[2026-09-29 12:21:29] DEBUG | 匹配[快速]: 游戏中 (5游戏中2（中上）.png), conf=0.871, 20ms
[2026-09-29 12:21:29] DEBUG | 循环#38331 总耗时=122ms
[2026-09-29 12:21:29] DEBUG | 截图: 3840x2160, 耗时=89ms
[2026-09-29 12:21:30] DEBUG | 匹配[快速]: 游戏中 (5游戏中2（中上）.png), conf=0.871, 19ms
[2026-09-29 12:21:30] DEBUG | 循环#38332 总耗时=113ms
[2026-09-29 12:21:30] DEBUG | 截图: 3840x2160, 耗时=96ms
[2026-09-29 12:21:30] DEBUG | 匹配[快速]: 游戏中 (5游戏中2（中上）.png), conf=0.871, 22ms
[2026-09-29 12:21:30] DEBUG | 循环#38333 总耗时=122ms
[2026-09-29 12:21:30] DEBUG | 截图: 3840x2160, 耗时=82ms
[2026-09-29 12:21:30] DEBUG | 匹配[快速]: 游戏中 (5游戏中2（中上）.png), conf=0.871, 17ms
[2026-09-29 12:21:30] DEBUG | 循环#38334 总耗时=103ms
[2026-09-29 12:21:30] DEBUG | 截图: 3840x2160, 耗时=83ms
[2026-09-29 12:21:30] DEBUG | 匹配[快速]: 游戏中 (5游戏中2（中上）.png), conf=0.871, 19ms
[2026-09-29 12:21:30] DEBUG | 循环#38335 总耗时=104ms
[2026-09-29 12:21:31] DEBUG | 截图: 3840x2160, 耗时=89ms
[2026-09-29 12:21:31] DEBUG | 匹配[快速]: 游戏中 (5游戏中2（中上）.png), conf=0.873, 17ms
[2026-09-29 12:21:31] DEBUG | 循环#38336 总耗时=110ms
[2026-09-29 12:21:31] DEBUG | 截图: 3840x2160, 耗时=88ms
[2026-09-29 12:21:31] DEBUG | 匹配[快速]: 游戏中 (5游戏中2（中上）.png), conf=0.872, 18ms
[2026-09-29 12:21:31] DEBUG | 循环#38337 总耗时=109ms
[2026-09-29 12:21:31] DEBUG | 截图: 3840x2160, 耗时=107ms
[2026-09-29 12:21:31] DEBUG | 匹配[快速]: 游戏中 (5游戏中2（中上）.png), conf=0.873, 20ms
[2026-09-29 12:21:31] DEBUG | 循环#38338 总耗时=131ms
[2026-09-29 12:21:32] DEBUG | 截图: 3840x2160, 耗时=98ms
[2026-09-29 12:21:32] DEBUG | 匹配[快速]: 游戏中 (5游戏中2（中上）.png), conf=0.873, 20ms
[2026-09-29 12:21:32] DEBUG | 循环#38339 总耗时=121ms
[2026-09-29 12:21:32] DEBUG | 截图: 3840x2160, 耗时=100ms
[2026-09-29 12:21:32] DEBUG | 匹配[快速]: 游戏中 (5游戏中2（中上）.png), conf=0.870, 21ms
[2026-09-29 12:21:32] INFO | [游戏中] 按I键
[2026-09-29 12:21:32] DEBUG | 按键 i: 三重发送开始 (scan=0x17, vk=0x49)
[2026-09-29 12:21:32] INFO | 按键: i(扫描码=0x17), 持续 0.3s
[2026-09-29 12:21:32] DEBUG | 循环#38340 总耗时=427ms
[2026-09-29 12:21:32] DEBUG | 截图: 3840x2160, 耗时=81ms
[2026-09-29 12:21:32] DEBUG | 匹配[快速]: 游戏中 (5游戏中2（中上）.png), conf=0.873, 18ms
[2026-09-29 12:21:32] DEBUG | 循环#38341 总耗时=103ms
[2026-09-29 12:21:33] DEBUG | 截图: 3840x2160, 耗时=82ms
[2026-09-29 12:21:33] DEBUG | 匹配[快速]: 游戏中 (5游戏中2（中上）.png), conf=0.873, 19ms
[2026-09-29 12:21:33] DEBUG | 循环#38342 总耗时=104ms
[2026-09-29 12:21:33] DEBUG | 截图: 3840x2160, 耗时=87ms
[2026-09-29 12:21:33] DEBUG | 匹配[快速]: 游戏中 (5游戏中2（中上）.png), conf=0.873, 17ms
[2026-09-29 12:21:33] DEBUG | 循环#38343 总耗时=106ms
[2026-09-29 12:21:33] DEBUG | 截图: 3840x2160, 耗时=86ms
[2026-09-29 12:21:33] DEBUG | 匹配[快速]: 游戏中 (5游戏中2（中上）.png), conf=0.873, 18ms
[2026-09-29 12:21:33] DEBUG | 循环#38344 总耗时=107ms
[2026-09-29 12:21:34] DEBUG | 截图: 3840x2160, 耗时=85ms
[2026-09-29 12:21:34] DEBUG | 匹配[快速]: 游戏中 (5游戏中2（中上）.png), conf=0.872, 17ms
[2026-09-29 12:21:34] DEBUG | 循环#38345 总耗时=105ms
[2026-09-29 12:21:34] DEBUG | 截图: 3840x2160, 耗时=83ms
[2026-09-29 12:21:34] DEBUG | 匹配[快速]: 游戏中 (5游戏中2（中上）.png), conf=0.873, 19ms
[2026-09-29 12:21:34] DEBUG | 循环#38346 总耗时=105ms
[2026-09-29 12:21:34] DEBUG | 截图: 3840x2160, 耗时=83ms
[2026-09-29 12:21:34] DEBUG | 匹配[快速]: 游戏中 (5游戏中2（中上）.png), conf=0.876, 18ms
[2026-09-29 12:21:34] DEBUG | 循环#38347 总耗时=104ms
[2026-09-29 12:21:34] DEBUG | 截图: 3840x2160, 耗时=82ms
[2026-09-29 12:21:34] DEBUG | 匹配[快速]: 游戏中 (5游戏中2（中上）.png), conf=0.877, 19ms
[2026-09-29 12:21:34] DEBUG | 循环#38348 总耗时=104ms
[2026-09-29 12:21:35] DEBUG | 截图: 3840x2160, 耗时=104ms
[2026-09-29 12:21:35] DEBUG | 匹配[快速]: 游戏中 (5游戏中2（中上）.png), conf=0.876, 16ms
[2026-09-29 12:21:35] DEBUG | 循环#38349 总耗时=124ms
[2026-09-29 12:21:35] DEBUG | 截图: 3840x2160, 耗时=88ms
[2026-09-29 12:21:35] DEBUG | 匹配[快速]: 游戏中 (5游戏中2（中上）.png), conf=0.876, 18ms
[2026-09-29 12:21:35] INFO | [游戏中] 按I键
[2026-09-29 12:21:35] DEBUG | 按键 i: 三重发送开始 (scan=0x17, vk=0x49)
[2026-09-29 12:21:35] INFO | 按键: i(扫描码=0x17), 持续 0.3s
[2026-09-29 12:21:35] DEBUG | 循环#38350 总耗时=413ms
[2026-09-29 12:21:35] DEBUG | 截图: 3840x2160, 耗时=89ms
[2026-09-29 12:21:36] DEBUG | 匹配[未知], 最高=0.480, 349ms
[2026-09-29 12:21:36] DEBUG | 状态变化: 未知 (置信度=0.480)
[2026-09-29 12:21:36] DEBUG | 截图: 3840x2160, 耗时=88ms
[2026-09-29 12:21:37] DEBUG | 匹配[全量]: 游戏中, conf=0.876, 441ms
[2026-09-29 12:21:37] DEBUG | 状态变化: 游戏中 (置信度=0.876)
[2026-09-29 12:21:37] DEBUG | 截图: 3840x2160, 耗时=88ms
[2026-09-29 12:21:37] DEBUG | 匹配[快速]: 游戏中 (5游戏中2（中上）.png), conf=0.876, 17ms
[2026-09-29 12:21:37] DEBUG | 循环#38353 总耗时=110ms
[2026-09-29 12:21:37] DEBUG | 截图: 3840x2160, 耗时=87ms
[2026-09-29 12:21:37] DEBUG | 匹配[快速]: 游戏中 (5游戏中2（中上）.png), conf=0.870, 18ms
[2026-09-29 12:21:37] DEBUG | 循环#38354 总耗时=109ms
[2026-09-29 12:21:38] DEBUG | 截图: 3840x2160, 耗时=88ms
[2026-09-29 12:21:38] DEBUG | 匹配[快速]: 游戏中 (5游戏中2（中上）.png), conf=0.878, 19ms
[2026-09-29 12:21:38] DEBUG | 循环#38355 总耗时=112ms
[2026-09-29 12:21:38] DEBUG | 截图: 3840x2160, 耗时=87ms
[2026-09-29 12:21:38] DEBUG | 匹配[快速]: 游戏中 (5游戏中2（中上）.png), conf=0.876, 21ms
[2026-09-29 12:21:38] DEBUG | 循环#38356 总耗时=112ms
[2026-09-29 12:21:38] DEBUG | 截图: 3840x2160, 耗时=87ms
[2026-09-29 12:21:38] DEBUG | 匹配[快速]: 游戏中 (5游戏中2（中上）.png), conf=0.876, 17ms
[2026-09-29 12:21:38] INFO | [游戏中] 按I键
[2026-09-29 12:21:38] DEBUG | 按键 i: 三重发送开始 (scan=0x17, vk=0x49)
[2026-09-29 12:21:39] INFO | 按键: i(扫描码=0x17), 持续 0.3s
[2026-09-29 12:21:39] DEBUG | 循环#38357 总耗时=411ms
[2026-09-29 12:21:39] DEBUG | 截图: 3840x2160, 耗时=89ms
[2026-09-29 12:21:39] DEBUG | 匹配[快速]: 游戏中 (5游戏中2（中上）.png), conf=0.871, 20ms
[2026-09-29 12:21:39] DEBUG | 循环#38358 总耗时=114ms
[2026-09-29 12:21:39] DEBUG | 截图: 3840x2160, 耗时=95ms
[2026-09-29 12:21:39] DEBUG | 匹配[未知], 最高=0.480, 355ms
[2026-09-29 12:21:39] DEBUG | 状态变化: 未知 (置信度=0.480)
[2026-09-29 12:21:40] DEBUG | 截图: 3840x2160, 耗时=87ms
[2026-09-29 12:21:40] DEBUG | 匹配[未知], 最高=0.651, 426ms
[2026-09-29 12:21:40] DEBUG | 截图: 3840x2160, 耗时=78ms
[2026-09-29 12:21:41] DEBUG | 匹配[未知], 最高=0.548, 344ms
[2026-09-29 12:21:41] DEBUG | 截图: 3840x2160, 耗时=79ms
[2026-09-29 12:21:42] DEBUG | 匹配[未知], 最高=0.652, 384ms
[2026-09-29 12:21:42] DEBUG | 截图: 3840x2160, 耗时=83ms
[2026-09-29 12:21:42] DEBUG | 匹配[未知], 最高=0.639, 391ms
[2026-09-29 12:21:43] DEBUG | 截图: 3840x2160, 耗时=83ms
[2026-09-29 12:21:43] DEBUG | 匹配[未知], 最高=0.652, 360ms
[2026-09-29 12:21:44] DEBUG | 截图: 3840x2160, 耗时=80ms
[2026-09-29 12:21:44] DEBUG | 匹配[未知], 最高=0.630, 433ms
[2026-09-29 12:21:44] DEBUG | 截图: 3840x2160, 耗时=85ms
[2026-09-29 12:21:45] DEBUG | 匹配[未知], 最高=0.611, 492ms
[2026-09-29 12:21:45] DEBUG | 截图: 3840x2160, 耗时=99ms
[2026-09-29 12:21:46] DEBUG | 匹配[未知], 最高=0.598, 369ms
[2026-09-29 12:21:46] DEBUG | 截图: 3840x2160, 耗时=82ms
[2026-09-29 12:21:46] DEBUG | 匹配[未知], 最高=0.625, 395ms
[2026-09-29 12:21:47] DEBUG | 截图: 3840x2160, 耗时=72ms
[2026-09-29 12:21:47] DEBUG | 匹配[全量]: 结算界面1, conf=0.933, 411ms
[2026-09-29 12:21:47] DEBUG | 状态变化: 结算界面1 (置信度=0.933)
[2026-09-29 12:21:48] DEBUG | 截图: 3840x2160, 耗时=84ms
[2026-09-29 12:21:48] DEBUG | 匹配[快速]: 结算界面1 (6结算界面1（右下）.png), conf=0.933, 19ms
[2026-09-29 12:21:48] INFO | [结算界面1] 点击结算继续
[2026-09-29 12:21:48] INFO | 点击: (3163, 1816), 耗时=77ms
[2026-09-29 12:21:48] INFO | === 第 84 轮完成 ===
[2026-09-29 12:21:48] DEBUG | 循环#38370 总耗时=385ms
[2026-09-29 12:21:48] DEBUG | 截图: 3840x2160, 耗时=78ms
[2026-09-29 12:21:48] DEBUG | 匹配[快速]: 结算界面1 (6结算界面1（右下）.png), conf=0.852, 20ms
[2026-09-29 12:21:48] DEBUG | 循环#38371 总耗时=101ms
[2026-09-29 12:21:48] DEBUG | 截图: 3840x2160, 耗时=78ms
[2026-09-29 12:21:48] DEBUG | 匹配[快速]: 结算界面1 (6结算界面1（右下）.png), conf=0.944, 20ms
[2026-09-29 12:21:48] DEBUG | 循环#38372 总耗时=101ms
[2026-09-29 12:21:49] DEBUG | 截图: 3840x2160, 耗时=83ms
[2026-09-29 12:21:49] DEBUG | 匹配[未知], 最高=0.572, 323ms
[2026-09-29 12:21:49] DEBUG | 状态变化: 未知 (置信度=0.572)
[2026-09-29 12:21:49] DEBUG | 截图: 3840x2160, 耗时=96ms
[2026-09-29 12:21:50] DEBUG | 匹配[全量]: 结算界面2, conf=0.984, 473ms
[2026-09-29 12:21:50] DEBUG | 状态变化: 结算界面2 (置信度=0.984)
[2026-09-29 12:21:50] DEBUG | 截图: 3840x2160, 耗时=81ms
[2026-09-29 12:21:50] DEBUG | 匹配[快速]: 结算界面2 (6结算界面2（中上）.png), conf=0.986, 129ms
[2026-09-29 12:21:50] INFO | [结算界面2] 点击结算继续
[2026-09-29 12:21:51] INFO | 点击: (1916, 313), 耗时=73ms
[2026-09-29 12:21:51] DEBUG | 循环#38375 总耗时=487ms
[2026-09-29 12:21:51] DEBUG | 截图: 3840x2160, 耗时=87ms
[2026-09-29 12:21:51] DEBUG | 匹配[快速]: 结算界面2 (6结算界面2（中上）.png), conf=0.984, 127ms
[2026-09-29 12:21:51] DEBUG | 循环#38376 总耗时=217ms
[2026-09-29 12:21:51] DEBUG | 截图: 3840x2160, 耗时=89ms
[2026-09-29 12:21:51] DEBUG | 匹配[快速]: 结算界面2 (6结算界面2（中上）.png), conf=0.984, 130ms
[2026-09-29 12:21:51] DEBUG | 循环#38377 总耗时=223ms
[2026-09-29 12:21:51] DEBUG | 截图: 3840x2160, 耗时=83ms
[2026-09-29 12:21:52] DEBUG | 匹配[未知], 最高=0.677, 326ms
[2026-09-29 12:21:52] DEBUG | 状态变化: 未知 (置信度=0.677)
[2026-09-29 12:21:52] DEBUG | 截图: 3840x2160, 耗时=80ms
[2026-09-29 12:21:52] DEBUG | 匹配[未知], 最高=0.669, 441ms
[2026-09-29 12:21:53] DEBUG | 截图: 3840x2160, 耗时=100ms
[2026-09-29 12:21:53] DEBUG | 匹配[未知], 最高=0.669, 566ms
[2026-09-29 12:21:54] DEBUG | 截图: 3840x2160, 耗时=81ms
[2026-09-29 12:21:54] DEBUG | 匹配[未知], 最高=0.669, 564ms
[2026-09-29 12:21:55] DEBUG | 截图: 3840x2160, 耗时=96ms
[2026-09-29 12:21:55] DEBUG | 匹配[未知], 最高=0.669, 420ms
[2026-09-29 12:21:55] DEBUG | 截图: 3840x2160, 耗时=77ms
[2026-09-29 12:21:56] DEBUG | 匹配[未知], 最高=0.669, 448ms
[2026-09-29 12:21:56] DEBUG | 截图: 3840x2160, 耗时=87ms
[2026-09-29 12:21:57] DEBUG | 匹配[未知], 最高=0.669, 441ms
[2026-09-29 12:21:57] DEBUG | 截图: 3840x2160, 耗时=83ms
[2026-09-29 12:21:57] DEBUG | 匹配[全量]: 模式选择, conf=0.970, 241ms
[2026-09-29 12:21:57] DEBUG | 状态变化: 模式选择 (置信度=0.970)
[2026-09-29 12:21:58] DEBUG | 截图: 3840x2160, 耗时=76ms
[2026-09-29 12:21:58] DEBUG | 匹配[快速]: 模式选择 (2模式选择（右中）.png), conf=0.970, 209ms
[2026-09-29 12:21:58] INFO | [模式选择] 点击模式确认
[2026-09-29 12:21:58] INFO | 点击: (2995, 1017), 耗时=81ms
[2026-09-29 12:21:58] DEBUG | 循环#38386 总耗时=571ms
[2026-09-29 12:21:58] DEBUG | 截图: 3840x2160, 耗时=83ms
[2026-09-29 12:21:59] DEBUG | 匹配[快速]: 模式选择 (2模式选择（右中）.png), conf=0.970, 209ms
[2026-09-29 12:21:59] DEBUG | 循环#38387 总耗时=295ms
[2026-09-29 12:21:59] DEBUG | 截图: 3840x2160, 耗时=80ms
[2026-09-29 12:21:59] DEBUG | 匹配[未知], 最高=0.630, 312ms
[2026-09-29 12:21:59] DEBUG | 状态变化: 未知 (置信度=0.630)
[2026-09-29 12:21:59] DEBUG | 截图: 3840x2160, 耗时=76ms
[2026-09-29 12:21:59] DEBUG | 匹配[全量]: 开始匹配, conf=0.958, 148ms
[2026-09-29 12:21:59] DEBUG | 状态变化: 开始匹配 (置信度=0.958)
[2026-09-29 12:22:00] DEBUG | 截图: 3840x2160, 耗时=83ms
[2026-09-29 12:22:00] DEBUG | 匹配[快速]: 开始匹配 (3开始匹配（右下）.png), conf=0.958, 75ms
[2026-09-29 12:22:00] INFO | [开始匹配] 点击开始匹配
[2026-09-29 12:22:00] INFO | 点击: (3212, 1843), 耗时=77ms
[2026-09-29 12:22:00] DEBUG | 循环#38390 总耗时=439ms
[2026-09-29 12:22:00] DEBUG | 截图: 3840x2160, 耗时=82ms
[2026-09-29 12:22:00] DEBUG | 匹配[快速]: 开始匹配 (3开始匹配（右下）.png), conf=0.791, 71ms
[2026-09-29 12:22:00] DEBUG | 循环#38391 总耗时=157ms
[2026-09-29 12:22:01] DEBUG | 截图: 3840x2160, 耗时=80ms
[2026-09-29 12:22:01] DEBUG | 匹配[快速]: 开始匹配 (3开始匹配（右下）.png), conf=0.958, 77ms
[2026-09-29 12:22:01] DEBUG | 循环#38392 总耗时=159ms
[2026-09-29 12:22:01] DEBUG | 截图: 3840x2160, 耗时=84ms
[2026-09-29 12:22:01] DEBUG | 匹配[全量]: 匹配中, conf=0.906, 383ms
[2026-09-29 12:22:01] DEBUG | 状态变化: 匹配中 (置信度=0.906)
[2026-09-29 12:22:02] DEBUG | 截图: 3840x2160, 耗时=76ms
[2026-09-29 12:22:02] DEBUG | 匹配[快速]: 匹配中 (4匹配中（中上）.png), conf=0.931, 58ms
[2026-09-29 12:22:02] INFO | [匹配中] 等待匹配完成...
[2026-09-29 12:22:02] DEBUG | 循环#38394 总耗时=137ms
[2026-09-29 12:22:02] DEBUG | 截图: 3840x2160, 耗时=73ms
[2026-09-29 12:22:02] DEBUG | 匹配[快速]: 匹配中 (4匹配中（中上）.png), conf=0.929, 55ms
[2026-09-29 12:22:02] DEBUG | 循环#38395 总耗时=132ms
[2026-09-29 12:22:02] DEBUG | 截图: 3840x2160, 耗时=75ms
[2026-09-29 12:22:02] DEBUG | 匹配[快速]: 匹配中 (4匹配中（中上）.png), conf=0.930, 56ms
[2026-09-29 12:22:02] DEBUG | 循环#38396 总耗时=135ms
[2026-09-29 12:22:03] DEBUG | 截图: 3840x2160, 耗时=83ms
[2026-09-29 12:22:03] DEBUG | 匹配[快速]: 匹配中 (4匹配中（中上）.png), conf=0.930, 55ms
[2026-09-29 12:22:03] DEBUG | 循环#38397 总耗时=142ms
[2026-09-29 12:22:03] DEBUG | 截图: 3840x2160, 耗时=81ms
[2026-09-29 12:22:03] DEBUG | 匹配[快速]: 匹配中 (4匹配中（中上）.png), conf=0.922, 57ms
[2026-09-29 12:22:03] DEBUG | 循环#38398 总耗时=141ms
[2026-09-29 12:22:03] DEBUG | 截图: 3840x2160, 耗时=96ms
[2026-09-29 12:22:03] DEBUG | 匹配[快速]: 匹配中 (4匹配中（中上）.png), conf=0.925, 56ms
[2026-09-29 12:22:03] DEBUG | 循环#38399 总耗时=155ms
[2026-09-29 12:22:03] DEBUG | 截图: 3840x2160, 耗时=81ms
[2026-09-29 12:22:04] DEBUG | 匹配[快速]: 匹配中 (4匹配中（中上）.png), conf=0.924, 56ms
[2026-09-29 12:22:04] DEBUG | 循环#38400 总耗时=140ms
[2026-09-29 12:22:04] DEBUG | 截图: 3840x2160, 耗时=88ms
[2026-09-29 12:22:04] DEBUG | 匹配[快速]: 匹配中 (4匹配中（中上）.png), conf=0.922, 56ms
[2026-09-29 12:22:04] DEBUG | 循环#38401 总耗时=148ms
[2026-09-29 12:22:04] DEBUG | 截图: 3840x2160, 耗时=77ms
[2026-09-29 12:22:04] DEBUG | 匹配[快速]: 匹配中 (4匹配中（中上）.png), conf=0.925, 55ms
[2026-09-29 12:22:04] DEBUG | 循环#38402 总耗时=136ms
[2026-09-29 12:22:04] DEBUG | 截图: 3840x2160, 耗时=86ms
[2026-09-29 12:22:04] DEBUG | 匹配[快速]: 匹配中 (4匹配中（中上）.png), conf=0.922, 55ms
[2026-09-29 12:22:04] DEBUG | 循环#38403 总耗时=145ms
[2026-09-29 12:22:05] DEBUG | 截图: 3840x2160, 耗时=79ms
[2026-09-29 12:22:05] DEBUG | 匹配[快速]: 匹配中 (4匹配中（中上）.png), conf=0.922, 55ms
[2026-09-29 12:22:05] DEBUG | 循环#38404 总耗时=138ms
[2026-09-29 12:22:05] DEBUG | 截图: 3840x2160, 耗时=84ms
[2026-09-29 12:22:05] DEBUG | 匹配[快速]: 匹配中 (4匹配中（中上）.png), conf=0.922, 57ms
[2026-09-29 12:22:05] DEBUG | 循环#38405 总耗时=144ms
[2026-09-29 12:22:05] DEBUG | 截图: 3840x2160, 耗时=79ms
[2026-09-29 12:22:05] DEBUG | 匹配[快速]: 匹配中 (4匹配中（中上）.png), conf=0.921, 56ms
[2026-09-29 12:22:05] DEBUG | 循环#38406 总耗时=139ms
[2026-09-29 12:22:06] DEBUG | 截图: 3840x2160, 耗时=82ms
[2026-09-29 12:22:06] DEBUG | 匹配[快速]: 匹配中 (4匹配中（中上）.png), conf=0.923, 55ms
[2026-09-29 12:22:06] DEBUG | 循环#38407 总耗时=141ms
[2026-09-29 12:22:06] DEBUG | 截图: 3840x2160, 耗时=85ms
[2026-09-29 12:22:06] DEBUG | 匹配[快速]: 匹配中 (4匹配中（中上）.png), conf=0.923, 54ms
[2026-09-29 12:22:06] DEBUG | 循环#38408 总耗时=143ms
[2026-09-29 12:22:06] DEBUG | 截图: 3840x2160, 耗时=76ms
[2026-09-29 12:22:06] DEBUG | 匹配[快速]: 匹配中 (4匹配中（中上）.png), conf=0.922, 59ms
[2026-09-29 12:22:06] DEBUG | 循环#38409 总耗时=138ms
[2026-09-29 12:22:06] DEBUG | 截图: 3840x2160, 耗时=79ms
[2026-09-29 12:22:07] DEBUG | 匹配[快速]: 匹配中 (4匹配中（中上）.png), conf=0.924, 55ms
[2026-09-29 12:22:07] DEBUG | 循环#38410 总耗时=137ms
[2026-09-29 12:22:07] DEBUG | 截图: 3840x2160, 耗时=74ms
[2026-09-29 12:22:07] DEBUG | 匹配[快速]: 匹配中 (4匹配中（中上）.png), conf=0.921, 56ms
[2026-09-29 12:22:07] DEBUG | 循环#38411 总耗时=134ms
[2026-09-29 12:22:07] DEBUG | 截图: 3840x2160, 耗时=74ms
[2026-09-29 12:22:07] DEBUG | 匹配[快速]: 匹配中 (4匹配中（中上）.png), conf=0.922, 57ms
[2026-09-29 12:22:07] DEBUG | 循环#38412 总耗时=135ms
[2026-09-29 12:22:07] DEBUG | 截图: 3840x2160, 耗时=73ms
[2026-09-29 12:22:07] DEBUG | 匹配[快速]: 匹配中 (4匹配中（中上）.png), conf=0.922, 54ms
[2026-09-29 12:22:07] DEBUG | 循环#38413 总耗时=130ms
[2026-09-29 12:22:08] DEBUG | 截图: 3840x2160, 耗时=74ms
[2026-09-29 12:22:08] DEBUG | 匹配[快速]: 匹配中 (4匹配中（中上）.png), conf=0.924, 56ms
[2026-09-29 12:22:08] DEBUG | 循环#38414 总耗时=134ms
[2026-09-29 12:22:08] DEBUG | 截图: 3840x2160, 耗时=80ms
[2026-09-29 12:22:08] DEBUG | 匹配[快速]: 匹配中 (4匹配中（中上）.png), conf=0.927, 55ms
[2026-09-29 12:22:08] DEBUG | 循环#38415 总耗时=139ms
[2026-09-29 12:22:08] DEBUG | 截图: 3840x2160, 耗时=73ms
[2026-09-29 12:22:08] DEBUG | 匹配[快速]: 匹配中 (4匹配中（中上）.png), conf=0.926, 56ms
[2026-09-29 12:22:08] DEBUG | 循环#38416 总耗时=133ms
[2026-09-29 12:22:09] DEBUG | 截图: 3840x2160, 耗时=84ms
[2026-09-29 12:22:09] DEBUG | 匹配[快速]: 匹配中 (4匹配中（中上）.png), conf=0.925, 55ms
[2026-09-29 12:22:09] DEBUG | 循环#38417 总耗时=141ms
[2026-09-29 12:22:09] DEBUG | 截图: 3840x2160, 耗时=79ms
[2026-09-29 12:22:09] DEBUG | 匹配[快速]: 匹配中 (4匹配中（中上）.png), conf=0.923, 56ms
[2026-09-29 12:22:09] DEBUG | 循环#38418 总耗时=139ms
[2026-09-29 12:22:09] DEBUG | 截图: 3840x2160, 耗时=80ms
[2026-09-29 12:22:09] DEBUG | 匹配[快速]: 匹配中 (4匹配中（中上）.png), conf=0.920, 56ms
[2026-09-29 12:22:09] DEBUG | 循环#38419 总耗时=139ms
[2026-09-29 12:22:09] DEBUG | 截图: 3840x2160, 耗时=78ms
[2026-09-29 12:22:10] DEBUG | 匹配[快速]: 匹配中 (4匹配中（中上）.png), conf=0.922, 54ms
[2026-09-29 12:22:10] DEBUG | 循环#38420 总耗时=135ms
[2026-09-29 12:22:10] DEBUG | 截图: 3840x2160, 耗时=77ms
[2026-09-29 12:22:10] DEBUG | 匹配[快速]: 匹配中 (4匹配中（中上）.png), conf=0.922, 55ms
[2026-09-29 12:22:10] DEBUG | 循环#38421 总耗时=136ms
[2026-09-29 12:22:10] DEBUG | 截图: 3840x2160, 耗时=76ms
[2026-09-29 12:22:10] DEBUG | 匹配[快速]: 匹配中 (4匹配中（中上）.png), conf=0.920, 56ms
[2026-09-29 12:22:10] DEBUG | 循环#38422 总耗时=135ms
[2026-09-29 12:22:10] DEBUG | 截图: 3840x2160, 耗时=76ms
[2026-09-29 12:22:10] DEBUG | 匹配[快速]: 匹配中 (4匹配中（中上）.png), conf=0.923, 56ms
[2026-09-29 12:22:10] DEBUG | 循环#38423 总耗时=135ms
[2026-09-29 12:22:11] DEBUG | 截图: 3840x2160, 耗时=80ms
[2026-09-29 12:22:11] DEBUG | 匹配[快速]: 匹配中 (4匹配中（中上）.png), conf=0.913, 55ms
[2026-09-29 12:22:11] DEBUG | 循环#38424 总耗时=138ms
[2026-09-29 12:22:11] DEBUG | 截图: 3840x2160, 耗时=78ms
[2026-09-29 12:22:11] DEBUG | 匹配[快速]: 匹配中 (4匹配中（中上）.png), conf=0.912, 55ms
[2026-09-29 12:22:11] DEBUG | 循环#38425 总耗时=136ms
[2026-09-29 12:22:11] DEBUG | 截图: 3840x2160, 耗时=77ms
[2026-09-29 12:22:11] DEBUG | 匹配[快速]: 匹配中 (4匹配中（中上）.png), conf=0.915, 56ms
[2026-09-29 12:22:11] DEBUG | 循环#38426 总耗时=135ms
[2026-09-29 12:22:12] DEBUG | 截图: 3840x2160, 耗时=74ms
[2026-09-29 12:22:12] DEBUG | 匹配[快速]: 匹配中 (4匹配中（中上）.png), conf=0.912, 55ms
[2026-09-29 12:22:12] DEBUG | 循环#38427 总耗时=133ms
[2026-09-29 12:22:12] DEBUG | 截图: 3840x2160, 耗时=81ms
[2026-09-29 12:22:12] DEBUG | 匹配[快速]: 匹配中 (4匹配中（中上）.png), conf=0.922, 55ms
[2026-09-29 12:22:12] DEBUG | 循环#38428 总耗时=140ms
[2026-09-29 12:22:12] DEBUG | 截图: 3840x2160, 耗时=79ms
[2026-09-29 12:22:12] DEBUG | 匹配[快速]: 匹配中 (4匹配中（中上）.png), conf=0.923, 58ms
[2026-09-29 12:22:12] DEBUG | 循环#38429 总耗时=140ms
[2026-09-29 12:22:12] DEBUG | 截图: 3840x2160, 耗时=79ms
[2026-09-29 12:22:13] DEBUG | 匹配[快速]: 匹配中 (4匹配中（中上）.png), conf=0.921, 55ms
[2026-09-29 12:22:13] DEBUG | 循环#38430 总耗时=137ms
[2026-09-29 12:22:13] DEBUG | 截图: 3840x2160, 耗时=78ms
[2026-09-29 12:22:13] DEBUG | 匹配[快速]: 匹配中 (4匹配中（中上）.png), conf=0.918, 55ms
[2026-09-29 12:22:13] DEBUG | 循环#38431 总耗时=136ms
[2026-09-29 12:22:13] DEBUG | 截图: 3840x2160, 耗时=78ms
[2026-09-29 12:22:13] DEBUG | 匹配[快速]: 匹配中 (4匹配中（中上）.png), conf=0.916, 58ms
[2026-09-29 12:22:13] DEBUG | 循环#38432 总耗时=139ms
[2026-09-29 12:22:13] DEBUG | 截图: 3840x2160, 耗时=80ms
[2026-09-29 12:22:13] DEBUG | 匹配[快速]: 匹配中 (4匹配中（中上）.png), conf=0.916, 54ms
[2026-09-29 12:22:13] DEBUG | 循环#38433 总耗时=136ms
[2026-09-29 12:22:14] DEBUG | 截图: 3840x2160, 耗时=78ms
[2026-09-29 12:22:14] DEBUG | 匹配[快速]: 匹配中 (4匹配中（中上）.png), conf=0.917, 55ms
[2026-09-29 12:22:14] DEBUG | 循环#38434 总耗时=136ms
[2026-09-29 12:22:14] DEBUG | 截图: 3840x2160, 耗时=79ms
[2026-09-29 12:22:14] DEBUG | 匹配[快速]: 匹配中 (4匹配中（中上）.png), conf=0.914, 54ms
[2026-09-29 12:22:14] DEBUG | 循环#38435 总耗时=137ms
[2026-09-29 12:22:14] DEBUG | 截图: 3840x2160, 耗时=79ms
[2026-09-29 12:22:14] DEBUG | 匹配[快速]: 匹配中 (4匹配中（中上）.png), conf=0.916, 57ms
[2026-09-29 12:22:14] DEBUG | 循环#38436 总耗时=138ms
[2026-09-29 12:22:15] DEBUG | 截图: 3840x2160, 耗时=77ms
[2026-09-29 12:22:15] DEBUG | 匹配[快速]: 匹配中 (4匹配中（中上）.png), conf=0.915, 55ms
[2026-09-29 12:22:15] DEBUG | 循环#38437 总耗时=136ms
[2026-09-29 12:22:15] DEBUG | 截图: 3840x2160, 耗时=79ms
[2026-09-29 12:22:15] DEBUG | 匹配[未知], 最高=0.660, 339ms
[2026-09-29 12:22:15] DEBUG | 状态变化: 未知 (置信度=0.660)
[2026-09-29 12:22:16] DEBUG | 截图: 3840x2160, 耗时=87ms
[2026-09-29 12:22:16] DEBUG | 匹配[未知], 最高=0.660, 374ms
[2026-09-29 12:22:16] DEBUG | 截图: 3840x2160, 耗时=79ms
[2026-09-29 12:22:17] DEBUG | 匹配[未知], 最高=0.658, 362ms
[2026-09-29 12:22:17] DEBUG | 截图: 3840x2160, 耗时=77ms
[2026-09-29 12:22:17] DEBUG | 匹配[未知], 最高=0.659, 367ms
[2026-09-29 12:22:18] DEBUG | 截图: 3840x2160, 耗时=79ms
[2026-09-29 12:22:18] DEBUG | 匹配[未知], 最高=0.669, 428ms
[2026-09-29 12:22:19] DEBUG | 截图: 3840x2160, 耗时=78ms
[2026-09-29 12:22:19] DEBUG | 匹配[未知], 最高=0.669, 427ms
[2026-09-29 12:22:19] DEBUG | 截图: 3840x2160, 耗时=79ms
[2026-09-29 12:22:20] DEBUG | 匹配[未知], 最高=0.669, 430ms
[2026-09-29 12:22:20] DEBUG | 截图: 3840x2160, 耗时=78ms
[2026-09-29 12:22:21] DEBUG | 匹配[未知], 最高=0.669, 427ms
[2026-09-29 12:22:21] DEBUG | 截图: 3840x2160, 耗时=76ms
[2026-09-29 12:22:22] DEBUG | 匹配[未知], 最高=0.669, 417ms
[2026-09-29 12:22:22] DEBUG | 截图: 3840x2160, 耗时=83ms
[2026-09-29 12:22:22] DEBUG | 匹配[未知], 最高=0.669, 418ms
[2026-09-29 12:22:23] DEBUG | 截图: 3840x2160, 耗时=78ms
[2026-09-29 12:22:23] DEBUG | 匹配[未知], 最高=0.669, 422ms
[2026-09-29 12:22:24] DEBUG | 截图: 3840x2160, 耗时=86ms
[2026-09-29 12:22:24] DEBUG | 匹配[未知], 最高=0.669, 468ms
[2026-09-29 12:22:24] DEBUG | 截图: 3840x2160, 耗时=97ms
[2026-09-29 12:22:25] DEBUG | 匹配[未知], 最高=0.669, 523ms
[2026-09-29 12:22:25] DEBUG | 截图: 3840x2160, 耗时=87ms
[2026-09-29 12:22:26] DEBUG | 匹配[未知], 最高=0.669, 561ms
[2026-09-29 12:22:26] DEBUG | 截图: 3840x2160, 耗时=83ms
[2026-09-29 12:22:27] DEBUG | 匹配[未知], 最高=0.669, 442ms
[2026-09-29 12:22:27] DEBUG | 截图: 3840x2160, 耗时=86ms
[2026-09-29 12:22:28] DEBUG | 匹配[未知], 最高=0.669, 443ms
[2026-09-29 12:22:28] DEBUG | 截图: 3840x2160, 耗时=74ms
[2026-09-29 12:22:28] DEBUG | 匹配[未知], 最高=0.669, 493ms
[2026-09-29 12:22:29] DEBUG | 截图: 3840x2160, 耗时=87ms
[2026-09-29 12:22:29] DEBUG | 匹配[未知], 最高=0.659, 432ms
[2026-09-29 12:22:30] DEBUG | 截图: 3840x2160, 耗时=86ms
[2026-09-29 12:22:30] DEBUG | 匹配[未知], 最高=0.651, 434ms
[2026-09-29 12:22:30] DEBUG | 截图: 3840x2160, 耗时=80ms
[2026-09-29 12:22:31] DEBUG | 匹配[未知], 最高=0.654, 419ms
[2026-09-29 12:22:31] DEBUG | 截图: 3840x2160, 耗时=93ms
[2026-09-29 12:22:32] DEBUG | 匹配[未知], 最高=0.653, 396ms
[2026-09-29 12:22:32] DEBUG | 截图: 3840x2160, 耗时=85ms
[2026-09-29 12:22:32] DEBUG | 匹配[未知], 最高=0.653, 377ms
[2026-09-29 12:22:33] DEBUG | 截图: 3840x2160, 耗时=102ms
[2026-09-29 12:22:33] DEBUG | 匹配[未知], 最高=0.652, 381ms
[2026-09-29 12:22:34] DEBUG | 截图: 3840x2160, 耗时=84ms
[2026-09-29 12:22:34] DEBUG | 匹配[未知], 最高=0.651, 368ms
[2026-09-29 12:22:34] DEBUG | 截图: 3840x2160, 耗时=93ms
[2026-09-29 12:22:35] DEBUG | 匹配[未知], 最高=0.651, 363ms
[2026-09-29 12:22:35] DEBUG | 截图: 3840x2160, 耗时=92ms
[2026-09-29 12:22:35] DEBUG | 匹配[未知], 最高=0.651, 361ms
[2026-09-29 12:22:36] DEBUG | 截图: 3840x2160, 耗时=90ms
[2026-09-29 12:22:36] DEBUG | 匹配[未知], 最高=0.651, 360ms
[2026-09-29 12:22:37] DEBUG | 截图: 3840x2160, 耗时=85ms
[2026-09-29 12:22:37] DEBUG | 匹配[未知], 最高=0.651, 364ms
[2026-09-29 12:22:37] DEBUG | 截图: 3840x2160, 耗时=91ms
[2026-09-29 12:22:38] DEBUG | 匹配[未知], 最高=0.651, 363ms
[2026-09-29 12:22:38] DEBUG | 截图: 3840x2160, 耗时=89ms
[2026-09-29 12:22:38] DEBUG | 匹配[未知], 最高=0.651, 363ms
[2026-09-29 12:22:39] DEBUG | 截图: 3840x2160, 耗时=83ms
[2026-09-29 12:22:39] DEBUG | 匹配[未知], 最高=0.651, 355ms
[2026-09-29 12:22:40] DEBUG | 截图: 3840x2160, 耗时=90ms
[2026-09-29 12:22:40] DEBUG | 匹配[未知], 最高=0.651, 369ms
[2026-09-29 12:22:40] DEBUG | 截图: 3840x2160, 耗时=84ms
[2026-09-29 12:22:41] DEBUG | 匹配[未知], 最高=0.651, 358ms
[2026-09-29 12:22:41] DEBUG | 截图: 3840x2160, 耗时=82ms
[2026-09-29 12:22:41] DEBUG | 匹配[未知], 最高=0.652, 321ms
[2026-09-29 12:22:42] DEBUG | 截图: 3840x2160, 耗时=86ms
[2026-09-29 12:22:42] DEBUG | 匹配[未知], 最高=0.652, 314ms
[2026-09-29 12:22:43] DEBUG | 截图: 3840x2160, 耗时=86ms
[2026-09-29 12:22:43] DEBUG | 匹配[未知], 最高=0.652, 321ms
[2026-09-29 12:22:43] DEBUG | 截图: 3840x2160, 耗时=86ms
[2026-09-29 12:22:44] DEBUG | 匹配[未知], 最高=0.652, 324ms
[2026-09-29 12:22:44] DEBUG | 截图: 3840x2160, 耗时=81ms
[2026-09-29 12:22:44] DEBUG | 匹配[未知], 最高=0.652, 323ms
[2026-09-29 12:22:45] DEBUG | 截图: 3840x2160, 耗时=87ms
[2026-09-29 12:22:45] DEBUG | 匹配[未知], 最高=0.652, 321ms
[2026-09-29 12:22:45] DEBUG | 截图: 3840x2160, 耗时=89ms
[2026-09-29 12:22:46] DEBUG | 匹配[未知], 最高=0.652, 317ms
[2026-09-29 12:22:46] DEBUG | 截图: 3840x2160, 耗时=86ms
[2026-09-29 12:22:46] DEBUG | 匹配[全量]: 游戏中, conf=0.879, 316ms
[2026-09-29 12:22:46] DEBUG | 状态变化: 游戏中 (置信度=0.879)
[2026-09-29 12:22:47] DEBUG | 截图: 3840x2160, 耗时=82ms
[2026-09-29 12:22:47] DEBUG | 匹配[快速]: 游戏中 (5游戏中2（中上）.png), conf=0.879, 17ms
[2026-09-29 12:22:47] INFO | [游戏中] 按I键
[2026-09-29 12:22:47] DEBUG | 按键 i: 三重发送开始 (scan=0x17, vk=0x49)
[2026-09-29 12:22:47] INFO | 按键: i(扫描码=0x17), 持续 0.3s
[2026-09-29 12:22:47] DEBUG | 循环#38479 总耗时=404ms
[2026-09-29 12:22:47] DEBUG | 截图: 3840x2160, 耗时=86ms
[2026-09-29 12:22:47] DEBUG | 匹配[快速]: 游戏中 (5游戏中2（中上）.png), conf=0.879, 18ms
[2026-09-29 12:22:47] DEBUG | 循环#38480 总耗时=106ms
[2026-09-29 12:22:48] DEBUG | 截图: 3840x2160, 耗时=94ms
[2026-09-29 12:22:48] DEBUG | 匹配[快速]: 游戏中 (5游戏中2（中上）.png), conf=0.878, 18ms
[2026-09-29 12:22:48] DEBUG | 循环#38481 总耗时=114ms
[2026-09-29 12:22:48] DEBUG | 截图: 3840x2160, 耗时=82ms
[2026-09-29 12:22:48] DEBUG | 匹配[快速]: 游戏中 (5游戏中2（中上）.png), conf=0.878, 17ms
[2026-09-29 12:22:48] DEBUG | 循环#38482 总耗时=103ms
[2026-09-29 12:22:48] DEBUG | 截图: 3840x2160, 耗时=82ms
[2026-09-29 12:22:48] DEBUG | 匹配[快速]: 游戏中 (5游戏中2（中上）.png), conf=0.878, 18ms
[2026-09-29 12:22:48] DEBUG | 循环#38483 总耗时=104ms
[2026-09-29 12:22:48] DEBUG | 截图: 3840x2160, 耗时=90ms
[2026-09-29 12:22:48] DEBUG | 匹配[快速]: 游戏中 (5游戏中2（中上）.png), conf=0.880, 20ms
[2026-09-29 12:22:48] DEBUG | 循环#38484 总耗时=112ms
[2026-09-29 12:22:49] DEBUG | 截图: 3840x2160, 耗时=89ms
[2026-09-29 12:22:49] DEBUG | 匹配[快速]: 游戏中 (5游戏中2（中上）.png), conf=0.869, 17ms
[2026-09-29 12:22:49] DEBUG | 循环#38485 总耗时=110ms
[2026-09-29 12:22:49] DEBUG | 截图: 3840x2160, 耗时=98ms
[2026-09-29 12:22:49] DEBUG | 匹配[快速]: 游戏中 (5游戏中2（中上）.png), conf=0.869, 18ms
[2026-09-29 12:22:49] DEBUG | 循环#38486 总耗时=120ms
[2026-09-29 12:22:49] DEBUG | 截图: 3840x2160, 耗时=91ms
[2026-09-29 12:22:49] DEBUG | 匹配[快速]: 游戏中 (5游戏中2（中上）.png), conf=0.869, 18ms
[2026-09-29 12:22:49] DEBUG | 循环#38487 总耗时=114ms
[2026-09-29 12:22:50] DEBUG | 截图: 3840x2160, 耗时=103ms
[2026-09-29 12:22:50] DEBUG | 匹配[快速]: 游戏中 (5游戏中2（中上）.png), conf=0.870, 19ms
[2026-09-29 12:22:50] DEBUG | 循环#38488 总耗时=126ms
[2026-09-29 12:22:50] DEBUG | 截图: 3840x2160, 耗时=103ms
[2026-09-29 12:22:50] DEBUG | 匹配[快速]: 游戏中 (5游戏中2（中上）.png), conf=0.871, 21ms
[2026-09-29 12:22:50] INFO | [游戏中] 按I键
[2026-09-29 12:22:50] DEBUG | 按键 i: 三重发送开始 (scan=0x17, vk=0x49)
[2026-09-29 12:22:50] INFO | 按键: i(扫描码=0x17), 持续 0.3s
[2026-09-29 12:22:50] DEBUG | 循环#38489 总耗时=431ms
[2026-09-29 12:22:50] DEBUG | 截图: 3840x2160, 耗时=94ms
[2026-09-29 12:22:50] DEBUG | 匹配[快速]: 游戏中 (5游戏中2（中上）.png), conf=0.872, 19ms
[2026-09-29 12:22:50] DEBUG | 循环#38490 总耗时=118ms
[2026-09-29 12:22:51] DEBUG | 截图: 3840x2160, 耗时=90ms
[2026-09-29 12:22:51] DEBUG | 匹配[快速]: 游戏中 (5游戏中2（中上）.png), conf=0.872, 21ms
[2026-09-29 12:22:51] DEBUG | 循环#38491 总耗时=115ms
[2026-09-29 12:22:51] DEBUG | 截图: 3840x2160, 耗时=95ms
[2026-09-29 12:22:51] DEBUG | 匹配[快速]: 游戏中 (5游戏中2（中上）.png), conf=0.872, 20ms
[2026-09-29 12:22:51] DEBUG | 循环#38492 总耗时=119ms
[2026-09-29 12:22:51] DEBUG | 截图: 3840x2160, 耗时=98ms
[2026-09-29 12:22:51] DEBUG | 匹配[快速]: 游戏中 (5游戏中2（中上）.png), conf=0.872, 19ms
[2026-09-29 12:22:51] DEBUG | 循环#38493 总耗时=121ms
[2026-09-29 12:22:52] DEBUG | 截图: 3840x2160, 耗时=100ms
[2026-09-29 12:22:52] DEBUG | 匹配[快速]: 游戏中 (5游戏中2（中上）.png), conf=0.872, 21ms
[2026-09-29 12:22:52] DEBUG | 循环#38494 总耗时=125ms
[2026-09-29 12:22:52] DEBUG | 截图: 3840x2160, 耗时=101ms
[2026-09-29 12:22:52] DEBUG | 匹配[快速]: 游戏中 (5游戏中2（中上）.png), conf=0.872, 21ms
[2026-09-29 12:22:52] DEBUG | 循环#38495 总耗时=126ms
[2026-09-29 12:22:52] DEBUG | 截图: 3840x2160, 耗时=91ms
[2026-09-29 12:22:52] DEBUG | 匹配[快速]: 游戏中 (5游戏中2（中上）.png), conf=0.872, 18ms
[2026-09-29 12:22:52] DEBUG | 循环#38496 总耗时=115ms
[2026-09-29 12:22:52] DEBUG | 截图: 3840x2160, 耗时=102ms
[2026-09-29 12:22:52] DEBUG | 匹配[快速]: 游戏中 (5游戏中2（中上）.png), conf=0.872, 20ms
[2026-09-29 12:22:52] DEBUG | 循环#38497 总耗时=125ms
[2026-09-29 12:22:53] DEBUG | 截图: 3840x2160, 耗时=90ms
[2026-09-29 12:22:53] DEBUG | 匹配[快速]: 游戏中 (5游戏中2（中上）.png), conf=0.872, 27ms
[2026-09-29 12:22:53] DEBUG | 循环#38498 总耗时=122ms
[2026-09-29 12:22:53] DEBUG | 截图: 3840x2160, 耗时=86ms
[2026-09-29 12:22:53] DEBUG | 匹配[快速]: 游戏中 (5游戏中2（中上）.png), conf=0.872, 16ms
[2026-09-29 12:22:53] INFO | [游戏中] 按I键
[2026-09-29 12:22:53] DEBUG | 按键 i: 三重发送开始 (scan=0x17, vk=0x49)
[2026-09-29 12:22:53] INFO | 按键: i(扫描码=0x17), 持续 0.3s
[2026-09-29 12:22:53] DEBUG | 循环#38499 总耗时=409ms
[2026-09-29 12:22:53] DEBUG | 截图: 3840x2160, 耗时=90ms
[2026-09-29 12:22:53] DEBUG | 匹配[快速]: 游戏中 (5游戏中2（中上）.png), conf=0.876, 16ms
[2026-09-29 12:22:53] DEBUG | 循环#38500 总耗时=110ms
[2026-09-29 12:22:54] DEBUG | 截图: 3840x2160, 耗时=88ms
[2026-09-29 12:22:54] DEBUG | 匹配[快速]: 游戏中 (5游戏中2（中上）.png), conf=0.870, 18ms
[2026-09-29 12:22:54] DEBUG | 循环#38501 总耗时=109ms
[2026-09-29 12:22:54] DEBUG | 截图: 3840x2160, 耗时=89ms
[2026-09-29 12:22:54] DEBUG | 匹配[快速]: 游戏中 (5游戏中2（中上）.png), conf=0.870, 16ms
[2026-09-29 12:22:54] DEBUG | 循环#38502 总耗时=109ms
[2026-09-29 12:22:54] DEBUG | 截图: 3840x2160, 耗时=87ms
[2026-09-29 12:22:54] DEBUG | 匹配[快速]: 游戏中 (5游戏中2（中上）.png), conf=0.870, 18ms
[2026-09-29 12:22:54] DEBUG | 循环#38503 总耗时=109ms
[2026-09-29 12:22:55] DEBUG | 截图: 3840x2160, 耗时=98ms
[2026-09-29 12:22:55] DEBUG | 匹配[快速]: 游戏中 (5游戏中2（中上）.png), conf=0.870, 17ms
[2026-09-29 12:22:55] DEBUG | 循环#38504 总耗时=119ms
[2026-09-29 12:22:55] DEBUG | 截图: 3840x2160, 耗时=86ms
[2026-09-29 12:22:55] DEBUG | 匹配[快速]: 游戏中 (5游戏中2（中上）.png), conf=0.870, 19ms
[2026-09-29 12:22:55] DEBUG | 循环#38505 总耗时=109ms
[2026-09-29 12:22:55] DEBUG | 截图: 3840x2160, 耗时=92ms
[2026-09-29 12:22:55] DEBUG | 匹配[快速]: 游戏中 (5游戏中2（中上）.png), conf=0.870, 17ms
[2026-09-29 12:22:55] DEBUG | 循环#38506 总耗时=113ms
[2026-09-29 12:22:56] DEBUG | 截图: 3840x2160, 耗时=87ms
[2026-09-29 12:22:56] DEBUG | 匹配[快速]: 游戏中 (5游戏中2（中上）.png), conf=0.870, 21ms
[2026-09-29 12:22:56] DEBUG | 循环#38507 总耗时=113ms
[2026-09-29 12:22:56] DEBUG | 截图: 3840x2160, 耗时=85ms
[2026-09-29 12:22:56] DEBUG | 匹配[快速]: 游戏中 (5游戏中2（中上）.png), conf=0.870, 17ms
[2026-09-29 12:22:56] DEBUG | 循环#38508 总耗时=106ms
[2026-09-29 12:22:56] DEBUG | 截图: 3840x2160, 耗时=84ms
[2026-09-29 12:22:56] DEBUG | 匹配[快速]: 游戏中 (5游戏中2（中上）.png), conf=0.871, 17ms
[2026-09-29 12:22:56] INFO | [游戏中] 按I键
[2026-09-29 12:22:56] DEBUG | 按键 i: 三重发送开始 (scan=0x17, vk=0x49)
[2026-09-29 12:22:56] INFO | 按键: i(扫描码=0x17), 持续 0.3s
[2026-09-29 12:22:56] DEBUG | 循环#38509 总耗时=407ms
[2026-09-29 12:22:57] DEBUG | 截图: 3840x2160, 耗时=91ms
[2026-09-29 12:22:57] DEBUG | 匹配[快速]: 游戏中 (5游戏中2（中上）.png), conf=0.869, 17ms
[2026-09-29 12:22:57] DEBUG | 循环#38510 总耗时=112ms
[2026-09-29 12:22:57] DEBUG | 截图: 3840x2160, 耗时=95ms
[2026-09-29 12:22:57] DEBUG | 匹配[快速]: 游戏中 (5游戏中2（中上）.png), conf=0.879, 17ms
[2026-09-29 12:22:57] DEBUG | 循环#38511 总耗时=116ms
[2026-09-29 12:22:57] DEBUG | 截图: 3840x2160, 耗时=89ms
[2026-09-29 12:22:57] DEBUG | 匹配[快速]: 游戏中 (5游戏中2（中上）.png), conf=0.879, 18ms
[2026-09-29 12:22:57] DEBUG | 循环#38512 总耗时=111ms
[2026-09-29 12:22:57] DEBUG | 截图: 3840x2160, 耗时=89ms
[2026-09-29 12:22:57] DEBUG | 匹配[快速]: 游戏中 (5游戏中2（中上）.png), conf=0.879, 18ms
[2026-09-29 12:22:57] DEBUG | 循环#38513 总耗时=111ms
[2026-09-29 12:22:58] DEBUG | 截图: 3840x2160, 耗时=85ms
[2026-09-29 12:22:58] DEBUG | 匹配[快速]: 游戏中 (5游戏中2（中上）.png), conf=0.873, 19ms
[2026-09-29 12:22:58] DEBUG | 循环#38514 总耗时=108ms
[2026-09-29 12:22:58] DEBUG | 截图: 3840x2160, 耗时=93ms
[2026-09-29 12:22:58] DEBUG | 匹配[快速]: 游戏中 (5游戏中2（中上）.png), conf=0.872, 17ms
[2026-09-29 12:22:58] DEBUG | 循环#38515 总耗时=115ms
[2026-09-29 12:22:58] DEBUG | 截图: 3840x2160, 耗时=87ms
[2026-09-29 12:22:58] DEBUG | 匹配[快速]: 游戏中 (5游戏中2（中上）.png), conf=0.877, 18ms
[2026-09-29 12:22:58] DEBUG | 循环#38516 总耗时=110ms
[2026-09-29 12:22:59] DEBUG | 截图: 3840x2160, 耗时=102ms
[2026-09-29 12:22:59] DEBUG | 匹配[快速]: 游戏中 (5游戏中2（中上）.png), conf=0.879, 18ms
[2026-09-29 12:22:59] DEBUG | 循环#38517 总耗时=124ms
[2026-09-29 12:22:59] DEBUG | 截图: 3840x2160, 耗时=90ms
[2026-09-29 12:22:59] DEBUG | 匹配[快速]: 游戏中 (5游戏中2（中上）.png), conf=0.878, 18ms
[2026-09-29 12:22:59] DEBUG | 循环#38518 总耗时=114ms
[2026-09-29 12:22:59] DEBUG | 截图: 3840x2160, 耗时=96ms
[2026-09-29 12:22:59] DEBUG | 匹配[快速]: 游戏中 (5游戏中2（中上）.png), conf=0.873, 17ms
[2026-09-29 12:22:59] INFO | [游戏中] 按I键
[2026-09-29 12:22:59] DEBUG | 按键 i: 三重发送开始 (scan=0x17, vk=0x49)
[2026-09-29 12:23:00] INFO | 按键: i(扫描码=0x17), 持续 0.3s
[2026-09-29 12:23:00] DEBUG | 循环#38519 总耗时=419ms
[2026-09-29 12:23:00] DEBUG | 截图: 3840x2160, 耗时=100ms
[2026-09-29 12:23:00] DEBUG | 匹配[快速]: 游戏中 (5游戏中2（中上）.png), conf=0.874, 19ms
[2026-09-29 12:23:00] DEBUG | 循环#38520 总耗时=124ms
[2026-09-29 12:23:00] DEBUG | 截图: 3840x2160, 耗时=95ms
[2026-09-29 12:23:00] DEBUG | 匹配[快速]: 游戏中 (5游戏中2（中上）.png), conf=0.876, 21ms
[2026-09-29 12:23:00] DEBUG | 循环#38521 总耗时=121ms
[2026-09-29 12:23:00] DEBUG | 截图: 3840x2160, 耗时=91ms
[2026-09-29 12:23:00] DEBUG | 匹配[快速]: 游戏中 (5游戏中2（中上）.png), conf=0.876, 17ms
[2026-09-29 12:23:00] DEBUG | 循环#38522 总耗时=113ms
[2026-09-29 12:23:01] DEBUG | 截图: 3840x2160, 耗时=104ms
[2026-09-29 12:23:01] DEBUG | 匹配[快速]: 游戏中 (5游戏中2（中上）.png), conf=0.879, 23ms
[2026-09-29 12:23:01] DEBUG | 循环#38523 总耗时=131ms
[2026-09-29 12:23:01] DEBUG | 截图: 3840x2160, 耗时=107ms
[2026-09-29 12:23:01] DEBUG | 匹配[快速]: 游戏中 (5游戏中2（中上）.png), conf=0.876, 21ms
[2026-09-29 12:23:01] DEBUG | 循环#38524 总耗时=134ms
[2026-09-29 12:23:01] DEBUG | 截图: 3840x2160, 耗时=100ms
[2026-09-29 12:23:01] DEBUG | 匹配[快速]: 游戏中 (5游戏中2（中上）.png), conf=0.879, 19ms
[2026-09-29 12:23:01] DEBUG | 循环#38525 总耗时=124ms
[2026-09-29 12:23:02] DEBUG | 截图: 3840x2160, 耗时=109ms
[2026-09-29 12:23:02] DEBUG | 匹配[快速]: 游戏中 (5游戏中2（中上）.png), conf=0.876, 21ms
[2026-09-29 12:23:02] DEBUG | 循环#38526 总耗时=134ms
[2026-09-29 12:23:02] DEBUG | 截图: 3840x2160, 耗时=85ms
[2026-09-29 12:23:02] DEBUG | 匹配[快速]: 游戏中 (5游戏中2（中上）.png), conf=0.876, 16ms
[2026-09-29 12:23:02] DEBUG | 循环#38527 总耗时=106ms
[2026-09-29 12:23:02] DEBUG | 截图: 3840x2160, 耗时=81ms
[2026-09-29 12:23:02] DEBUG | 匹配[快速]: 游戏中 (5游戏中2（中上）.png), conf=0.876, 17ms
[2026-09-29 12:23:02] DEBUG | 循环#38528 总耗时=101ms
[2026-09-29 12:23:02] DEBUG | 截图: 3840x2160, 耗时=81ms
[2026-09-29 12:23:03] DEBUG | 匹配[未知], 最高=0.550, 373ms
[2026-09-29 12:23:03] DEBUG | 状态变化: 未知 (置信度=0.550)
[2026-09-29 12:23:03] DEBUG | 截图: 3840x2160, 耗时=84ms
[2026-09-29 12:23:04] DEBUG | 匹配[全量]: 游戏中, conf=0.879, 465ms
[2026-09-29 12:23:04] DEBUG | 状态变化: 游戏中 (置信度=0.879)
[2026-09-29 12:23:04] DEBUG | 截图: 3840x2160, 耗时=91ms
[2026-09-29 12:23:04] DEBUG | 匹配[快速]: 游戏中 (5游戏中2（中上）.png), conf=0.871, 19ms
[2026-09-29 12:23:04] INFO | [游戏中] 按I键
[2026-09-29 12:23:04] DEBUG | 按键 i: 三重发送开始 (scan=0x17, vk=0x49)
[2026-09-29 12:23:04] INFO | 按键: i(扫描码=0x17), 持续 0.3s
[2026-09-29 12:23:04] DEBUG | 循环#38531 总耗时=415ms
[2026-09-29 12:23:04] DEBUG | 截图: 3840x2160, 耗时=87ms
[2026-09-29 12:23:04] DEBUG | 匹配[快速]: 游戏中 (5游戏中2（中上）.png), conf=0.871, 18ms
[2026-09-29 12:23:04] DEBUG | 循环#38532 总耗时=109ms
[2026-09-29 12:23:05] DEBUG | 截图: 3840x2160, 耗时=84ms
[2026-09-29 12:23:05] DEBUG | 匹配[快速]: 游戏中 (5游戏中2（中上）.png), conf=0.871, 18ms
[2026-09-29 12:23:05] DEBUG | 循环#38533 总耗时=105ms
[2026-09-29 12:23:05] DEBUG | 截图: 3840x2160, 耗时=88ms
[2026-09-29 12:23:05] DEBUG | 匹配[快速]: 游戏中 (5游戏中2（中上）.png), conf=0.871, 17ms
[2026-09-29 12:23:05] DEBUG | 循环#38534 总耗时=110ms
[2026-09-29 12:23:05] DEBUG | 截图: 3840x2160, 耗时=88ms
[2026-09-29 12:23:05] DEBUG | 匹配[快速]: 游戏中 (5游戏中2（中上）.png), conf=0.871, 19ms
[2026-09-29 12:23:05] DEBUG | 循环#38535 总耗时=111ms
[2026-09-29 12:23:06] DEBUG | 截图: 3840x2160, 耗时=90ms
[2026-09-29 12:23:06] DEBUG | 匹配[快速]: 游戏中 (5游戏中2（中上）.png), conf=0.870, 17ms
[2026-09-29 12:23:06] DEBUG | 循环#38536 总耗时=111ms
[2026-09-29 12:23:06] DEBUG | 截图: 3840x2160, 耗时=83ms
[2026-09-29 12:23:06] DEBUG | 匹配[快速]: 游戏中 (5游戏中2（中上）.png), conf=0.870, 17ms
[2026-09-29 12:23:06] DEBUG | 循环#38537 总耗时=104ms
[2026-09-29 12:23:06] DEBUG | 截图: 3840x2160, 耗时=94ms
[2026-09-29 12:23:06] DEBUG | 匹配[快速]: 游戏中 (5游戏中2（中上）.png), conf=0.871, 20ms
[2026-09-29 12:23:06] DEBUG | 循环#38538 总耗时=118ms
[2026-09-29 12:23:07] DEBUG | 截图: 3840x2160, 耗时=94ms
[2026-09-29 12:23:07] DEBUG | 匹配[快速]: 游戏中 (5游戏中2（中上）.png), conf=0.870, 18ms
[2026-09-29 12:23:07] DEBUG | 循环#38539 总耗时=117ms
[2026-09-29 12:23:07] DEBUG | 截图: 3840x2160, 耗时=103ms
[2026-09-29 12:23:07] DEBUG | 匹配[快速]: 游戏中 (5游戏中2（中上）.png), conf=0.870, 18ms
[2026-09-29 12:23:07] DEBUG | 循环#38540 总耗时=124ms
[2026-09-29 12:23:07] DEBUG | 截图: 3840x2160, 耗时=96ms
[2026-09-29 12:23:07] DEBUG | 匹配[快速]: 游戏中 (5游戏中2（中上）.png), conf=0.869, 17ms
[2026-09-29 12:23:07] INFO | [游戏中] 按I键
[2026-09-29 12:23:07] DEBUG | 按键 i: 三重发送开始 (scan=0x17, vk=0x49)
[2026-09-29 12:23:07] INFO | 按键: i(扫描码=0x17), 持续 0.3s
[2026-09-29 12:23:07] DEBUG | 循环#38541 总耗时=419ms
[2026-09-29 12:23:08] DEBUG | 截图: 3840x2160, 耗时=105ms
[2026-09-29 12:23:08] DEBUG | 匹配[快速]: 游戏中 (5游戏中2（中上）.png), conf=0.876, 17ms
[2026-09-29 12:23:08] DEBUG | 循环#38542 总耗时=126ms
[2026-09-29 12:23:08] DEBUG | 截图: 3840x2160, 耗时=96ms
[2026-09-29 12:23:08] DEBUG | 匹配[快速]: 游戏中 (5游戏中2（中上）.png), conf=0.873, 18ms
[2026-09-29 12:23:08] DEBUG | 循环#38543 总耗时=118ms
[2026-09-29 12:23:08] DEBUG | 截图: 3840x2160, 耗时=92ms
[2026-09-29 12:23:08] DEBUG | 匹配[快速]: 游戏中 (5游戏中2（中上）.png), conf=0.870, 17ms
[2026-09-29 12:23:08] DEBUG | 循环#38544 总耗时=114ms
[2026-09-29 12:23:08] DEBUG | 截图: 3840x2160, 耗时=101ms
[2026-09-29 12:23:08] DEBUG | 匹配[快速]: 游戏中 (5游戏中2（中上）.png), conf=0.878, 21ms
[2026-09-29 12:23:08] DEBUG | 循环#38545 总耗时=127ms
[2026-09-29 12:23:09] DEBUG | 截图: 3840x2160, 耗时=100ms
[2026-09-29 12:23:09] DEBUG | 匹配[快速]: 游戏中 (5游戏中2（中上）.png), conf=0.870, 18ms
[2026-09-29 12:23:09] DEBUG | 循环#38546 总耗时=122ms
[2026-09-29 12:23:09] DEBUG | 截图: 3840x2160, 耗时=87ms
[2026-09-29 12:23:09] DEBUG | 匹配[快速]: 游戏中 (5游戏中2（中上）.png), conf=0.870, 23ms
[2026-09-29 12:23:09] DEBUG | 循环#38547 总耗时=116ms
[2026-09-29 12:23:09] DEBUG | 截图: 3840x2160, 耗时=85ms
[2026-09-29 12:23:09] DEBUG | 匹配[快速]: 游戏中 (5游戏中2（中上）.png), conf=0.870, 16ms
[2026-09-29 12:23:09] DEBUG | 循环#38548 总耗时=105ms
[2026-09-29 12:23:10] DEBUG | 截图: 3840x2160, 耗时=85ms
[2026-09-29 12:23:10] DEBUG | 匹配[快速]: 游戏中 (5游戏中2（中上）.png), conf=0.870, 18ms
[2026-09-29 12:23:10] DEBUG | 循环#38549 总耗时=106ms
[2026-09-29 12:23:10] DEBUG | 截图: 3840x2160, 耗时=87ms
[2026-09-29 12:23:10] DEBUG | 匹配[快速]: 游戏中 (5游戏中2（中上）.png), conf=0.870, 18ms
[2026-09-29 12:23:10] DEBUG | 循环#38550 总耗时=107ms
[2026-09-29 12:23:10] DEBUG | 截图: 3840x2160, 耗时=85ms
[2026-09-29 12:23:10] DEBUG | 匹配[快速]: 游戏中 (5游戏中2（中上）.png), conf=0.870, 17ms
[2026-09-29 12:23:10] INFO | [游戏中] 按I键
[2026-09-29 12:23:10] DEBUG | 按键 i: 三重发送开始 (scan=0x17, vk=0x49)
[2026-09-29 12:23:11] INFO | 按键: i(扫描码=0x17), 持续 0.3s
[2026-09-29 12:23:11] DEBUG | 循环#38551 总耗时=408ms
[2026-09-29 12:23:11] DEBUG | 截图: 3840x2160, 耗时=85ms
[2026-09-29 12:23:11] DEBUG | 匹配[快速]: 游戏中 (5游戏中2（中上）.png), conf=0.871, 18ms
[2026-09-29 12:23:11] DEBUG | 循环#38552 总耗时=105ms
[2026-09-29 12:23:11] DEBUG | 截图: 3840x2160, 耗时=81ms
[2026-09-29 12:23:11] DEBUG | 匹配[快速]: 游戏中 (5游戏中2（中上）.png), conf=0.871, 17ms
[2026-09-29 12:23:11] DEBUG | 循环#38553 总耗时=100ms
[2026-09-29 12:23:11] DEBUG | 截图: 3840x2160, 耗时=85ms
[2026-09-29 12:23:11] DEBUG | 匹配[快速]: 游戏中 (5游戏中2（中上）.png), conf=0.870, 16ms
[2026-09-29 12:23:11] DEBUG | 循环#38554 总耗时=105ms
[2026-09-29 12:23:12] DEBUG | 截图: 3840x2160, 耗时=80ms
[2026-09-29 12:23:12] DEBUG | 匹配[快速]: 游戏中 (5游戏中2（中上）.png), conf=0.879, 17ms
[2026-09-29 12:23:12] DEBUG | 循环#38555 总耗时=100ms
[2026-09-29 12:23:12] DEBUG | 截图: 3840x2160, 耗时=85ms
[2026-09-29 12:23:12] DEBUG | 匹配[快速]: 游戏中 (5游戏中2（中上）.png), conf=0.878, 18ms
[2026-09-29 12:23:12] DEBUG | 循环#38556 总耗时=106ms
[2026-09-29 12:23:12] DEBUG | 截图: 3840x2160, 耗时=90ms
[2026-09-29 12:23:12] DEBUG | 匹配[快速]: 游戏中 (5游戏中2（中上）.png), conf=0.875, 17ms
[2026-09-29 12:23:12] DEBUG | 循环#38557 总耗时=110ms
[2026-09-29 12:23:12] DEBUG | 截图: 3840x2160, 耗时=86ms
[2026-09-29 12:23:12] DEBUG | 匹配[快速]: 游戏中 (5游戏中2（中上）.png), conf=0.879, 17ms
[2026-09-29 12:23:12] DEBUG | 循环#38558 总耗时=106ms
[2026-09-29 12:23:13] DEBUG | 截图: 3840x2160, 耗时=87ms
[2026-09-29 12:23:13] DEBUG | 匹配[快速]: 游戏中 (5游戏中2（中上）.png), conf=0.880, 18ms
[2026-09-29 12:23:13] DEBUG | 循环#38559 总耗时=108ms
[2026-09-29 12:23:13] DEBUG | 截图: 3840x2160, 耗时=87ms
[2026-09-29 12:23:13] DEBUG | 匹配[快速]: 游戏中 (5游戏中2（中上）.png), conf=0.879, 18ms
[2026-09-29 12:23:13] DEBUG | 循环#38560 总耗时=109ms
[2026-09-29 12:23:13] DEBUG | 截图: 3840x2160, 耗时=89ms
[2026-09-29 12:23:13] DEBUG | 匹配[快速]: 游戏中 (5游戏中2（中上）.png), conf=0.879, 17ms
[2026-09-29 12:23:13] INFO | [游戏中] 按I键
[2026-09-29 12:23:13] DEBUG | 按键 i: 三重发送开始 (scan=0x17, vk=0x49)
[2026-09-29 12:23:14] INFO | 按键: i(扫描码=0x17), 持续 0.3s
[2026-09-29 12:23:14] DEBUG | 循环#38561 总耗时=412ms
[2026-09-29 12:23:14] DEBUG | 截图: 3840x2160, 耗时=88ms
[2026-09-29 12:23:14] DEBUG | 匹配[快速]: 游戏中 (5游戏中2（中上）.png), conf=0.878, 19ms
[2026-09-29 12:23:14] DEBUG | 循环#38562 总耗时=110ms
[2026-09-29 12:23:14] DEBUG | 截图: 3840x2160, 耗时=95ms
[2026-09-29 12:23:14] DEBUG | 匹配[快速]: 游戏中 (5游戏中2（中上）.png), conf=0.876, 17ms
[2026-09-29 12:23:14] DEBUG | 循环#38563 总耗时=115ms
[2026-09-29 12:23:14] DEBUG | 截图: 3840x2160, 耗时=92ms
[2026-09-29 12:23:14] DEBUG | 匹配[快速]: 游戏中 (5游戏中2（中上）.png), conf=0.872, 19ms
[2026-09-29 12:23:14] DEBUG | 循环#38564 总耗时=114ms
[2026-09-29 12:23:15] DEBUG | 截图: 3840x2160, 耗时=88ms
[2026-09-29 12:23:15] DEBUG | 匹配[快速]: 游戏中 (5游戏中2（中上）.png), conf=0.876, 19ms
[2026-09-29 12:23:15] DEBUG | 循环#38565 总耗时=111ms
[2026-09-29 12:23:15] DEBUG | 截图: 3840x2160, 耗时=87ms
[2026-09-29 12:23:15] DEBUG | 匹配[快速]: 游戏中 (5游戏中2（中上）.png), conf=0.870, 16ms
[2026-09-29 12:23:15] DEBUG | 循环#38566 总耗时=106ms
[2026-09-29 12:23:15] DEBUG | 截图: 3840x2160, 耗时=87ms
[2026-09-29 12:23:15] DEBUG | 匹配[快速]: 游戏中 (5游戏中2（中上）.png), conf=0.870, 19ms
[2026-09-29 12:23:15] DEBUG | 循环#38567 总耗时=110ms
[2026-09-29 12:23:16] DEBUG | 截图: 3840x2160, 耗时=91ms
[2026-09-29 12:23:16] DEBUG | 匹配[快速]: 游戏中 (5游戏中2（中上）.png), conf=0.870, 17ms
[2026-09-29 12:23:16] DEBUG | 循环#38568 总耗时=111ms
[2026-09-29 12:23:16] DEBUG | 截图: 3840x2160, 耗时=84ms
[2026-09-29 12:23:16] DEBUG | 匹配[快速]: 游戏中 (5游戏中2（中上）.png), conf=0.870, 18ms
[2026-09-29 12:23:16] DEBUG | 循环#38569 总耗时=106ms
[2026-09-29 12:23:16] DEBUG | 截图: 3840x2160, 耗时=84ms
[2026-09-29 12:23:16] DEBUG | 匹配[快速]: 游戏中 (5游戏中2（中上）.png), conf=0.870, 19ms
[2026-09-29 12:23:16] DEBUG | 循环#38570 总耗时=107ms
[2026-09-29 12:23:16] DEBUG | 截图: 3840x2160, 耗时=82ms
[2026-09-29 12:23:16] DEBUG | 匹配[快速]: 游戏中 (5游戏中2（中上）.png), conf=0.870, 18ms
[2026-09-29 12:23:16] INFO | [游戏中] 按I键
[2026-09-29 12:23:16] DEBUG | 按键 i: 三重发送开始 (scan=0x17, vk=0x49)
[2026-09-29 12:23:17] INFO | 按键: i(扫描码=0x17), 持续 0.3s
[2026-09-29 12:23:17] DEBUG | 循环#38571 总耗时=406ms
[2026-09-29 12:23:17] DEBUG | 截图: 3840x2160, 耗时=93ms
[2026-09-29 12:23:17] DEBUG | 匹配[快速]: 游戏中 (5游戏中2（中上）.png), conf=0.870, 17ms
[2026-09-29 12:23:17] DEBUG | 循环#38572 总耗时=113ms
[2026-09-29 12:23:17] DEBUG | 截图: 3840x2160, 耗时=84ms
[2026-09-29 12:23:17] DEBUG | 匹配[快速]: 游戏中 (5游戏中2（中上）.png), conf=0.868, 17ms
[2026-09-29 12:23:17] DEBUG | 循环#38573 总耗时=105ms
[2026-09-29 12:23:17] DEBUG | 截图: 3840x2160, 耗时=85ms
[2026-09-29 12:23:18] DEBUG | 匹配[快速]: 游戏中 (5游戏中2（中上）.png), conf=0.871, 18ms
[2026-09-29 12:23:18] DEBUG | 循环#38574 总耗时=118ms
[2026-09-29 12:23:18] DEBUG | 截图: 3840x2160, 耗时=84ms
[2026-09-29 12:23:18] DEBUG | 匹配[快速]: 游戏中 (5游戏中2（中上）.png), conf=0.878, 18ms
[2026-09-29 12:23:18] DEBUG | 循环#38575 总耗时=106ms
[2026-09-29 12:23:18] DEBUG | 截图: 3840x2160, 耗时=84ms
[2026-09-29 12:23:18] DEBUG | 匹配[快速]: 游戏中 (5游戏中2（中上）.png), conf=0.871, 17ms
[2026-09-29 12:23:18] DEBUG | 循环#38576 总耗时=104ms
[2026-09-29 12:23:18] DEBUG | 截图: 3840x2160, 耗时=86ms
[2026-09-29 12:23:18] DEBUG | 匹配[快速]: 游戏中 (5游戏中2（中上）.png), conf=0.871, 16ms
[2026-09-29 12:23:18] DEBUG | 循环#38577 总耗时=106ms
[2026-09-29 12:23:19] DEBUG | 截图: 3840x2160, 耗时=92ms
[2026-09-29 12:23:19] DEBUG | 匹配[快速]: 游戏中 (5游戏中2（中上）.png), conf=0.871, 19ms
[2026-09-29 12:23:19] DEBUG | 循环#38578 总耗时=115ms
[2026-09-29 12:23:19] DEBUG | 截图: 3840x2160, 耗时=98ms
[2026-09-29 12:23:19] DEBUG | 匹配[快速]: 游戏中 (5游戏中2（中上）.png), conf=0.868, 18ms
[2026-09-29 12:23:19] DEBUG | 循环#38579 总耗时=120ms
[2026-09-29 12:23:19] DEBUG | 截图: 3840x2160, 耗时=94ms
[2026-09-29 12:23:19] DEBUG | 匹配[快速]: 游戏中 (5游戏中2（中上）.png), conf=0.879, 19ms
[2026-09-29 12:23:19] DEBUG | 循环#38580 总耗时=118ms
[2026-09-29 12:23:20] DEBUG | 截图: 3840x2160, 耗时=94ms
[2026-09-29 12:23:20] DEBUG | 匹配[快速]: 游戏中 (5游戏中2（中上）.png), conf=0.865, 19ms
[2026-09-29 12:23:20] INFO | [游戏中] 按I键
[2026-09-29 12:23:20] DEBUG | 按键 i: 三重发送开始 (scan=0x17, vk=0x49)
[2026-09-29 12:23:20] INFO | 按键: i(扫描码=0x17), 持续 0.3s
[2026-09-29 12:23:20] DEBUG | 循环#38581 总耗时=420ms
[2026-09-29 12:23:20] DEBUG | 截图: 3840x2160, 耗时=94ms
[2026-09-29 12:23:20] DEBUG | 匹配[快速]: 游戏中 (5游戏中2（中上）.png), conf=0.871, 21ms
[2026-09-29 12:23:20] DEBUG | 循环#38582 总耗时=118ms
[2026-09-29 12:23:20] DEBUG | 截图: 3840x2160, 耗时=89ms
[2026-09-29 12:23:20] DEBUG | 匹配[快速]: 游戏中 (5游戏中2（中上）.png), conf=0.871, 21ms
[2026-09-29 12:23:20] DEBUG | 循环#38583 总耗时=115ms
[2026-09-29 12:23:21] DEBUG | 截图: 3840x2160, 耗时=91ms
[2026-09-29 12:23:21] DEBUG | 匹配[快速]: 游戏中 (5游戏中2（中上）.png), conf=0.871, 19ms
[2026-09-29 12:23:21] DEBUG | 循环#38584 总耗时=114ms
[2026-09-29 12:23:21] DEBUG | 截图: 3840x2160, 耗时=89ms
[2026-09-29 12:23:21] DEBUG | 匹配[快速]: 游戏中 (5游戏中2（中上）.png), conf=0.871, 18ms
[2026-09-29 12:23:21] DEBUG | 循环#38585 总耗时=111ms
[2026-09-29 12:23:21] DEBUG | 截图: 3840x2160, 耗时=92ms
[2026-09-29 12:23:21] DEBUG | 匹配[快速]: 游戏中 (5游戏中2（中上）.png), conf=0.870, 20ms
[2026-09-29 12:23:21] DEBUG | 循环#38586 总耗时=117ms
[2026-09-29 12:23:22] DEBUG | 截图: 3840x2160, 耗时=92ms
[2026-09-29 12:23:22] DEBUG | 匹配[快速]: 游戏中 (5游戏中2（中上）.png), conf=0.869, 18ms
[2026-09-29 12:23:22] DEBUG | 循环#38587 总耗时=114ms
[2026-09-29 12:23:22] DEBUG | 截图: 3840x2160, 耗时=91ms
[2026-09-29 12:23:22] DEBUG | 匹配[快速]: 游戏中 (5游戏中2（中上）.png), conf=0.870, 20ms
[2026-09-29 12:23:22] DEBUG | 循环#38588 总耗时=114ms
[2026-09-29 12:23:22] DEBUG | 截图: 3840x2160, 耗时=93ms
[2026-09-29 12:23:22] DEBUG | 匹配[快速]: 游戏中 (5游戏中2（中上）.png), conf=0.869, 20ms
[2026-09-29 12:23:22] DEBUG | 循环#38589 总耗时=116ms
[2026-09-29 12:23:22] DEBUG | 截图: 3840x2160, 耗时=88ms
[2026-09-29 12:23:22] DEBUG | 匹配[快速]: 游戏中 (5游戏中2（中上）.png), conf=0.880, 19ms
[2026-09-29 12:23:22] DEBUG | 循环#38590 总耗时=111ms
[2026-09-29 12:23:23] DEBUG | 截图: 3840x2160, 耗时=91ms
[2026-09-29 12:23:23] DEBUG | 匹配[快速]: 游戏中 (5游戏中2（中上）.png), conf=0.869, 17ms
[2026-09-29 12:23:23] INFO | [游戏中] 按I键
[2026-09-29 12:23:23] DEBUG | 按键 i: 三重发送开始 (scan=0x17, vk=0x49)
[2026-09-29 12:23:23] INFO | 按键: i(扫描码=0x17), 持续 0.3s
[2026-09-29 12:23:23] DEBUG | 循环#38591 总耗时=415ms
[2026-09-29 12:23:23] DEBUG | 截图: 3840x2160, 耗时=95ms
[2026-09-29 12:23:23] DEBUG | 匹配[快速]: 游戏中 (5游戏中2（中上）.png), conf=0.869, 18ms
[2026-09-29 12:23:23] DEBUG | 循环#38592 总耗时=117ms
[2026-09-29 12:23:23] DEBUG | 截图: 3840x2160, 耗时=100ms
[2026-09-29 12:23:23] DEBUG | 匹配[快速]: 游戏中 (5游戏中2（中上）.png), conf=0.869, 18ms
[2026-09-29 12:23:23] DEBUG | 循环#38593 总耗时=122ms
[2026-09-29 12:23:24] DEBUG | 截图: 3840x2160, 耗时=89ms
[2026-09-29 12:23:24] DEBUG | 匹配[快速]: 游戏中 (5游戏中2（中上）.png), conf=0.871, 21ms
[2026-09-29 12:23:24] DEBUG | 循环#38594 总耗时=115ms
[2026-09-29 12:23:24] DEBUG | 截图: 3840x2160, 耗时=89ms
[2026-09-29 12:23:24] DEBUG | 匹配[快速]: 游戏中 (5游戏中2（中上）.png), conf=0.869, 18ms
[2026-09-29 12:23:24] DEBUG | 循环#38595 总耗时=111ms
[2026-09-29 12:23:24] DEBUG | 截图: 3840x2160, 耗时=92ms
[2026-09-29 12:23:24] DEBUG | 匹配[快速]: 游戏中 (5游戏中2（中上）.png), conf=0.869, 20ms
[2026-09-29 12:23:24] DEBUG | 循环#38596 总耗时=117ms
[2026-09-29 12:23:25] DEBUG | 截图: 3840x2160, 耗时=90ms
[2026-09-29 12:23:25] DEBUG | 匹配[快速]: 游戏中 (5游戏中2（中上）.png), conf=0.869, 17ms
[2026-09-29 12:23:25] DEBUG | 循环#38597 总耗时=112ms
[2026-09-29 12:23:25] DEBUG | 截图: 3840x2160, 耗时=88ms
[2026-09-29 12:23:25] DEBUG | 匹配[快速]: 游戏中 (5游戏中2（中上）.png), conf=0.869, 18ms
[2026-09-29 12:23:25] DEBUG | 循环#38598 总耗时=110ms
[2026-09-29 12:23:25] DEBUG | 截图: 3840x2160, 耗时=91ms
[2026-09-29 12:23:25] DEBUG | 匹配[快速]: 游戏中 (5游戏中2（中上）.png), conf=0.869, 17ms
[2026-09-29 12:23:25] DEBUG | 循环#38599 总耗时=112ms
[2026-09-29 12:23:26] DEBUG | 截图: 3840x2160, 耗时=87ms
[2026-09-29 12:23:26] DEBUG | 匹配[快速]: 游戏中 (5游戏中2（中上）.png), conf=0.869, 20ms
[2026-09-29 12:23:26] DEBUG | 循环#38600 总耗时=111ms
[2026-09-29 12:23:26] DEBUG | 截图: 3840x2160, 耗时=88ms
[2026-09-29 12:23:26] DEBUG | 匹配[快速]: 游戏中 (5游戏中2（中上）.png), conf=0.869, 21ms
[2026-09-29 12:23:26] INFO | [游戏中] 按I键
[2026-09-29 12:23:26] DEBUG | 按键 i: 三重发送开始 (scan=0x17, vk=0x49)
[2026-09-29 12:23:26] INFO | 按键: i(扫描码=0x17), 持续 0.3s
[2026-09-29 12:23:26] DEBUG | 循环#38601 总耗时=415ms
[2026-09-29 12:23:26] DEBUG | 截图: 3840x2160, 耗时=91ms
[2026-09-29 12:23:26] DEBUG | 匹配[快速]: 游戏中 (5游戏中2（中上）.png), conf=0.870, 17ms
[2026-09-29 12:23:26] DEBUG | 循环#38602 总耗时=112ms
[2026-09-29 12:23:27] DEBUG | 截图: 3840x2160, 耗时=91ms
[2026-09-29 12:23:27] DEBUG | 匹配[快速]: 游戏中 (5游戏中2（中上）.png), conf=0.870, 20ms
[2026-09-29 12:23:27] DEBUG | 循环#38603 总耗时=115ms
[2026-09-29 12:23:27] DEBUG | 截图: 3840x2160, 耗时=93ms
[2026-09-29 12:23:27] DEBUG | 匹配[快速]: 游戏中 (5游戏中2（中上）.png), conf=0.870, 19ms
[2026-09-29 12:23:27] DEBUG | 循环#38604 总耗时=117ms
[2026-09-29 12:23:27] DEBUG | 截图: 3840x2160, 耗时=93ms
[2026-09-29 12:23:27] DEBUG | 匹配[快速]: 游戏中 (5游戏中2（中上）.png), conf=0.869, 20ms
[2026-09-29 12:23:27] DEBUG | 循环#38605 总耗时=117ms
[2026-09-29 12:23:27] DEBUG | 截图: 3840x2160, 耗时=95ms
[2026-09-29 12:23:27] DEBUG | 匹配[快速]: 游戏中 (5游戏中2（中上）.png), conf=0.869, 20ms
[2026-09-29 12:23:27] DEBUG | 循环#38606 总耗时=119ms
[2026-09-29 12:23:28] DEBUG | 截图: 3840x2160, 耗时=92ms
[2026-09-29 12:23:28] DEBUG | 匹配[快速]: 游戏中 (5游戏中2（中上）.png), conf=0.868, 20ms
[2026-09-29 12:23:28] DEBUG | 循环#38607 总耗时=116ms
[2026-09-29 12:23:28] DEBUG | 截图: 3840x2160, 耗时=90ms
[2026-09-29 12:23:28] DEBUG | 匹配[快速]: 游戏中 (5游戏中2（中上）.png), conf=0.869, 17ms
[2026-09-29 12:23:28] DEBUG | 循环#38608 总耗时=112ms
[2026-09-29 12:23:28] DEBUG | 截图: 3840x2160, 耗时=87ms
[2026-09-29 12:23:28] DEBUG | 匹配[快速]: 游戏中 (5游戏中2（中上）.png), conf=0.869, 17ms
[2026-09-29 12:23:28] DEBUG | 循环#38609 总耗时=109ms
[2026-09-29 12:23:29] DEBUG | 截图: 3840x2160, 耗时=91ms
[2026-09-29 12:23:29] DEBUG | 匹配[快速]: 游戏中 (5游戏中2（中上）.png), conf=0.870, 23ms
[2026-09-29 12:23:29] DEBUG | 循环#38610 总耗时=118ms
[2026-09-29 12:23:29] DEBUG | 截图: 3840x2160, 耗时=81ms
[2026-09-29 12:23:29] DEBUG | 匹配[快速]: 游戏中 (5游戏中2（中上）.png), conf=0.871, 18ms
[2026-09-29 12:23:29] INFO | [游戏中] 按I键
[2026-09-29 12:23:29] DEBUG | 按键 i: 三重发送开始 (scan=0x17, vk=0x49)
[2026-09-29 12:23:29] INFO | 按键: i(扫描码=0x17), 持续 0.3s
[2026-09-29 12:23:29] DEBUG | 循环#38611 总耗时=405ms
[2026-09-29 12:23:29] DEBUG | 截图: 3840x2160, 耗时=86ms
[2026-09-29 12:23:29] DEBUG | 匹配[快速]: 游戏中 (5游戏中2（中上）.png), conf=0.873, 18ms
[2026-09-29 12:23:29] DEBUG | 循环#38612 总耗时=107ms
[2026-09-29 12:23:30] DEBUG | 截图: 3840x2160, 耗时=86ms
[2026-09-29 12:23:30] DEBUG | 匹配[快速]: 游戏中 (5游戏中2（中上）.png), conf=0.868, 18ms
[2026-09-29 12:23:30] DEBUG | 循环#38613 总耗时=106ms
[2026-09-29 12:23:30] DEBUG | 截图: 3840x2160, 耗时=83ms
[2026-09-29 12:23:30] DEBUG | 匹配[快速]: 游戏中 (5游戏中2（中上）.png), conf=0.868, 18ms
[2026-09-29 12:23:30] DEBUG | 循环#38614 总耗时=105ms
[2026-09-29 12:23:30] DEBUG | 截图: 3840x2160, 耗时=89ms
[2026-09-29 12:23:30] DEBUG | 匹配[快速]: 游戏中 (5游戏中2（中上）.png), conf=0.868, 17ms
[2026-09-29 12:23:30] DEBUG | 循环#38615 总耗时=109ms
[2026-09-29 12:23:31] DEBUG | 截图: 3840x2160, 耗时=87ms
[2026-09-29 12:23:31] DEBUG | 匹配[快速]: 游戏中 (5游戏中2（中上）.png), conf=0.866, 18ms
[2026-09-29 12:23:31] DEBUG | 循环#38616 总耗时=108ms
[2026-09-29 12:23:31] DEBUG | 截图: 3840x2160, 耗时=100ms
[2026-09-29 12:23:31] DEBUG | 匹配[快速]: 游戏中 (5游戏中2（中上）.png), conf=0.869, 20ms
[2026-09-29 12:23:31] DEBUG | 循环#38617 总耗时=124ms
[2026-09-29 12:23:31] DEBUG | 截图: 3840x2160, 耗时=92ms
[2026-09-29 12:23:31] DEBUG | 匹配[快速]: 游戏中 (5游戏中2（中上）.png), conf=0.870, 20ms
[2026-09-29 12:23:31] DEBUG | 循环#38618 总耗时=118ms
[2026-09-29 12:23:31] DEBUG | 截图: 3840x2160, 耗时=90ms
[2026-09-29 12:23:31] DEBUG | 匹配[快速]: 游戏中 (5游戏中2（中上）.png), conf=0.870, 22ms
[2026-09-29 12:23:31] DEBUG | 循环#38619 总耗时=116ms
[2026-09-29 12:23:32] DEBUG | 截图: 3840x2160, 耗时=84ms
[2026-09-29 12:23:32] DEBUG | 匹配[快速]: 游戏中 (5游戏中2（中上）.png), conf=0.870, 20ms
[2026-09-29 12:23:32] DEBUG | 循环#38620 总耗时=108ms
[2026-09-29 12:23:32] DEBUG | 截图: 3840x2160, 耗时=94ms
[2026-09-29 12:23:32] DEBUG | 匹配[快速]: 游戏中 (5游戏中2（中上）.png), conf=0.871, 21ms
[2026-09-29 12:23:32] INFO | [游戏中] 按I键
[2026-09-29 12:23:32] DEBUG | 按键 i: 三重发送开始 (scan=0x17, vk=0x49)
[2026-09-29 12:23:32] INFO | 按键: i(扫描码=0x17), 持续 0.3s
[2026-09-29 12:23:32] DEBUG | 循环#38621 总耗时=420ms
[2026-09-29 12:23:32] DEBUG | 截图: 3840x2160, 耗时=93ms
[2026-09-29 12:23:32] DEBUG | 匹配[快速]: 游戏中 (5游戏中2（中上）.png), conf=0.870, 19ms
[2026-09-29 12:23:32] DEBUG | 循环#38622 总耗时=116ms
[2026-09-29 12:23:33] DEBUG | 截图: 3840x2160, 耗时=89ms
[2026-09-29 12:23:33] DEBUG | 匹配[快速]: 游戏中 (5游戏中2（中上）.png), conf=0.870, 20ms
[2026-09-29 12:23:33] DEBUG | 循环#38623 总耗时=113ms
[2026-09-29 12:23:33] DEBUG | 截图: 3840x2160, 耗时=85ms
[2026-09-29 12:23:33] DEBUG | 匹配[快速]: 游戏中 (5游戏中2（中上）.png), conf=0.870, 17ms
[2026-09-29 12:23:33] DEBUG | 循环#38624 总耗时=105ms
[2026-09-29 12:23:33] DEBUG | 截图: 3840x2160, 耗时=86ms
[2026-09-29 12:23:33] DEBUG | 匹配[快速]: 游戏中 (5游戏中2（中上）.png), conf=0.871, 18ms
[2026-09-29 12:23:33] DEBUG | 循环#38625 总耗时=107ms
[2026-09-29 12:23:34] DEBUG | 截图: 3840x2160, 耗时=87ms
[2026-09-29 12:23:34] DEBUG | 匹配[快速]: 游戏中 (5游戏中2（中上）.png), conf=0.870, 16ms
[2026-09-29 12:23:34] DEBUG | 循环#38626 总耗时=106ms
[2026-09-29 12:23:34] DEBUG | 截图: 3840x2160, 耗时=87ms
[2026-09-29 12:23:34] DEBUG | 匹配[快速]: 游戏中 (5游戏中2（中上）.png), conf=0.871, 17ms
[2026-09-29 12:23:34] DEBUG | 循环#38627 总耗时=108ms
[2026-09-29 12:23:34] DEBUG | 截图: 3840x2160, 耗时=88ms
[2026-09-29 12:23:34] DEBUG | 匹配[快速]: 游戏中 (5游戏中2（中上）.png), conf=0.871, 17ms
[2026-09-29 12:23:34] DEBUG | 循环#38628 总耗时=109ms
[2026-09-29 12:23:35] DEBUG | 截图: 3840x2160, 耗时=90ms
[2026-09-29 12:23:35] DEBUG | 匹配[快速]: 游戏中 (5游戏中2（中上）.png), conf=0.871, 17ms
[2026-09-29 12:23:35] DEBUG | 循环#38629 总耗时=110ms
[2026-09-29 12:23:35] DEBUG | 截图: 3840x2160, 耗时=88ms
[2026-09-29 12:23:35] DEBUG | 匹配[快速]: 游戏中 (5游戏中2（中上）.png), conf=0.871, 18ms
[2026-09-29 12:23:35] DEBUG | 循环#38630 总耗时=110ms
[2026-09-29 12:23:35] DEBUG | 截图: 3840x2160, 耗时=93ms
[2026-09-29 12:23:35] DEBUG | 匹配[快速]: 游戏中 (5游戏中2（中上）.png), conf=0.871, 17ms
[2026-09-29 12:23:35] INFO | [游戏中] 按I键
[2026-09-29 12:23:35] DEBUG | 按键 i: 三重发送开始 (scan=0x17, vk=0x49)
[2026-09-29 12:23:35] INFO | 按键: i(扫描码=0x17), 持续 0.3s
[2026-09-29 12:23:35] DEBUG | 循环#38631 总耗时=416ms
[2026-09-29 12:23:36] DEBUG | 截图: 3840x2160, 耗时=88ms
[2026-09-29 12:23:36] DEBUG | 匹配[快速]: 游戏中 (5游戏中2（中上）.png), conf=0.870, 19ms
[2026-09-29 12:23:36] DEBUG | 循环#38632 总耗时=110ms
[2026-09-29 12:23:36] DEBUG | 截图: 3840x2160, 耗时=91ms
[2026-09-29 12:23:36] DEBUG | 匹配[快速]: 游戏中 (5游戏中2（中上）.png), conf=0.871, 17ms
[2026-09-29 12:23:36] DEBUG | 循环#38633 总耗时=111ms
[2026-09-29 12:23:36] DEBUG | 截图: 3840x2160, 耗时=92ms
[2026-09-29 12:23:36] DEBUG | 匹配[快速]: 游戏中 (5游戏中2（中上）.png), conf=0.871, 21ms
[2026-09-29 12:23:36] DEBUG | 循环#38634 总耗时=116ms
[2026-09-29 12:23:36] DEBUG | 截图: 3840x2160, 耗时=93ms
[2026-09-29 12:23:37] DEBUG | 匹配[快速]: 游戏中 (5游戏中2（中上）.png), conf=0.879, 17ms
[2026-09-29 12:23:37] DEBUG | 循环#38635 总耗时=113ms
[2026-09-29 12:23:37] DEBUG | 截图: 3840x2160, 耗时=89ms
[2026-09-29 12:23:37] DEBUG | 匹配[快速]: 游戏中 (5游戏中2（中上）.png), conf=0.873, 19ms
[2026-09-29 12:23:37] DEBUG | 循环#38636 总耗时=111ms
[2026-09-29 12:23:37] DEBUG | 截图: 3840x2160, 耗时=86ms
[2026-09-29 12:23:37] DEBUG | 匹配[快速]: 游戏中 (5游戏中2（中上）.png), conf=0.879, 17ms
[2026-09-29 12:23:37] DEBUG | 循环#38637 总耗时=107ms
[2026-09-29 12:23:37] DEBUG | 截图: 3840x2160, 耗时=88ms
[2026-09-29 12:23:37] DEBUG | 匹配[快速]: 游戏中 (5游戏中2（中上）.png), conf=0.877, 16ms
[2026-09-29 12:23:37] DEBUG | 循环#38638 总耗时=108ms
[2026-09-29 12:23:38] DEBUG | 截图: 3840x2160, 耗时=87ms
[2026-09-29 12:23:38] DEBUG | 匹配[快速]: 游戏中 (5游戏中2（中上）.png), conf=0.878, 19ms
[2026-09-29 12:23:38] DEBUG | 循环#38639 总耗时=110ms
[2026-09-29 12:23:38] DEBUG | 截图: 3840x2160, 耗时=89ms
[2026-09-29 12:23:38] DEBUG | 匹配[快速]: 游戏中 (5游戏中2（中上）.png), conf=0.871, 17ms
[2026-09-29 12:23:38] DEBUG | 循环#38640 总耗时=109ms
[2026-09-29 12:23:38] DEBUG | 截图: 3840x2160, 耗时=96ms
[2026-09-29 12:23:38] DEBUG | 匹配[快速]: 游戏中 (5游戏中2（中上）.png), conf=0.869, 23ms
[2026-09-29 12:23:38] INFO | [游戏中] 按I键
[2026-09-29 12:23:38] DEBUG | 按键 i: 三重发送开始 (scan=0x17, vk=0x49)
[2026-09-29 12:23:39] INFO | 按键: i(扫描码=0x17), 持续 0.3s
[2026-09-29 12:23:39] DEBUG | 循环#38641 总耗时=427ms
[2026-09-29 12:23:39] DEBUG | 截图: 3840x2160, 耗时=87ms
[2026-09-29 12:23:39] DEBUG | 匹配[快速]: 游戏中 (5游戏中2（中上）.png), conf=0.871, 16ms
[2026-09-29 12:23:39] DEBUG | 循环#38642 总耗时=108ms
[2026-09-29 12:23:39] DEBUG | 截图: 3840x2160, 耗时=83ms
[2026-09-29 12:23:39] DEBUG | 匹配[快速]: 游戏中 (5游戏中2（中上）.png), conf=0.871, 17ms
[2026-09-29 12:23:39] DEBUG | 循环#38643 总耗时=104ms
[2026-09-29 12:23:39] DEBUG | 截图: 3840x2160, 耗时=94ms
[2026-09-29 12:23:39] DEBUG | 匹配[快速]: 游戏中 (5游戏中2（中上）.png), conf=0.871, 18ms
[2026-09-29 12:23:39] DEBUG | 循环#38644 总耗时=116ms
[2026-09-29 12:23:40] DEBUG | 截图: 3840x2160, 耗时=87ms
[2026-09-29 12:23:40] DEBUG | 匹配[快速]: 游戏中 (5游戏中2（中上）.png), conf=0.871, 17ms
[2026-09-29 12:23:40] DEBUG | 循环#38645 总耗时=108ms
[2026-09-29 12:23:40] DEBUG | 截图: 3840x2160, 耗时=98ms
[2026-09-29 12:23:40] DEBUG | 匹配[快速]: 游戏中 (5游戏中2（中上）.png), conf=0.871, 21ms
[2026-09-29 12:23:40] DEBUG | 循环#38646 总耗时=122ms
[2026-09-29 12:23:40] DEBUG | 截图: 3840x2160, 耗时=88ms
[2026-09-29 12:23:40] DEBUG | 匹配[快速]: 游戏中 (5游戏中2（中上）.png), conf=0.871, 18ms
[2026-09-29 12:23:40] DEBUG | 循环#38647 总耗时=112ms
[2026-09-29 12:23:41] DEBUG | 截图: 3840x2160, 耗时=96ms
[2026-09-29 12:23:41] DEBUG | 匹配[快速]: 游戏中 (5游戏中2（中上）.png), conf=0.871, 20ms
[2026-09-29 12:23:41] DEBUG | 循环#38648 总耗时=119ms
[2026-09-29 12:23:41] DEBUG | 截图: 3840x2160, 耗时=91ms
[2026-09-29 12:23:41] DEBUG | 匹配[快速]: 游戏中 (5游戏中2（中上）.png), conf=0.871, 18ms
[2026-09-29 12:23:41] DEBUG | 循环#38649 总耗时=113ms
[2026-09-29 12:23:41] DEBUG | 截图: 3840x2160, 耗时=93ms
[2026-09-29 12:23:41] DEBUG | 匹配[快速]: 游戏中 (5游戏中2（中上）.png), conf=0.871, 20ms
[2026-09-29 12:23:41] DEBUG | 循环#38650 总耗时=116ms
[2026-09-29 12:23:41] DEBUG | 截图: 3840x2160, 耗时=89ms
[2026-09-29 12:23:41] DEBUG | 匹配[快速]: 游戏中 (5游戏中2（中上）.png), conf=0.871, 19ms
[2026-09-29 12:23:41] INFO | [游戏中] 按I键
[2026-09-29 12:23:41] DEBUG | 按键 i: 三重发送开始 (scan=0x17, vk=0x49)
[2026-09-29 12:23:42] INFO | 按键: i(扫描码=0x17), 持续 0.3s
[2026-09-29 12:23:42] DEBUG | 循环#38651 总耗时=414ms
[2026-09-29 12:23:42] DEBUG | 截图: 3840x2160, 耗时=95ms
[2026-09-29 12:23:42] DEBUG | 匹配[快速]: 游戏中 (5游戏中2（中上）.png), conf=0.872, 21ms
[2026-09-29 12:23:42] DEBUG | 循环#38652 总耗时=120ms
[2026-09-29 12:23:42] DEBUG | 截图: 3840x2160, 耗时=87ms
[2026-09-29 12:23:42] DEBUG | 匹配[快速]: 游戏中 (5游戏中2（中上）.png), conf=0.872, 16ms
[2026-09-29 12:23:42] DEBUG | 循环#38653 总耗时=107ms
[2026-09-29 12:23:42] DEBUG | 截图: 3840x2160, 耗时=91ms
[2026-09-29 12:23:42] DEBUG | 匹配[快速]: 游戏中 (5游戏中2（中上）.png), conf=0.872, 20ms
[2026-09-29 12:23:42] DEBUG | 循环#38654 总耗时=114ms
[2026-09-29 12:23:43] DEBUG | 截图: 3840x2160, 耗时=85ms
[2026-09-29 12:23:43] DEBUG | 匹配[快速]: 游戏中 (5游戏中2（中上）.png), conf=0.872, 21ms
[2026-09-29 12:23:43] DEBUG | 循环#38655 总耗时=111ms
[2026-09-29 12:23:43] DEBUG | 截图: 3840x2160, 耗时=86ms
[2026-09-29 12:23:43] DEBUG | 匹配[快速]: 游戏中 (5游戏中2（中上）.png), conf=0.872, 17ms
[2026-09-29 12:23:43] DEBUG | 循环#38656 总耗时=106ms
[2026-09-29 12:23:43] DEBUG | 截图: 3840x2160, 耗时=87ms
[2026-09-29 12:23:43] DEBUG | 匹配[快速]: 游戏中 (5游戏中2（中上）.png), conf=0.872, 20ms
[2026-09-29 12:23:43] DEBUG | 循环#38657 总耗时=112ms
[2026-09-29 12:23:44] DEBUG | 截图: 3840x2160, 耗时=88ms
[2026-09-29 12:23:44] DEBUG | 匹配[快速]: 游戏中 (5游戏中2（中上）.png), conf=0.872, 17ms
[2026-09-29 12:23:44] DEBUG | 循环#38658 总耗时=108ms
[2026-09-29 12:23:44] DEBUG | 截图: 3840x2160, 耗时=92ms
[2026-09-29 12:23:44] DEBUG | 匹配[快速]: 游戏中 (5游戏中2（中上）.png), conf=0.871, 21ms
[2026-09-29 12:23:44] DEBUG | 循环#38659 总耗时=116ms
[2026-09-29 12:23:44] DEBUG | 截图: 3840x2160, 耗时=97ms
[2026-09-29 12:23:44] DEBUG | 匹配[快速]: 游戏中 (5游戏中2（中上）.png), conf=0.871, 19ms
[2026-09-29 12:23:44] DEBUG | 循环#38660 总耗时=120ms
[2026-09-29 12:23:45] DEBUG | 截图: 3840x2160, 耗时=90ms
[2026-09-29 12:23:45] DEBUG | 匹配[快速]: 游戏中 (5游戏中2（中上）.png), conf=0.871, 18ms
[2026-09-29 12:23:45] INFO | [游戏中] 按I键
[2026-09-29 12:23:45] DEBUG | 按键 i: 三重发送开始 (scan=0x17, vk=0x49)
[2026-09-29 12:23:45] INFO | 按键: i(扫描码=0x17), 持续 0.3s
[2026-09-29 12:23:45] DEBUG | 循环#38661 总耗时=413ms
[2026-09-29 12:23:45] DEBUG | 截图: 3840x2160, 耗时=101ms
[2026-09-29 12:23:45] DEBUG | 匹配[快速]: 游戏中 (5游戏中2（中上）.png), conf=0.865, 20ms
[2026-09-29 12:23:45] DEBUG | 循环#38662 总耗时=127ms
[2026-09-29 12:23:45] DEBUG | 截图: 3840x2160, 耗时=87ms
[2026-09-29 12:23:45] DEBUG | 匹配[快速]: 游戏中 (5游戏中2（中上）.png), conf=0.870, 18ms
[2026-09-29 12:23:45] DEBUG | 循环#38663 总耗时=110ms
[2026-09-29 12:23:46] DEBUG | 截图: 3840x2160, 耗时=98ms
[2026-09-29 12:23:46] DEBUG | 匹配[快速]: 游戏中 (5游戏中2（中上）.png), conf=0.871, 22ms
[2026-09-29 12:23:46] DEBUG | 循环#38664 总耗时=124ms
[2026-09-29 12:23:46] DEBUG | 截图: 3840x2160, 耗时=88ms
[2026-09-29 12:23:46] DEBUG | 匹配[快速]: 游戏中 (5游戏中2（中上）.png), conf=0.870, 17ms
[2026-09-29 12:23:46] DEBUG | 循环#38665 总耗时=109ms
[2026-09-29 12:23:46] DEBUG | 截图: 3840x2160, 耗时=100ms
[2026-09-29 12:23:46] DEBUG | 匹配[快速]: 游戏中 (5游戏中2（中上）.png), conf=0.870, 23ms
[2026-09-29 12:23:46] DEBUG | 循环#38666 总耗时=127ms
[2026-09-29 12:23:46] DEBUG | 截图: 3840x2160, 耗时=88ms
[2026-09-29 12:23:46] DEBUG | 匹配[快速]: 游戏中 (5游戏中2（中上）.png), conf=0.871, 17ms
[2026-09-29 12:23:46] DEBUG | 循环#38667 总耗时=109ms
[2026-09-29 12:23:47] DEBUG | 截图: 3840x2160, 耗时=85ms
[2026-09-29 12:23:47] DEBUG | 匹配[快速]: 游戏中 (5游戏中2（中上）.png), conf=0.871, 16ms
[2026-09-29 12:23:47] DEBUG | 循环#38668 总耗时=105ms
[2026-09-29 12:23:47] DEBUG | 截图: 3840x2160, 耗时=85ms
[2026-09-29 12:23:47] DEBUG | 匹配[快速]: 游戏中 (5游戏中2（中上）.png), conf=0.870, 16ms
[2026-09-29 12:23:47] DEBUG | 循环#38669 总耗时=104ms
[2026-09-29 12:23:47] DEBUG | 截图: 3840x2160, 耗时=82ms
[2026-09-29 12:23:47] DEBUG | 匹配[快速]: 游戏中 (5游戏中2（中上）.png), conf=0.877, 20ms
[2026-09-29 12:23:47] DEBUG | 循环#38670 总耗时=105ms
[2026-09-29 12:23:48] DEBUG | 截图: 3840x2160, 耗时=83ms
[2026-09-29 12:23:48] DEBUG | 匹配[快速]: 游戏中 (5游戏中2（中上）.png), conf=0.871, 18ms
[2026-09-29 12:23:48] INFO | [游戏中] 按I键
[2026-09-29 12:23:48] DEBUG | 按键 i: 三重发送开始 (scan=0x17, vk=0x49)
[2026-09-29 12:23:48] INFO | 按键: i(扫描码=0x17), 持续 0.3s
[2026-09-29 12:23:48] DEBUG | 循环#38671 总耗时=407ms
[2026-09-29 12:23:48] DEBUG | 截图: 3840x2160, 耗时=81ms
[2026-09-29 12:23:48] DEBUG | 匹配[快速]: 游戏中 (5游戏中2（中上）.png), conf=0.871, 17ms
[2026-09-29 12:23:48] DEBUG | 循环#38672 总耗时=101ms
[2026-09-29 12:23:48] DEBUG | 截图: 3840x2160, 耗时=82ms
[2026-09-29 12:23:48] DEBUG | 匹配[快速]: 游戏中 (5游戏中2（中上）.png), conf=0.871, 19ms
[2026-09-29 12:23:48] DEBUG | 循环#38673 总耗时=105ms
[2026-09-29 12:23:49] DEBUG | 截图: 3840x2160, 耗时=93ms
[2026-09-29 12:23:49] DEBUG | 匹配[快速]: 游戏中 (5游戏中2（中上）.png), conf=0.871, 17ms
[2026-09-29 12:23:49] DEBUG | 循环#38674 总耗时=113ms
[2026-09-29 12:23:49] DEBUG | 截图: 3840x2160, 耗时=89ms
[2026-09-29 12:23:49] DEBUG | 匹配[快速]: 游戏中 (5游戏中2（中上）.png), conf=0.871, 17ms
[2026-09-29 12:23:49] DEBUG | 循环#38675 总耗时=110ms
[2026-09-29 12:23:49] DEBUG | 截图: 3840x2160, 耗时=92ms
[2026-09-29 12:23:49] DEBUG | 匹配[快速]: 游戏中 (5游戏中2（中上）.png), conf=0.871, 16ms
[2026-09-29 12:23:49] DEBUG | 循环#38676 总耗时=111ms
[2026-09-29 12:23:50] DEBUG | 截图: 3840x2160, 耗时=92ms
[2026-09-29 12:23:50] DEBUG | 匹配[快速]: 游戏中 (5游戏中2（中上）.png), conf=0.871, 20ms
[2026-09-29 12:23:50] DEBUG | 循环#38677 总耗时=117ms
[2026-09-29 12:23:50] DEBUG | 截图: 3840x2160, 耗时=93ms
[2026-09-29 12:23:50] DEBUG | 匹配[未知], 最高=0.487, 305ms
[2026-09-29 12:23:50] DEBUG | 状态变化: 未知 (置信度=0.487)
[2026-09-29 12:23:51] DEBUG | 截图: 3840x2160, 耗时=84ms
[2026-09-29 12:23:51] DEBUG | 匹配[未知], 最高=0.673, 386ms
[2026-09-29 12:23:51] DEBUG | 截图: 3840x2160, 耗时=84ms
[2026-09-29 12:23:52] DEBUG | 匹配[未知], 最高=0.674, 365ms
[2026-09-29 12:23:52] DEBUG | 截图: 3840x2160, 耗时=80ms
[2026-09-29 12:23:52] DEBUG | 匹配[未知], 最高=0.674, 317ms
[2026-09-29 12:23:53] DEBUG | 截图: 3840x2160, 耗时=97ms
[2026-09-29 12:23:53] DEBUG | 匹配[未知], 最高=0.674, 460ms
[2026-09-29 12:23:54] DEBUG | 截图: 3840x2160, 耗时=89ms
[2026-09-29 12:23:54] DEBUG | 匹配[未知], 最高=0.673, 468ms
[2026-09-29 12:23:55] DEBUG | 截图: 3840x2160, 耗时=88ms
[2026-09-29 12:23:55] DEBUG | 匹配[未知], 最高=0.630, 445ms
[2026-09-29 12:23:55] DEBUG | 截图: 3840x2160, 耗时=113ms
[2026-09-29 12:23:56] DEBUG | 匹配[未知], 最高=0.611, 544ms
[2026-09-29 12:23:56] DEBUG | 截图: 3840x2160, 耗时=96ms
[2026-09-29 12:23:57] DEBUG | 匹配[未知], 最高=0.623, 386ms
[2026-09-29 12:23:57] DEBUG | 截图: 3840x2160, 耗时=88ms
[2026-09-29 12:23:57] DEBUG | 匹配[全量]: 结算界面1, conf=0.933, 373ms
[2026-09-29 12:23:57] DEBUG | 状态变化: 结算界面1 (置信度=0.933)
[2026-09-29 12:23:58] DEBUG | 截图: 3840x2160, 耗时=86ms
[2026-09-29 12:23:58] DEBUG | 匹配[快速]: 结算界面1 (6结算界面1（右下）.png), conf=0.933, 22ms
[2026-09-29 12:23:58] INFO | [结算界面1] 点击结算继续
[2026-09-29 12:23:58] INFO | 点击: (3163, 1816), 耗时=74ms
[2026-09-29 12:23:58] INFO | === 第 85 轮完成 ===
[2026-09-29 12:23:58] DEBUG | 循环#38688 总耗时=387ms
[2026-09-29 12:23:58] DEBUG | 截图: 3840x2160, 耗时=101ms
[2026-09-29 12:23:58] DEBUG | 匹配[快速]: 结算界面1 (6结算界面1（右下）.png), conf=0.850, 30ms
[2026-09-29 12:23:58] DEBUG | 循环#38689 总耗时=134ms
[2026-09-29 12:23:59] DEBUG | 截图: 3840x2160, 耗时=92ms
[2026-09-29 12:23:59] DEBUG | 匹配[快速]: 结算界面1 (6结算界面1（右下）.png), conf=0.937, 19ms
[2026-09-29 12:23:59] DEBUG | 循环#38690 总耗时=116ms
[2026-09-29 12:23:59] DEBUG | 截图: 3840x2160, 耗时=99ms
[2026-09-29 12:23:59] DEBUG | 匹配[未知], 最高=0.572, 365ms
[2026-09-29 12:23:59] DEBUG | 状态变化: 未知 (置信度=0.572)
[2026-09-29 12:24:00] DEBUG | 截图: 3840x2160, 耗时=86ms
[2026-09-29 12:24:00] DEBUG | 匹配[全量]: 结算界面2, conf=0.990, 481ms
[2026-09-29 12:24:00] DEBUG | 状态变化: 结算界面2 (置信度=0.990)
[2026-09-29 12:24:00] DEBUG | 截图: 3840x2160, 耗时=82ms
[2026-09-29 12:24:01] DEBUG | 匹配[快速]: 结算界面2 (6结算界面2（中上）.png), conf=0.984, 132ms
[2026-09-29 12:24:01] INFO | [结算界面2] 点击结算继续
[2026-09-29 12:24:01] INFO | 点击: (1916, 313), 耗时=73ms
[2026-09-29 12:24:01] DEBUG | 循环#38693 总耗时=492ms
[2026-09-29 12:24:01] DEBUG | 截图: 3840x2160, 耗时=87ms
[2026-09-29 12:24:01] DEBUG | 匹配[快速]: 结算界面2 (6结算界面2（中上）.png), conf=0.990, 134ms
[2026-09-29 12:24:01] DEBUG | 循环#38694 总耗时=225ms
[2026-09-29 12:24:01] DEBUG | 截图: 3840x2160, 耗时=87ms
[2026-09-29 12:24:01] DEBUG | 匹配[快速]: 结算界面2 (6结算界面2（中上）.png), conf=0.990, 162ms
[2026-09-29 12:24:01] DEBUG | 循环#38695 总耗时=253ms
[2026-09-29 12:24:02] DEBUG | 截图: 3840x2160, 耗时=79ms
[2026-09-29 12:24:02] DEBUG | 匹配[未知], 最高=0.677, 376ms
[2026-09-29 12:24:02] DEBUG | 状态变化: 未知 (置信度=0.677)
[2026-09-29 12:24:02] DEBUG | 截图: 3840x2160, 耗时=77ms
[2026-09-29 12:24:03] DEBUG | 匹配[未知], 最高=0.669, 434ms
[2026-09-29 12:24:03] DEBUG | 截图: 3840x2160, 耗时=142ms
[2026-09-29 12:24:04] DEBUG | 匹配[未知], 最高=0.669, 567ms
[2026-09-29 12:24:04] DEBUG | 截图: 3840x2160, 耗时=130ms
[2026-09-29 12:24:05] DEBUG | 匹配[未知], 最高=0.669, 584ms
[2026-09-29 12:24:05] DEBUG | 截图: 3840x2160, 耗时=78ms
[2026-09-29 12:24:06] DEBUG | 匹配[未知], 最高=0.669, 431ms
[2026-09-29 12:24:06] DEBUG | 截图: 3840x2160, 耗时=88ms
[2026-09-29 12:24:06] DEBUG | 匹配[未知], 最高=0.669, 471ms
[2026-09-29 12:24:07] DEBUG | 截图: 3840x2160, 耗时=88ms
[2026-09-29 12:24:07] DEBUG | 匹配[未知], 最高=0.669, 434ms
[2026-09-29 12:24:08] DEBUG | 截图: 3840x2160, 耗时=76ms
[2026-09-29 12:24:08] DEBUG | 匹配[未知], 最高=0.669, 427ms
[2026-09-29 12:24:08] DEBUG | 截图: 3840x2160, 耗时=80ms
[2026-09-29 12:24:09] DEBUG | 匹配[全量]: 模式选择, conf=0.970, 245ms
[2026-09-29 12:24:09] DEBUG | 状态变化: 模式选择 (置信度=0.970)
[2026-09-29 12:24:09] DEBUG | 截图: 3840x2160, 耗时=83ms
[2026-09-29 12:24:09] DEBUG | 匹配[快速]: 模式选择 (2模式选择（右中）.png), conf=0.970, 209ms
[2026-09-29 12:24:09] INFO | [模式选择] 点击模式确认
[2026-09-29 12:24:10] INFO | 点击: (2995, 1017), 耗时=81ms
[2026-09-29 12:24:10] DEBUG | 循环#38705 总耗时=576ms
[2026-09-29 12:24:10] DEBUG | 截图: 3840x2160, 耗时=84ms
[2026-09-29 12:24:10] DEBUG | 匹配[快速]: 模式选择 (2模式选择（右中）.png), conf=0.970, 213ms
[2026-09-29 12:24:10] DEBUG | 循环#38706 总耗时=300ms
[2026-09-29 12:24:10] DEBUG | 截图: 3840x2160, 耗时=80ms
[2026-09-29 12:24:10] DEBUG | 匹配[未知], 最高=0.712, 311ms
[2026-09-29 12:24:10] DEBUG | 状态变化: 未知 (置信度=0.712)
[2026-09-29 12:24:11] DEBUG | 截图: 3840x2160, 耗时=76ms
[2026-09-29 12:24:11] DEBUG | 匹配[全量]: 开始匹配, conf=0.959, 141ms
[2026-09-29 12:24:11] DEBUG | 状态变化: 开始匹配 (置信度=0.959)
[2026-09-29 12:24:11] DEBUG | 截图: 3840x2160, 耗时=85ms
[2026-09-29 12:24:11] DEBUG | 匹配[快速]: 开始匹配 (3开始匹配（右下）.png), conf=0.959, 72ms
[2026-09-29 12:24:11] INFO | [开始匹配] 点击开始匹配
[2026-09-29 12:24:12] INFO | 点击: (3212, 1843), 耗时=78ms
[2026-09-29 12:24:12] DEBUG | 循环#38709 总耗时=439ms
[2026-09-29 12:24:12] DEBUG | 截图: 3840x2160, 耗时=81ms
[2026-09-29 12:24:12] DEBUG | 匹配[快速]: 开始匹配 (3开始匹配（右下）.png), conf=0.791, 75ms
[2026-09-29 12:24:12] DEBUG | 循环#38710 总耗时=160ms
[2026-09-29 12:24:12] DEBUG | 截图: 3840x2160, 耗时=76ms
[2026-09-29 12:24:12] DEBUG | 匹配[快速]: 开始匹配 (3开始匹配（右下）.png), conf=0.959, 75ms
[2026-09-29 12:24:12] DEBUG | 循环#38711 总耗时=154ms
[2026-09-29 12:24:12] DEBUG | 截图: 3840x2160, 耗时=80ms
[2026-09-29 12:24:13] DEBUG | 匹配[全量]: 匹配中, conf=0.905, 355ms
[2026-09-29 12:24:13] DEBUG | 状态变化: 匹配中 (置信度=0.905)
[2026-09-29 12:24:13] DEBUG | 截图: 3840x2160, 耗时=77ms
[2026-09-29 12:24:13] DEBUG | 匹配[快速]: 匹配中 (4匹配中（中上）.png), conf=0.930, 56ms
[2026-09-29 12:24:13] INFO | [匹配中] 等待匹配完成...
[2026-09-29 12:24:13] DEBUG | 循环#38713 总耗时=137ms
[2026-09-29 12:24:13] DEBUG | 截图: 3840x2160, 耗时=81ms
[2026-09-29 12:24:13] DEBUG | 匹配[快速]: 匹配中 (4匹配中（中上）.png), conf=0.928, 55ms
[2026-09-29 12:24:13] DEBUG | 循环#38714 总耗时=138ms
[2026-09-29 12:24:14] DEBUG | 截图: 3840x2160, 耗时=77ms
[2026-09-29 12:24:14] DEBUG | 匹配[快速]: 匹配中 (4匹配中（中上）.png), conf=0.931, 56ms
[2026-09-29 12:24:14] DEBUG | 循环#38715 总耗时=136ms
[2026-09-29 12:24:14] DEBUG | 截图: 3840x2160, 耗时=78ms
[2026-09-29 12:24:14] DEBUG | 匹配[快速]: 匹配中 (4匹配中（中上）.png), conf=0.929, 56ms
[2026-09-29 12:24:14] DEBUG | 循环#38716 总耗时=137ms
[2026-09-29 12:24:14] DEBUG | 截图: 3840x2160, 耗时=76ms
[2026-09-29 12:24:14] DEBUG | 匹配[快速]: 匹配中 (4匹配中（中上）.png), conf=0.923, 55ms
[2026-09-29 12:24:14] DEBUG | 循环#38717 总耗时=135ms
[2026-09-29 12:24:15] DEBUG | 截图: 3840x2160, 耗时=88ms
[2026-09-29 12:24:15] DEBUG | 匹配[快速]: 匹配中 (4匹配中（中上）.png), conf=0.925, 55ms
[2026-09-29 12:24:15] DEBUG | 循环#38718 总耗时=146ms
[2026-09-29 12:24:15] DEBUG | 截图: 3840x2160, 耗时=73ms
[2026-09-29 12:24:15] DEBUG | 匹配[快速]: 匹配中 (4匹配中（中上）.png), conf=0.923, 55ms
[2026-09-29 12:24:15] DEBUG | 循环#38719 总耗时=131ms
[2026-09-29 12:24:15] DEBUG | 截图: 3840x2160, 耗时=75ms
[2026-09-29 12:24:15] DEBUG | 匹配[快速]: 匹配中 (4匹配中（中上）.png), conf=0.924, 55ms
[2026-09-29 12:24:15] DEBUG | 循环#38720 总耗时=133ms
[2026-09-29 12:24:15] DEBUG | 截图: 3840x2160, 耗时=74ms
[2026-09-29 12:24:15] DEBUG | 匹配[快速]: 匹配中 (4匹配中（中上）.png), conf=0.924, 54ms
[2026-09-29 12:24:15] DEBUG | 循环#38721 总耗时=131ms
[2026-09-29 12:24:16] DEBUG | 截图: 3840x2160, 耗时=82ms
[2026-09-29 12:24:16] DEBUG | 匹配[快速]: 匹配中 (4匹配中（中上）.png), conf=0.921, 55ms
[2026-09-29 12:24:16] DEBUG | 循环#38722 总耗时=141ms
[2026-09-29 12:24:16] DEBUG | 截图: 3840x2160, 耗时=87ms
[2026-09-29 12:24:16] DEBUG | 匹配[快速]: 匹配中 (4匹配中（中上）.png), conf=0.923, 55ms
[2026-09-29 12:24:16] DEBUG | 循环#38723 总耗时=145ms
[2026-09-29 12:24:16] DEBUG | 截图: 3840x2160, 耗时=84ms
[2026-09-29 12:24:16] DEBUG | 匹配[快速]: 匹配中 (4匹配中（中上）.png), conf=0.922, 57ms
[2026-09-29 12:24:16] DEBUG | 循环#38724 总耗时=144ms
[2026-09-29 12:24:17] DEBUG | 截图: 3840x2160, 耗时=82ms
[2026-09-29 12:24:17] DEBUG | 匹配[快速]: 匹配中 (4匹配中（中上）.png), conf=0.921, 55ms
[2026-09-29 12:24:17] DEBUG | 循环#38725 总耗时=140ms
[2026-09-29 12:24:17] DEBUG | 截图: 3840x2160, 耗时=82ms
[2026-09-29 12:24:17] DEBUG | 匹配[快速]: 匹配中 (4匹配中（中上）.png), conf=0.923, 54ms
[2026-09-29 12:24:17] DEBUG | 循环#38726 总耗时=139ms
[2026-09-29 12:24:17] DEBUG | 截图: 3840x2160, 耗时=88ms
[2026-09-29 12:24:17] DEBUG | 匹配[快速]: 匹配中 (4匹配中（中上）.png), conf=0.922, 55ms
[2026-09-29 12:24:17] DEBUG | 循环#38727 总耗时=147ms
[2026-09-29 12:24:17] DEBUG | 截图: 3840x2160, 耗时=79ms
[2026-09-29 12:24:18] DEBUG | 匹配[快速]: 匹配中 (4匹配中（中上）.png), conf=0.924, 55ms
[2026-09-29 12:24:18] DEBUG | 循环#38728 总耗时=137ms
[2026-09-29 12:24:18] DEBUG | 截图: 3840x2160, 耗时=80ms
[2026-09-29 12:24:18] DEBUG | 匹配[快速]: 匹配中 (4匹配中（中上）.png), conf=0.923, 55ms
[2026-09-29 12:24:18] DEBUG | 循环#38729 总耗时=138ms
[2026-09-29 12:24:18] DEBUG | 截图: 3840x2160, 耗时=81ms
[2026-09-29 12:24:18] DEBUG | 匹配[快速]: 匹配中 (4匹配中（中上）.png), conf=0.920, 54ms
[2026-09-29 12:24:18] DEBUG | 循环#38730 总耗时=138ms
[2026-09-29 12:24:18] DEBUG | 截图: 3840x2160, 耗时=79ms
[2026-09-29 12:24:18] DEBUG | 匹配[快速]: 匹配中 (4匹配中（中上）.png), conf=0.923, 54ms
[2026-09-29 12:24:18] DEBUG | 循环#38731 总耗时=137ms
[2026-09-29 12:24:19] DEBUG | 截图: 3840x2160, 耗时=83ms
[2026-09-29 12:24:19] DEBUG | 匹配[快速]: 匹配中 (4匹配中（中上）.png), conf=0.921, 55ms
[2026-09-29 12:24:19] DEBUG | 循环#38732 总耗时=141ms
[2026-09-29 12:24:19] DEBUG | 截图: 3840x2160, 耗时=79ms
[2026-09-29 12:24:19] DEBUG | 匹配[快速]: 匹配中 (4匹配中（中上）.png), conf=0.925, 57ms
[2026-09-29 12:24:19] DEBUG | 循环#38733 总耗时=138ms
[2026-09-29 12:24:19] DEBUG | 截图: 3840x2160, 耗时=87ms
[2026-09-29 12:24:19] DEBUG | 匹配[快速]: 匹配中 (4匹配中（中上）.png), conf=0.927, 56ms
[2026-09-29 12:24:19] DEBUG | 循环#38734 总耗时=146ms
[2026-09-29 12:24:20] DEBUG | 截图: 3840x2160, 耗时=82ms
[2026-09-29 12:24:20] DEBUG | 匹配[快速]: 匹配中 (4匹配中（中上）.png), conf=0.924, 57ms
[2026-09-29 12:24:20] DEBUG | 循环#38735 总耗时=142ms
[2026-09-29 12:24:20] DEBUG | 截图: 3840x2160, 耗时=80ms
[2026-09-29 12:24:20] DEBUG | 匹配[快速]: 匹配中 (4匹配中（中上）.png), conf=0.926, 55ms
[2026-09-29 12:24:20] DEBUG | 循环#38736 总耗时=139ms
[2026-09-29 12:24:20] DEBUG | 截图: 3840x2160, 耗时=79ms
[2026-09-29 12:24:20] DEBUG | 匹配[快速]: 匹配中 (4匹配中（中上）.png), conf=0.922, 56ms
[2026-09-29 12:24:20] DEBUG | 循环#38737 总耗时=139ms
[2026-09-29 12:24:20] DEBUG | 截图: 3840x2160, 耗时=80ms
[2026-09-29 12:24:21] DEBUG | 匹配[快速]: 匹配中 (4匹配中（中上）.png), conf=0.920, 55ms
[2026-09-29 12:24:21] DEBUG | 循环#38738 总耗时=138ms
[2026-09-29 12:24:21] DEBUG | 截图: 3840x2160, 耗时=79ms
[2026-09-29 12:24:21] DEBUG | 匹配[快速]: 匹配中 (4匹配中（中上）.png), conf=0.923, 54ms
[2026-09-29 12:24:21] DEBUG | 循环#38739 总耗时=137ms
[2026-09-29 12:24:21] DEBUG | 截图: 3840x2160, 耗时=79ms
[2026-09-29 12:24:21] DEBUG | 匹配[快速]: 匹配中 (4匹配中（中上）.png), conf=0.921, 55ms
[2026-09-29 12:24:21] DEBUG | 循环#38740 总耗时=137ms
[2026-09-29 12:24:21] DEBUG | 截图: 3840x2160, 耗时=81ms
[2026-09-29 12:24:21] DEBUG | 匹配[快速]: 匹配中 (4匹配中（中上）.png), conf=0.921, 55ms
[2026-09-29 12:24:21] DEBUG | 循环#38741 总耗时=140ms
[2026-09-29 12:24:22] DEBUG | 截图: 3840x2160, 耗时=81ms
[2026-09-29 12:24:22] DEBUG | 匹配[快速]: 匹配中 (4匹配中（中上）.png), conf=0.923, 55ms
[2026-09-29 12:24:22] DEBUG | 循环#38742 总耗时=139ms
[2026-09-29 12:24:22] DEBUG | 截图: 3840x2160, 耗时=80ms
[2026-09-29 12:24:22] DEBUG | 匹配[快速]: 匹配中 (4匹配中（中上）.png), conf=0.912, 54ms
[2026-09-29 12:24:22] DEBUG | 循环#38743 总耗时=138ms
[2026-09-29 12:24:22] DEBUG | 截图: 3840x2160, 耗时=77ms
[2026-09-29 12:24:22] DEBUG | 匹配[快速]: 匹配中 (4匹配中（中上）.png), conf=0.914, 56ms
[2026-09-29 12:24:22] DEBUG | 循环#38744 总耗时=138ms
[2026-09-29 12:24:23] DEBUG | 截图: 3840x2160, 耗时=83ms
[2026-09-29 12:24:23] DEBUG | 匹配[快速]: 匹配中 (4匹配中（中上）.png), conf=0.914, 55ms
[2026-09-29 12:24:23] DEBUG | 循环#38745 总耗时=141ms
[2026-09-29 12:24:23] DEBUG | 截图: 3840x2160, 耗时=78ms
[2026-09-29 12:24:23] DEBUG | 匹配[快速]: 匹配中 (4匹配中（中上）.png), conf=0.912, 55ms
[2026-09-29 12:24:23] DEBUG | 循环#38746 总耗时=136ms
[2026-09-29 12:24:23] DEBUG | 截图: 3840x2160, 耗时=78ms
[2026-09-29 12:24:23] DEBUG | 匹配[快速]: 匹配中 (4匹配中（中上）.png), conf=0.924, 55ms
[2026-09-29 12:24:23] DEBUG | 循环#38747 总耗时=136ms
[2026-09-29 12:24:24] DEBUG | 截图: 3840x2160, 耗时=77ms
[2026-09-29 12:24:24] DEBUG | 匹配[快速]: 匹配中 (4匹配中（中上）.png), conf=0.921, 55ms
[2026-09-29 12:24:24] DEBUG | 循环#38748 总耗时=136ms
[2026-09-29 12:24:24] DEBUG | 截图: 3840x2160, 耗时=78ms
[2026-09-29 12:24:24] DEBUG | 匹配[快速]: 匹配中 (4匹配中（中上）.png), conf=0.922, 54ms
[2026-09-29 12:24:24] DEBUG | 循环#38749 总耗时=136ms
[2026-09-29 12:24:24] DEBUG | 截图: 3840x2160, 耗时=75ms
[2026-09-29 12:24:24] DEBUG | 匹配[快速]: 匹配中 (4匹配中（中上）.png), conf=0.917, 55ms
[2026-09-29 12:24:24] DEBUG | 循环#38750 总耗时=133ms
[2026-09-29 12:24:24] DEBUG | 截图: 3840x2160, 耗时=79ms
[2026-09-29 12:24:24] DEBUG | 匹配[快速]: 匹配中 (4匹配中（中上）.png), conf=0.915, 56ms
[2026-09-29 12:24:24] DEBUG | 循环#38751 总耗时=137ms
[2026-09-29 12:24:25] DEBUG | 截图: 3840x2160, 耗时=77ms
[2026-09-29 12:24:25] DEBUG | 匹配[快速]: 匹配中 (4匹配中（中上）.png), conf=0.917, 54ms
[2026-09-29 12:24:25] DEBUG | 循环#38752 总耗时=135ms
[2026-09-29 12:24:25] DEBUG | 截图: 3840x2160, 耗时=78ms
[2026-09-29 12:24:25] DEBUG | 匹配[快速]: 匹配中 (4匹配中（中上）.png), conf=0.915, 55ms
[2026-09-29 12:24:25] DEBUG | 循环#38753 总耗时=140ms
[2026-09-29 12:24:25] DEBUG | 截图: 3840x2160, 耗时=80ms
[2026-09-29 12:24:25] DEBUG | 匹配[快速]: 匹配中 (4匹配中（中上）.png), conf=0.914, 58ms
[2026-09-29 12:24:25] DEBUG | 循环#38754 总耗时=142ms
[2026-09-29 12:24:26] DEBUG | 截图: 3840x2160, 耗时=74ms
[2026-09-29 12:24:26] DEBUG | 匹配[快速]: 匹配中 (4匹配中（中上）.png), conf=0.917, 56ms
[2026-09-29 12:24:26] DEBUG | 循环#38755 总耗时=133ms
[2026-09-29 12:24:26] DEBUG | 截图: 3840x2160, 耗时=88ms
[2026-09-29 12:24:26] DEBUG | 匹配[快速]: 匹配中 (4匹配中（中上）.png), conf=0.914, 55ms
[2026-09-29 12:24:26] DEBUG | 循环#38756 总耗时=146ms
[2026-09-29 12:24:26] DEBUG | 截图: 3840x2160, 耗时=79ms
[2026-09-29 12:24:26] DEBUG | 匹配[快速]: 匹配中 (4匹配中（中上）.png), conf=0.914, 55ms
[2026-09-29 12:24:26] DEBUG | 循环#38757 总耗时=137ms
[2026-09-29 12:24:27] DEBUG | 截图: 3840x2160, 耗时=87ms
[2026-09-29 12:24:27] DEBUG | 匹配[快速]: 匹配中 (4匹配中（中上）.png), conf=0.915, 57ms
[2026-09-29 12:24:27] DEBUG | 循环#38758 总耗时=148ms
[2026-09-29 12:24:27] DEBUG | 截图: 3840x2160, 耗时=85ms
[2026-09-29 12:24:27] DEBUG | 匹配[快速]: 匹配中 (4匹配中（中上）.png), conf=0.913, 55ms
[2026-09-29 12:24:27] DEBUG | 循环#38759 总耗时=143ms
[2026-09-29 12:24:27] DEBUG | 截图: 3840x2160, 耗时=78ms
[2026-09-29 12:24:27] DEBUG | 匹配[快速]: 匹配中 (4匹配中（中上）.png), conf=0.916, 57ms
[2026-09-29 12:24:27] DEBUG | 循环#38760 总耗时=137ms
[2026-09-29 12:24:27] DEBUG | 截图: 3840x2160, 耗时=92ms
[2026-09-29 12:24:27] DEBUG | 匹配[快速]: 匹配中 (4匹配中（中上）.png), conf=0.915, 56ms
[2026-09-29 12:24:27] DEBUG | 循环#38761 总耗时=151ms
[2026-09-29 12:24:28] DEBUG | 截图: 3840x2160, 耗时=83ms
[2026-09-29 12:24:28] DEBUG | 匹配[快速]: 匹配中 (4匹配中（中上）.png), conf=0.914, 56ms
[2026-09-29 12:24:28] DEBUG | 循环#38762 总耗时=142ms
[2026-09-29 12:24:28] DEBUG | 截图: 3840x2160, 耗时=80ms
[2026-09-29 12:24:28] DEBUG | 匹配[快速]: 匹配中 (4匹配中（中上）.png), conf=0.915, 55ms
[2026-09-29 12:24:28] DEBUG | 循环#38763 总耗时=139ms
[2026-09-29 12:24:28] DEBUG | 截图: 3840x2160, 耗时=81ms
[2026-09-29 12:24:28] DEBUG | 匹配[快速]: 匹配中 (4匹配中（中上）.png), conf=0.913, 56ms
[2026-09-29 12:24:28] DEBUG | 循环#38764 总耗时=140ms
[2026-09-29 12:24:29] DEBUG | 截图: 3840x2160, 耗时=80ms
[2026-09-29 12:24:29] DEBUG | 匹配[快速]: 匹配中 (4匹配中（中上）.png), conf=0.913, 56ms
[2026-09-29 12:24:29] DEBUG | 循环#38765 总耗时=138ms
[2026-09-29 12:24:29] DEBUG | 截图: 3840x2160, 耗时=84ms
[2026-09-29 12:24:29] DEBUG | 匹配[快速]: 匹配中 (4匹配中（中上）.png), conf=0.915, 55ms
[2026-09-29 12:24:29] DEBUG | 循环#38766 总耗时=143ms
[2026-09-29 12:24:29] DEBUG | 截图: 3840x2160, 耗时=79ms
[2026-09-29 12:24:29] DEBUG | 匹配[快速]: 匹配中 (4匹配中（中上）.png), conf=0.917, 55ms
[2026-09-29 12:24:29] DEBUG | 循环#38767 总耗时=138ms
[2026-09-29 12:24:30] DEBUG | 截图: 3840x2160, 耗时=76ms
[2026-09-29 12:24:30] DEBUG | 匹配[快速]: 匹配中 (4匹配中（中上）.png), conf=0.919, 54ms
[2026-09-29 12:24:30] DEBUG | 循环#38768 总耗时=144ms
[2026-09-29 12:24:30] DEBUG | 截图: 3840x2160, 耗时=76ms
[2026-09-29 12:24:30] DEBUG | 匹配[快速]: 匹配中 (4匹配中（中上）.png), conf=0.918, 54ms
[2026-09-29 12:24:30] DEBUG | 循环#38769 总耗时=133ms
[2026-09-29 12:24:30] DEBUG | 截图: 3840x2160, 耗时=76ms
[2026-09-29 12:24:30] DEBUG | 匹配[快速]: 匹配中 (4匹配中（中上）.png), conf=0.912, 57ms
[2026-09-29 12:24:30] DEBUG | 循环#38770 总耗时=137ms
[2026-09-29 12:24:30] DEBUG | 截图: 3840x2160, 耗时=77ms
[2026-09-29 12:24:30] DEBUG | 匹配[快速]: 匹配中 (4匹配中（中上）.png), conf=0.915, 57ms
[2026-09-29 12:24:30] DEBUG | 循环#38771 总耗时=136ms
[2026-09-29 12:24:31] DEBUG | 截图: 3840x2160, 耗时=86ms
[2026-09-29 12:24:31] DEBUG | 匹配[快速]: 匹配中 (4匹配中（中上）.png), conf=0.913, 57ms
[2026-09-29 12:24:31] DEBUG | 循环#38772 总耗时=147ms
[2026-09-29 12:24:31] DEBUG | 截图: 3840x2160, 耗时=93ms
[2026-09-29 12:24:31] DEBUG | 匹配[快速]: 匹配中 (4匹配中（中上）.png), conf=0.914, 60ms
[2026-09-29 12:24:31] DEBUG | 循环#38773 总耗时=156ms
[2026-09-29 12:24:31] DEBUG | 截图: 3840x2160, 耗时=88ms
[2026-09-29 12:24:31] DEBUG | 匹配[快速]: 匹配中 (4匹配中（中上）.png), conf=0.915, 73ms
[2026-09-29 12:24:31] DEBUG | 循环#38774 总耗时=164ms
[2026-09-29 12:24:32] DEBUG | 截图: 3840x2160, 耗时=77ms
[2026-09-29 12:24:32] DEBUG | 匹配[快速]: 匹配中 (4匹配中（中上）.png), conf=0.912, 58ms
[2026-09-29 12:24:32] DEBUG | 循环#38775 总耗时=138ms
[2026-09-29 12:24:32] DEBUG | 截图: 3840x2160, 耗时=84ms
[2026-09-29 12:24:32] DEBUG | 匹配[快速]: 匹配中 (4匹配中（中上）.png), conf=0.915, 54ms
[2026-09-29 12:24:32] DEBUG | 循环#38776 总耗时=141ms
[2026-09-29 12:24:32] DEBUG | 截图: 3840x2160, 耗时=84ms
[2026-09-29 12:24:32] DEBUG | 匹配[快速]: 匹配中 (4匹配中（中上）.png), conf=0.917, 55ms
[2026-09-29 12:24:32] DEBUG | 循环#38777 总耗时=143ms
[2026-09-29 12:24:33] DEBUG | 截图: 3840x2160, 耗时=81ms
[2026-09-29 12:24:33] DEBUG | 匹配[快速]: 匹配中 (4匹配中（中上）.png), conf=0.915, 54ms
[2026-09-29 12:24:33] DEBUG | 循环#38778 总耗时=138ms
[2026-09-29 12:24:33] DEBUG | 截图: 3840x2160, 耗时=79ms
[2026-09-29 12:24:33] DEBUG | 匹配[快速]: 匹配中 (4匹配中（中上）.png), conf=0.918, 54ms
[2026-09-29 12:24:33] DEBUG | 循环#38779 总耗时=137ms
[2026-09-29 12:24:33] DEBUG | 截图: 3840x2160, 耗时=79ms
[2026-09-29 12:24:33] DEBUG | 匹配[快速]: 匹配中 (4匹配中（中上）.png), conf=0.924, 55ms
[2026-09-29 12:24:33] DEBUG | 循环#38780 总耗时=138ms
[2026-09-29 12:24:33] DEBUG | 截图: 3840x2160, 耗时=81ms
[2026-09-29 12:24:33] DEBUG | 匹配[快速]: 匹配中 (4匹配中（中上）.png), conf=0.925, 54ms
[2026-09-29 12:24:33] DEBUG | 循环#38781 总耗时=139ms
[2026-09-29 12:24:34] DEBUG | 截图: 3840x2160, 耗时=76ms
[2026-09-29 12:24:34] DEBUG | 匹配[快速]: 匹配中 (4匹配中（中上）.png), conf=0.926, 56ms
[2026-09-29 12:24:34] DEBUG | 循环#38782 总耗时=135ms
[2026-09-29 12:24:34] DEBUG | 截图: 3840x2160, 耗时=78ms
[2026-09-29 12:24:34] DEBUG | 匹配[快速]: 匹配中 (4匹配中（中上）.png), conf=0.918, 54ms
[2026-09-29 12:24:34] DEBUG | 循环#38783 总耗时=136ms
[2026-09-29 12:24:34] DEBUG | 截图: 3840x2160, 耗时=76ms
[2026-09-29 12:24:34] DEBUG | 匹配[快速]: 匹配中 (4匹配中（中上）.png), conf=0.920, 56ms
[2026-09-29 12:24:34] DEBUG | 循环#38784 总耗时=135ms
[2026-09-29 12:24:35] DEBUG | 截图: 3840x2160, 耗时=79ms
[2026-09-29 12:24:35] DEBUG | 匹配[快速]: 匹配中 (4匹配中（中上）.png), conf=0.919, 54ms
[2026-09-29 12:24:35] DEBUG | 循环#38785 总耗时=137ms
[2026-09-29 12:24:35] DEBUG | 截图: 3840x2160, 耗时=77ms
[2026-09-29 12:24:35] DEBUG | 匹配[快速]: 匹配中 (4匹配中（中上）.png), conf=0.918, 55ms
[2026-09-29 12:24:35] DEBUG | 循环#38786 总耗时=135ms
[2026-09-29 12:24:35] DEBUG | 截图: 3840x2160, 耗时=77ms
[2026-09-29 12:24:35] DEBUG | 匹配[快速]: 匹配中 (4匹配中（中上）.png), conf=0.920, 58ms
[2026-09-29 12:24:35] DEBUG | 循环#38787 总耗时=139ms
[2026-09-29 12:24:36] DEBUG | 截图: 3840x2160, 耗时=74ms
[2026-09-29 12:24:36] DEBUG | 匹配[快速]: 匹配中 (4匹配中（中上）.png), conf=0.917, 55ms
[2026-09-29 12:24:36] DEBUG | 循环#38788 总耗时=132ms
[2026-09-29 12:24:36] DEBUG | 截图: 3840x2160, 耗时=80ms
[2026-09-29 12:24:36] DEBUG | 匹配[快速]: 匹配中 (4匹配中（中上）.png), conf=0.918, 55ms
[2026-09-29 12:24:36] DEBUG | 循环#38789 总耗时=138ms
[2026-09-29 12:24:36] DEBUG | 截图: 3840x2160, 耗时=80ms
[2026-09-29 12:24:36] DEBUG | 匹配[快速]: 匹配中 (4匹配中（中上）.png), conf=0.918, 56ms
[2026-09-29 12:24:36] DEBUG | 循环#38790 总耗时=140ms
[2026-09-29 12:24:36] DEBUG | 截图: 3840x2160, 耗时=79ms
[2026-09-29 12:24:36] DEBUG | 匹配[快速]: 匹配中 (4匹配中（中上）.png), conf=0.916, 55ms
[2026-09-29 12:24:36] DEBUG | 循环#38791 总耗时=139ms
[2026-09-29 12:24:37] DEBUG | 截图: 3840x2160, 耗时=85ms
[2026-09-29 12:24:37] DEBUG | 匹配[快速]: 匹配中 (4匹配中（中上）.png), conf=0.918, 54ms
[2026-09-29 12:24:37] DEBUG | 循环#38792 总耗时=143ms
[2026-09-29 12:24:37] DEBUG | 截图: 3840x2160, 耗时=78ms
[2026-09-29 12:24:37] DEBUG | 匹配[快速]: 匹配中 (4匹配中（中上）.png), conf=0.918, 54ms
[2026-09-29 12:24:37] DEBUG | 循环#38793 总耗时=135ms
[2026-09-29 12:24:37] DEBUG | 截图: 3840x2160, 耗时=81ms
[2026-09-29 12:24:37] DEBUG | 匹配[快速]: 匹配中 (4匹配中（中上）.png), conf=0.917, 54ms
[2026-09-29 12:24:37] DEBUG | 循环#38794 总耗时=139ms
[2026-09-29 12:24:38] DEBUG | 截图: 3840x2160, 耗时=77ms
[2026-09-29 12:24:38] DEBUG | 匹配[快速]: 匹配中 (4匹配中（中上）.png), conf=0.920, 56ms
[2026-09-29 12:24:38] DEBUG | 循环#38795 总耗时=136ms
[2026-09-29 12:24:38] DEBUG | 截图: 3840x2160, 耗时=80ms
[2026-09-29 12:24:38] DEBUG | 匹配[快速]: 匹配中 (4匹配中（中上）.png), conf=0.917, 54ms
[2026-09-29 12:24:38] DEBUG | 循环#38796 总耗时=137ms
[2026-09-29 12:24:38] DEBUG | 截图: 3840x2160, 耗时=78ms
[2026-09-29 12:24:38] DEBUG | 匹配[快速]: 匹配中 (4匹配中（中上）.png), conf=0.917, 57ms
[2026-09-29 12:24:38] DEBUG | 循环#38797 总耗时=138ms
[2026-09-29 12:24:39] DEBUG | 截图: 3840x2160, 耗时=80ms
[2026-09-29 12:24:39] DEBUG | 匹配[快速]: 匹配中 (4匹配中（中上）.png), conf=0.918, 54ms
[2026-09-29 12:24:39] DEBUG | 循环#38798 总耗时=138ms
[2026-09-29 12:24:39] DEBUG | 截图: 3840x2160, 耗时=80ms
[2026-09-29 12:24:39] DEBUG | 匹配[全量]: 主界面模式选择, conf=0.927, 309ms
[2026-09-29 12:24:39] DEBUG | 状态变化: 主界面模式选择 (置信度=0.927)
[2026-09-29 12:24:40] DEBUG | 截图: 3840x2160, 耗时=79ms
[2026-09-29 12:24:40] DEBUG | 匹配[未知], 最高=0.607, 379ms
[2026-09-29 12:24:40] DEBUG | 状态变化: 未知 (置信度=0.607)
[2026-09-29 12:24:40] DEBUG | 截图: 3840x2160, 耗时=87ms
[2026-09-29 12:24:41] DEBUG | 匹配[未知], 最高=0.656, 370ms
[2026-09-29 12:24:41] DEBUG | 截图: 3840x2160, 耗时=75ms
[2026-09-29 12:24:41] DEBUG | 匹配[未知], 最高=0.655, 369ms
[2026-09-29 12:24:42] DEBUG | 截图: 3840x2160, 耗时=79ms
[2026-09-29 12:24:42] DEBUG | 匹配[未知], 最高=0.669, 432ms
[2026-09-29 12:24:43] DEBUG | 截图: 3840x2160, 耗时=81ms
[2026-09-29 12:24:43] DEBUG | 匹配[未知], 最高=0.669, 423ms
[2026-09-29 12:24:43] DEBUG | 截图: 3840x2160, 耗时=81ms
[2026-09-29 12:24:44] DEBUG | 匹配[未知], 最高=0.669, 427ms
[2026-09-29 12:24:44] DEBUG | 截图: 3840x2160, 耗时=81ms
[2026-09-29 12:24:45] DEBUG | 匹配[未知], 最高=0.669, 430ms
[2026-09-29 12:24:45] DEBUG | 截图: 3840x2160, 耗时=74ms
[2026-09-29 12:24:45] DEBUG | 匹配[未知], 最高=0.669, 433ms
[2026-09-29 12:24:46] DEBUG | 截图: 3840x2160, 耗时=75ms
[2026-09-29 12:24:46] DEBUG | 匹配[未知], 最高=0.669, 427ms
[2026-09-29 12:24:47] DEBUG | 截图: 3840x2160, 耗时=78ms
[2026-09-29 12:24:47] DEBUG | 匹配[未知], 最高=0.669, 426ms
[2026-09-29 12:24:47] DEBUG | 截图: 3840x2160, 耗时=77ms
[2026-09-29 12:24:48] DEBUG | 匹配[未知], 最高=0.669, 441ms
[2026-09-29 12:24:48] DEBUG | 截图: 3840x2160, 耗时=93ms
[2026-09-29 12:24:49] DEBUG | 匹配[未知], 最高=0.669, 575ms
[2026-09-29 12:24:49] DEBUG | 截图: 3840x2160, 耗时=133ms
[2026-09-29 12:24:50] DEBUG | 匹配[未知], 最高=0.669, 620ms
[2026-09-29 12:24:50] DEBUG | 截图: 3840x2160, 耗时=85ms
[2026-09-29 12:24:51] DEBUG | 匹配[未知], 最高=0.669, 441ms
[2026-09-29 12:24:51] DEBUG | 截图: 3840x2160, 耗时=88ms
[2026-09-29 12:24:52] DEBUG | 匹配[未知], 最高=0.669, 457ms
[2026-09-29 12:24:52] DEBUG | 截图: 3840x2160, 耗时=98ms
[2026-09-29 12:24:53] DEBUG | 匹配[未知], 最高=0.674, 492ms
[2026-09-29 12:24:53] DEBUG | 截图: 3840x2160, 耗时=87ms
[2026-09-29 12:24:53] DEBUG | 匹配[未知], 最高=0.665, 456ms
[2026-09-29 12:24:54] DEBUG | 截图: 3840x2160, 耗时=90ms
[2026-09-29 12:24:54] DEBUG | 匹配[未知], 最高=0.614, 567ms
[2026-09-29 12:24:55] DEBUG | 截图: 3840x2160, 耗时=92ms
[2026-09-29 12:24:55] DEBUG | 匹配[未知], 最高=0.650, 480ms
[2026-09-29 12:24:56] DEBUG | 截图: 3840x2160, 耗时=90ms
[2026-09-29 12:24:56] DEBUG | 匹配[未知], 最高=0.650, 445ms
[2026-09-29 12:24:56] DEBUG | 截图: 3840x2160, 耗时=88ms
[2026-09-29 12:24:57] DEBUG | 匹配[未知], 最高=0.649, 442ms
[2026-09-29 12:24:57] DEBUG | 截图: 3840x2160, 耗时=81ms
[2026-09-29 12:24:58] DEBUG | 匹配[未知], 最高=0.649, 453ms
[2026-09-29 12:24:58] DEBUG | 截图: 3840x2160, 耗时=86ms
[2026-09-29 12:24:58] DEBUG | 匹配[未知], 最高=0.631, 297ms
[2026-09-29 12:24:59] DEBUG | 截图: 3840x2160, 耗时=80ms
[2026-09-29 12:24:59] DEBUG | 匹配[未知], 最高=0.648, 397ms
[2026-09-29 12:25:00] DEBUG | 截图: 3840x2160, 耗时=81ms
[2026-09-29 12:25:00] DEBUG | 匹配[未知], 最高=0.654, 399ms
[2026-09-29 12:25:00] DEBUG | 截图: 3840x2160, 耗时=83ms
[2026-09-29 12:25:01] DEBUG | 匹配[未知], 最高=0.646, 383ms
[2026-09-29 12:25:01] DEBUG | 截图: 3840x2160, 耗时=85ms
[2026-09-29 12:25:02] DEBUG | 匹配[未知], 最高=0.647, 473ms
[2026-09-29 12:25:02] DEBUG | 截图: 3840x2160, 耗时=82ms
[2026-09-29 12:25:02] DEBUG | 匹配[未知], 最高=0.648, 430ms
[2026-09-29 12:25:03] DEBUG | 截图: 3840x2160, 耗时=77ms
[2026-09-29 12:25:03] DEBUG | 匹配[未知], 最高=0.650, 419ms
[2026-09-29 12:25:04] DEBUG | 截图: 3840x2160, 耗时=82ms
[2026-09-29 12:25:04] DEBUG | 匹配[未知], 最高=0.649, 425ms
[2026-09-29 12:25:04] DEBUG | 截图: 3840x2160, 耗时=83ms
[2026-09-29 12:25:05] DEBUG | 匹配[未知], 最高=0.651, 422ms
[2026-09-29 12:25:05] DEBUG | 截图: 3840x2160, 耗时=80ms
[2026-09-29 12:25:06] DEBUG | 匹配[未知], 最高=0.637, 396ms
[2026-09-29 12:25:06] DEBUG | 截图: 3840x2160, 耗时=78ms
[2026-09-29 12:25:06] DEBUG | 匹配[未知], 最高=0.649, 353ms
[2026-09-29 12:25:07] DEBUG | 截图: 3840x2160, 耗时=81ms
[2026-09-29 12:25:07] DEBUG | 匹配[未知], 最高=0.636, 319ms
[2026-09-29 12:25:07] DEBUG | 截图: 3840x2160, 耗时=93ms
[2026-09-29 12:25:08] DEBUG | 匹配[未知], 最高=0.647, 389ms
[2026-09-29 12:25:08] DEBUG | 截图: 3840x2160, 耗时=78ms
[2026-09-29 12:25:09] DEBUG | 匹配[未知], 最高=0.650, 393ms
[2026-09-29 12:25:09] DEBUG | 截图: 3840x2160, 耗时=79ms
[2026-09-29 12:25:09] DEBUG | 匹配[未知], 最高=0.650, 394ms
[2026-09-29 12:25:10] DEBUG | 截图: 3840x2160, 耗时=87ms
[2026-09-29 12:25:10] DEBUG | 匹配[全量]: 游戏中, conf=0.877, 402ms
[2026-09-29 12:25:10] DEBUG | 状态变化: 游戏中 (置信度=0.877)
[2026-09-29 12:25:11] DEBUG | 截图: 3840x2160, 耗时=90ms
[2026-09-29 12:25:11] DEBUG | 匹配[快速]: 游戏中 (5游戏中2（中上）.png), conf=0.878, 20ms
[2026-09-29 12:25:11] INFO | [游戏中] 按I键
[2026-09-29 12:25:11] DEBUG | 按键 i: 三重发送开始 (scan=0x17, vk=0x49)
[2026-09-29 12:25:11] INFO | 按键: i(扫描码=0x17), 持续 0.3s
[2026-09-29 12:25:11] DEBUG | 循环#38838 总耗时=417ms
[2026-09-29 12:25:11] DEBUG | 截图: 3840x2160, 耗时=81ms
[2026-09-29 12:25:11] DEBUG | 匹配[快速]: 游戏中 (5游戏中2（中上）.png), conf=0.879, 17ms
[2026-09-29 12:25:11] DEBUG | 循环#38839 总耗时=102ms
[2026-09-29 12:25:11] DEBUG | 截图: 3840x2160, 耗时=83ms
[2026-09-29 12:25:11] DEBUG | 匹配[快速]: 游戏中 (5游戏中2（中上）.png), conf=0.880, 16ms
[2026-09-29 12:25:11] DEBUG | 循环#38840 总耗时=103ms
[2026-09-29 12:25:12] DEBUG | 截图: 3840x2160, 耗时=80ms
[2026-09-29 12:25:12] DEBUG | 匹配[快速]: 游戏中 (5游戏中2（中上）.png), conf=0.879, 18ms
[2026-09-29 12:25:12] DEBUG | 循环#38841 总耗时=101ms
[2026-09-29 12:25:12] DEBUG | 截图: 3840x2160, 耗时=84ms
[2026-09-29 12:25:12] DEBUG | 匹配[快速]: 游戏中 (5游戏中2（中上）.png), conf=0.879, 16ms
[2026-09-29 12:25:12] DEBUG | 循环#38842 总耗时=162ms
[2026-09-29 12:25:12] DEBUG | 截图: 3840x2160, 耗时=77ms
[2026-09-29 12:25:12] DEBUG | 匹配[快速]: 游戏中 (5游戏中2（中上）.png), conf=0.877, 18ms
[2026-09-29 12:25:12] DEBUG | 循环#38843 总耗时=99ms
[2026-09-29 12:25:12] DEBUG | 截图: 3840x2160, 耗时=87ms
[2026-09-29 12:25:12] DEBUG | 匹配[快速]: 游戏中 (5游戏中2（中上）.png), conf=0.879, 17ms
[2026-09-29 12:25:12] DEBUG | 循环#38844 总耗时=108ms
[2026-09-29 12:25:13] DEBUG | 截图: 3840x2160, 耗时=85ms
[2026-09-29 12:25:13] DEBUG | 匹配[快速]: 游戏中 (5游戏中2（中上）.png), conf=0.874, 19ms
[2026-09-29 12:25:13] DEBUG | 循环#38845 总耗时=107ms
[2026-09-29 12:25:13] DEBUG | 截图: 3840x2160, 耗时=86ms
[2026-09-29 12:25:13] DEBUG | 匹配[快速]: 游戏中 (5游戏中2（中上）.png), conf=0.874, 20ms
[2026-09-29 12:25:13] DEBUG | 循环#38846 总耗时=110ms
[2026-09-29 12:25:13] DEBUG | 截图: 3840x2160, 耗时=86ms
[2026-09-29 12:25:13] DEBUG | 匹配[快速]: 游戏中 (5游戏中2（中上）.png), conf=0.874, 17ms
[2026-09-29 12:25:13] DEBUG | 循环#38847 总耗时=106ms
[2026-09-29 12:25:14] DEBUG | 截图: 3840x2160, 耗时=91ms
[2026-09-29 12:25:14] DEBUG | 匹配[快速]: 游戏中 (5游戏中2（中上）.png), conf=0.875, 17ms
[2026-09-29 12:25:14] INFO | [游戏中] 按I键
[2026-09-29 12:25:14] DEBUG | 按键 i: 三重发送开始 (scan=0x17, vk=0x49)
[2026-09-29 12:25:14] INFO | 按键: i(扫描码=0x17), 持续 0.3s
[2026-09-29 12:25:14] DEBUG | 循环#38848 总耗时=413ms
[2026-09-29 12:25:14] DEBUG | 截图: 3840x2160, 耗时=86ms
[2026-09-29 12:25:14] DEBUG | 匹配[快速]: 游戏中 (5游戏中2（中上）.png), conf=0.875, 17ms
[2026-09-29 12:25:14] DEBUG | 循环#38849 总耗时=107ms
[2026-09-29 12:25:14] DEBUG | 截图: 3840x2160, 耗时=82ms
[2026-09-29 12:25:14] DEBUG | 匹配[快速]: 游戏中 (5游戏中2（中上）.png), conf=0.875, 18ms
[2026-09-29 12:25:14] DEBUG | 循环#38850 总耗时=103ms
[2026-09-29 12:25:15] DEBUG | 截图: 3840x2160, 耗时=84ms
[2026-09-29 12:25:15] DEBUG | 匹配[快速]: 游戏中 (5游戏中2（中上）.png), conf=0.875, 17ms
[2026-09-29 12:25:15] DEBUG | 循环#38851 总耗时=105ms
[2026-09-29 12:25:15] DEBUG | 截图: 3840x2160, 耗时=81ms
[2026-09-29 12:25:15] DEBUG | 匹配[快速]: 游戏中 (5游戏中2（中上）.png), conf=0.875, 17ms
[2026-09-29 12:25:15] DEBUG | 循环#38852 总耗时=101ms
[2026-09-29 12:25:15] DEBUG | 截图: 3840x2160, 耗时=82ms
[2026-09-29 12:25:15] DEBUG | 匹配[快速]: 游戏中 (5游戏中2（中上）.png), conf=0.875, 18ms
[2026-09-29 12:25:15] DEBUG | 循环#38853 总耗时=103ms
[2026-09-29 12:25:16] DEBUG | 截图: 3840x2160, 耗时=81ms
[2026-09-29 12:25:16] DEBUG | 匹配[快速]: 游戏中 (5游戏中2（中上）.png), conf=0.875, 17ms
[2026-09-29 12:25:16] DEBUG | 循环#38854 总耗时=102ms
[2026-09-29 12:25:16] DEBUG | 截图: 3840x2160, 耗时=80ms
[2026-09-29 12:25:16] DEBUG | 匹配[快速]: 游戏中 (5游戏中2（中上）.png), conf=0.875, 17ms
[2026-09-29 12:25:16] DEBUG | 循环#38855 总耗时=99ms
[2026-09-29 12:25:16] DEBUG | 截图: 3840x2160, 耗时=81ms
[2026-09-29 12:25:16] DEBUG | 匹配[快速]: 游戏中 (5游戏中2（中上）.png), conf=0.875, 18ms
[2026-09-29 12:25:16] DEBUG | 循环#38856 总耗时=103ms
[2026-09-29 12:25:16] DEBUG | 截图: 3840x2160, 耗时=82ms
[2026-09-29 12:25:17] DEBUG | 匹配[快速]: 游戏中 (5游戏中2（中上）.png), conf=0.875, 20ms
[2026-09-29 12:25:17] DEBUG | 循环#38857 总耗时=106ms
[2026-09-29 12:25:17] DEBUG | 截图: 3840x2160, 耗时=84ms
[2026-09-29 12:25:17] DEBUG | 匹配[快速]: 游戏中 (5游戏中2（中上）.png), conf=0.875, 18ms
[2026-09-29 12:25:17] INFO | [游戏中] 按I键
[2026-09-29 12:25:17] DEBUG | 按键 i: 三重发送开始 (scan=0x17, vk=0x49)
[2026-09-29 12:25:17] INFO | 按键: i(扫描码=0x17), 持续 0.3s
[2026-09-29 12:25:17] DEBUG | 循环#38858 总耗时=406ms
[2026-09-29 12:25:17] DEBUG | 截图: 3840x2160, 耗时=85ms
[2026-09-29 12:25:17] DEBUG | 匹配[快速]: 游戏中 (5游戏中2（中上）.png), conf=0.875, 20ms
[2026-09-29 12:25:17] DEBUG | 循环#38859 总耗时=109ms
[2026-09-29 12:25:18] DEBUG | 截图: 3840x2160, 耗时=88ms
[2026-09-29 12:25:18] DEBUG | 匹配[快速]: 游戏中 (5游戏中2（中上）.png), conf=0.874, 17ms
[2026-09-29 12:25:18] DEBUG | 循环#38860 总耗时=108ms
[2026-09-29 12:25:18] DEBUG | 截图: 3840x2160, 耗时=87ms
[2026-09-29 12:25:18] DEBUG | 匹配[快速]: 游戏中 (5游戏中2（中上）.png), conf=0.871, 19ms
[2026-09-29 12:25:18] DEBUG | 循环#38861 总耗时=109ms
[2026-09-29 12:25:18] DEBUG | 截图: 3840x2160, 耗时=85ms
[2026-09-29 12:25:18] DEBUG | 匹配[快速]: 游戏中 (5游戏中2（中上）.png), conf=0.873, 17ms
[2026-09-29 12:25:18] DEBUG | 循环#38862 总耗时=105ms
[2026-09-29 12:25:18] DEBUG | 截图: 3840x2160, 耗时=83ms
[2026-09-29 12:25:18] DEBUG | 匹配[快速]: 游戏中 (5游戏中2（中上）.png), conf=0.872, 16ms
[2026-09-29 12:25:18] DEBUG | 循环#38863 总耗时=103ms
[2026-09-29 12:25:19] DEBUG | 截图: 3840x2160, 耗时=85ms
[2026-09-29 12:25:19] DEBUG | 匹配[快速]: 游戏中 (5游戏中2（中上）.png), conf=0.872, 17ms
[2026-09-29 12:25:19] DEBUG | 循环#38864 总耗时=106ms
[2026-09-29 12:25:19] DEBUG | 截图: 3840x2160, 耗时=82ms
[2026-09-29 12:25:19] DEBUG | 匹配[快速]: 游戏中 (5游戏中2（中上）.png), conf=0.872, 17ms
[2026-09-29 12:25:19] DEBUG | 循环#38865 总耗时=102ms
[2026-09-29 12:25:19] DEBUG | 截图: 3840x2160, 耗时=81ms
[2026-09-29 12:25:19] DEBUG | 匹配[快速]: 游戏中 (5游戏中2（中上）.png), conf=0.875, 19ms
[2026-09-29 12:25:19] DEBUG | 循环#38866 总耗时=104ms
[2026-09-29 12:25:20] DEBUG | 截图: 3840x2160, 耗时=85ms
[2026-09-29 12:25:20] DEBUG | 匹配[快速]: 游戏中 (5游戏中2（中上）.png), conf=0.874, 16ms
[2026-09-29 12:25:20] DEBUG | 循环#38867 总耗时=105ms
[2026-09-29 12:25:20] DEBUG | 截图: 3840x2160, 耗时=81ms
[2026-09-29 12:25:20] DEBUG | 匹配[快速]: 游戏中 (5游戏中2（中上）.png), conf=0.874, 18ms
[2026-09-29 12:25:20] INFO | [游戏中] 按I键
[2026-09-29 12:25:20] DEBUG | 按键 i: 三重发送开始 (scan=0x17, vk=0x49)
[2026-09-29 12:25:20] INFO | 按键: i(扫描码=0x17), 持续 0.3s
[2026-09-29 12:25:20] DEBUG | 循环#38868 总耗时=404ms
[2026-09-29 12:25:20] DEBUG | 截图: 3840x2160, 耗时=82ms
[2026-09-29 12:25:20] DEBUG | 匹配[快速]: 游戏中 (5游戏中2（中上）.png), conf=0.874, 17ms
[2026-09-29 12:25:20] DEBUG | 循环#38869 总耗时=102ms
[2026-09-29 12:25:21] DEBUG | 截图: 3840x2160, 耗时=79ms
[2026-09-29 12:25:21] DEBUG | 匹配[快速]: 游戏中 (5游戏中2（中上）.png), conf=0.875, 19ms
[2026-09-29 12:25:21] DEBUG | 循环#38870 总耗时=100ms
[2026-09-29 12:25:21] DEBUG | 截图: 3840x2160, 耗时=86ms
[2026-09-29 12:25:21] DEBUG | 匹配[快速]: 游戏中 (5游戏中2（中上）.png), conf=0.872, 16ms
[2026-09-29 12:25:21] DEBUG | 循环#38871 总耗时=105ms
[2026-09-29 12:25:21] DEBUG | 截图: 3840x2160, 耗时=87ms
[2026-09-29 12:25:21] DEBUG | 匹配[快速]: 游戏中 (5游戏中2（中上）.png), conf=0.875, 17ms
[2026-09-29 12:25:21] DEBUG | 循环#38872 总耗时=108ms
[2026-09-29 12:25:22] DEBUG | 截图: 3840x2160, 耗时=83ms
[2026-09-29 12:25:22] DEBUG | 匹配[快速]: 游戏中 (5游戏中2（中上）.png), conf=0.876, 16ms
[2026-09-29 12:25:22] DEBUG | 循环#38873 总耗时=102ms
[2026-09-29 12:25:22] DEBUG | 截图: 3840x2160, 耗时=82ms
[2026-09-29 12:25:22] DEBUG | 匹配[快速]: 游戏中 (5游戏中2（中上）.png), conf=0.876, 17ms
[2026-09-29 12:25:22] DEBUG | 循环#38874 总耗时=102ms
[2026-09-29 12:25:22] DEBUG | 截图: 3840x2160, 耗时=82ms
[2026-09-29 12:25:22] DEBUG | 匹配[快速]: 游戏中 (5游戏中2（中上）.png), conf=0.877, 19ms
[2026-09-29 12:25:22] DEBUG | 循环#38875 总耗时=103ms
[2026-09-29 12:25:22] DEBUG | 截图: 3840x2160, 耗时=85ms
[2026-09-29 12:25:22] DEBUG | 匹配[快速]: 游戏中 (5游戏中2（中上）.png), conf=0.877, 17ms
[2026-09-29 12:25:22] DEBUG | 循环#38876 总耗时=105ms
[2026-09-29 12:25:23] DEBUG | 截图: 3840x2160, 耗时=88ms
[2026-09-29 12:25:23] DEBUG | 匹配[快速]: 游戏中 (5游戏中2（中上）.png), conf=0.877, 18ms
[2026-09-29 12:25:23] DEBUG | 循环#38877 总耗时=109ms
[2026-09-29 12:25:23] DEBUG | 截图: 3840x2160, 耗时=82ms
[2026-09-29 12:25:23] DEBUG | 匹配[快速]: 游戏中 (5游戏中2（中上）.png), conf=0.878, 17ms
[2026-09-29 12:25:23] INFO | [游戏中] 按I键
[2026-09-29 12:25:23] DEBUG | 按键 i: 三重发送开始 (scan=0x17, vk=0x49)
[2026-09-29 12:25:23] INFO | 按键: i(扫描码=0x17), 持续 0.3s
[2026-09-29 12:25:23] DEBUG | 循环#38878 总耗时=404ms
[2026-09-29 12:25:23] DEBUG | 截图: 3840x2160, 耗时=91ms
[2026-09-29 12:25:23] DEBUG | 匹配[快速]: 游戏中 (5游戏中2（中上）.png), conf=0.866, 18ms
[2026-09-29 12:25:23] DEBUG | 循环#38879 总耗时=113ms
[2026-09-29 12:25:24] DEBUG | 截图: 3840x2160, 耗时=86ms
[2026-09-29 12:25:24] DEBUG | 匹配[快速]: 游戏中 (5游戏中2（中上）.png), conf=0.865, 16ms
[2026-09-29 12:25:24] DEBUG | 循环#38880 总耗时=106ms
[2026-09-29 12:25:24] DEBUG | 截图: 3840x2160, 耗时=87ms
[2026-09-29 12:25:24] DEBUG | 匹配[快速]: 游戏中 (5游戏中2（中上）.png), conf=0.864, 17ms
[2026-09-29 12:25:24] DEBUG | 循环#38881 总耗时=108ms
[2026-09-29 12:25:24] DEBUG | 截图: 3840x2160, 耗时=89ms
[2026-09-29 12:25:24] DEBUG | 匹配[快速]: 游戏中 (5游戏中2（中上）.png), conf=0.864, 17ms
[2026-09-29 12:25:24] DEBUG | 循环#38882 总耗时=109ms
[2026-09-29 12:25:25] DEBUG | 截图: 3840x2160, 耗时=83ms
[2026-09-29 12:25:25] DEBUG | 匹配[快速]: 游戏中 (5游戏中2（中上）.png), conf=0.864, 16ms
[2026-09-29 12:25:25] DEBUG | 循环#38883 总耗时=102ms
[2026-09-29 12:25:25] DEBUG | 截图: 3840x2160, 耗时=82ms
[2026-09-29 12:25:25] DEBUG | 匹配[快速]: 游戏中 (5游戏中2（中上）.png), conf=0.871, 19ms
[2026-09-29 12:25:25] DEBUG | 循环#38884 总耗时=104ms
[2026-09-29 12:25:25] DEBUG | 截图: 3840x2160, 耗时=88ms
[2026-09-29 12:25:25] DEBUG | 匹配[快速]: 游戏中 (5游戏中2（中上）.png), conf=0.874, 20ms
[2026-09-29 12:25:25] DEBUG | 循环#38885 总耗时=110ms
[2026-09-29 12:25:26] DEBUG | 截图: 3840x2160, 耗时=80ms
[2026-09-29 12:25:26] DEBUG | 匹配[快速]: 游戏中 (5游戏中2（中上）.png), conf=0.871, 19ms
[2026-09-29 12:25:26] DEBUG | 循环#38886 总耗时=101ms
[2026-09-29 12:25:26] DEBUG | 截图: 3840x2160, 耗时=87ms
[2026-09-29 12:25:26] DEBUG | 匹配[快速]: 游戏中 (5游戏中2（中上）.png), conf=0.873, 16ms
[2026-09-29 12:25:26] DEBUG | 循环#38887 总耗时=108ms
[2026-09-29 12:25:26] DEBUG | 截图: 3840x2160, 耗时=83ms
[2026-09-29 12:25:26] DEBUG | 匹配[快速]: 游戏中 (5游戏中2（中上）.png), conf=0.879, 17ms
[2026-09-29 12:25:26] INFO | [游戏中] 按I键
[2026-09-29 12:25:26] DEBUG | 按键 i: 三重发送开始 (scan=0x17, vk=0x49)
[2026-09-29 12:25:26] INFO | 按键: i(扫描码=0x17), 持续 0.3s
[2026-09-29 12:25:26] DEBUG | 循环#38888 总耗时=406ms
[2026-09-29 12:25:27] DEBUG | 截图: 3840x2160, 耗时=90ms
[2026-09-29 12:25:27] DEBUG | 匹配[快速]: 游戏中 (5游戏中2（中上）.png), conf=0.878, 20ms
[2026-09-29 12:25:27] DEBUG | 循环#38889 总耗时=114ms
[2026-09-29 12:25:27] DEBUG | 截图: 3840x2160, 耗时=82ms
[2026-09-29 12:25:27] DEBUG | 匹配[快速]: 游戏中 (5游戏中2（中上）.png), conf=0.879, 17ms
[2026-09-29 12:25:27] DEBUG | 循环#38890 总耗时=103ms
[2026-09-29 12:25:27] DEBUG | 截图: 3840x2160, 耗时=77ms
[2026-09-29 12:25:27] DEBUG | 匹配[快速]: 游戏中 (5游戏中2（中上）.png), conf=0.878, 16ms
[2026-09-29 12:25:27] DEBUG | 循环#38891 总耗时=98ms
[2026-09-29 12:25:27] DEBUG | 截图: 3840x2160, 耗时=78ms
[2026-09-29 12:25:27] DEBUG | 匹配[快速]: 游戏中 (5游戏中2（中上）.png), conf=0.877, 18ms
[2026-09-29 12:25:27] DEBUG | 循环#38892 总耗时=99ms
[2026-09-29 12:25:28] DEBUG | 截图: 3840x2160, 耗时=78ms
[2026-09-29 12:25:28] DEBUG | 匹配[快速]: 游戏中 (5游戏中2（中上）.png), conf=0.879, 17ms
[2026-09-29 12:25:28] DEBUG | 循环#38893 总耗时=98ms
[2026-09-29 12:25:28] DEBUG | 截图: 3840x2160, 耗时=77ms
[2026-09-29 12:25:28] DEBUG | 匹配[快速]: 游戏中 (5游戏中2（中上）.png), conf=0.880, 16ms
[2026-09-29 12:25:28] DEBUG | 循环#38894 总耗时=97ms
[2026-09-29 12:25:28] DEBUG | 截图: 3840x2160, 耗时=83ms
[2026-09-29 12:25:28] DEBUG | 匹配[快速]: 游戏中 (5游戏中2（中上）.png), conf=0.876, 17ms
[2026-09-29 12:25:28] DEBUG | 循环#38895 总耗时=103ms
[2026-09-29 12:25:29] DEBUG | 截图: 3840x2160, 耗时=86ms
[2026-09-29 12:25:29] DEBUG | 匹配[快速]: 游戏中 (5游戏中2（中上）.png), conf=0.877, 16ms
[2026-09-29 12:25:29] DEBUG | 循环#38896 总耗时=106ms
[2026-09-29 12:25:29] DEBUG | 截图: 3840x2160, 耗时=84ms
[2026-09-29 12:25:29] DEBUG | 匹配[快速]: 游戏中 (5游戏中2（中上）.png), conf=0.878, 17ms
[2026-09-29 12:25:29] DEBUG | 循环#38897 总耗时=105ms
[2026-09-29 12:25:29] DEBUG | 截图: 3840x2160, 耗时=93ms
[2026-09-29 12:25:29] DEBUG | 匹配[快速]: 游戏中 (5游戏中2（中上）.png), conf=0.878, 17ms
[2026-09-29 12:25:29] INFO | [游戏中] 按I键
[2026-09-29 12:25:29] DEBUG | 按键 i: 三重发送开始 (scan=0x17, vk=0x49)
[2026-09-29 12:25:30] INFO | 按键: i(扫描码=0x17), 持续 0.3s
[2026-09-29 12:25:30] DEBUG | 循环#38898 总耗时=415ms
[2026-09-29 12:25:30] DEBUG | 截图: 3840x2160, 耗时=79ms
[2026-09-29 12:25:30] DEBUG | 匹配[快速]: 游戏中 (5游戏中2（中上）.png), conf=0.878, 16ms
[2026-09-29 12:25:30] DEBUG | 循环#38899 总耗时=98ms
[2026-09-29 12:25:30] DEBUG | 截图: 3840x2160, 耗时=79ms
[2026-09-29 12:25:30] DEBUG | 匹配[快速]: 游戏中 (5游戏中2（中上）.png), conf=0.878, 18ms
[2026-09-29 12:25:30] DEBUG | 循环#38900 总耗时=99ms
[2026-09-29 12:25:30] DEBUG | 截图: 3840x2160, 耗时=79ms
[2026-09-29 12:25:30] DEBUG | 匹配[快速]: 游戏中 (5游戏中2（中上）.png), conf=0.877, 16ms
[2026-09-29 12:25:30] DEBUG | 循环#38901 总耗时=99ms
[2026-09-29 12:25:31] DEBUG | 截图: 3840x2160, 耗时=83ms
[2026-09-29 12:25:31] DEBUG | 匹配[快速]: 游戏中 (5游戏中2（中上）.png), conf=0.874, 17ms
[2026-09-29 12:25:31] DEBUG | 循环#38902 总耗时=104ms
[2026-09-29 12:25:31] DEBUG | 截图: 3840x2160, 耗时=85ms
[2026-09-29 12:25:31] DEBUG | 匹配[快速]: 游戏中 (5游戏中2（中上）.png), conf=0.876, 19ms
[2026-09-29 12:25:31] DEBUG | 循环#38903 总耗时=106ms
[2026-09-29 12:25:31] DEBUG | 截图: 3840x2160, 耗时=78ms
[2026-09-29 12:25:31] DEBUG | 匹配[快速]: 游戏中 (5游戏中2（中上）.png), conf=0.878, 23ms
[2026-09-29 12:25:31] DEBUG | 循环#38904 总耗时=105ms
[2026-09-29 12:25:31] DEBUG | 截图: 3840x2160, 耗时=78ms
[2026-09-29 12:25:31] DEBUG | 匹配[快速]: 游戏中 (5游戏中2（中上）.png), conf=0.878, 17ms
[2026-09-29 12:25:31] DEBUG | 循环#38905 总耗时=98ms
[2026-09-29 12:25:32] DEBUG | 截图: 3840x2160, 耗时=76ms
[2026-09-29 12:25:32] DEBUG | 匹配[快速]: 游戏中 (5游戏中2（中上）.png), conf=0.878, 18ms
[2026-09-29 12:25:32] DEBUG | 循环#38906 总耗时=97ms
[2026-09-29 12:25:32] DEBUG | 截图: 3840x2160, 耗时=83ms
[2026-09-29 12:25:32] DEBUG | 匹配[快速]: 游戏中 (5游戏中2（中上）.png), conf=0.878, 17ms
[2026-09-29 12:25:32] DEBUG | 循环#38907 总耗时=103ms
[2026-09-29 12:25:32] DEBUG | 截图: 3840x2160, 耗时=81ms
[2026-09-29 12:25:32] DEBUG | 匹配[快速]: 游戏中 (5游戏中2（中上）.png), conf=0.879, 17ms
[2026-09-29 12:25:32] INFO | [游戏中] 按I键
[2026-09-29 12:25:32] DEBUG | 按键 i: 三重发送开始 (scan=0x17, vk=0x49)
[2026-09-29 12:25:33] INFO | 按键: i(扫描码=0x17), 持续 0.3s
[2026-09-29 12:25:33] DEBUG | 循环#38908 总耗时=404ms
[2026-09-29 12:25:33] DEBUG | 截图: 3840x2160, 耗时=84ms
[2026-09-29 12:25:33] DEBUG | 匹配[快速]: 游戏中 (5游戏中2（中上）.png), conf=0.879, 19ms
[2026-09-29 12:25:33] DEBUG | 循环#38909 总耗时=107ms
[2026-09-29 12:25:33] DEBUG | 截图: 3840x2160, 耗时=85ms
[2026-09-29 12:25:33] DEBUG | 匹配[快速]: 游戏中 (5游戏中2（中上）.png), conf=0.879, 17ms
[2026-09-29 12:25:33] DEBUG | 循环#38910 总耗时=106ms
[2026-09-29 12:25:33] DEBUG | 截图: 3840x2160, 耗时=75ms
[2026-09-29 12:25:33] DEBUG | 匹配[快速]: 游戏中 (5游戏中2（中上）.png), conf=0.879, 18ms
[2026-09-29 12:25:33] DEBUG | 循环#38911 总耗时=96ms
[2026-09-29 12:25:34] DEBUG | 截图: 3840x2160, 耗时=84ms
[2026-09-29 12:25:34] DEBUG | 匹配[快速]: 游戏中 (5游戏中2（中上）.png), conf=0.879, 17ms
[2026-09-29 12:25:34] DEBUG | 循环#38912 总耗时=103ms
[2026-09-29 12:25:34] DEBUG | 截图: 3840x2160, 耗时=76ms
[2026-09-29 12:25:34] DEBUG | 匹配[快速]: 游戏中 (5游戏中2（中上）.png), conf=0.878, 18ms
[2026-09-29 12:25:34] DEBUG | 循环#38913 总耗时=97ms
[2026-09-29 12:25:34] DEBUG | 截图: 3840x2160, 耗时=86ms
[2026-09-29 12:25:34] DEBUG | 匹配[快速]: 游戏中 (5游戏中2（中上）.png), conf=0.878, 17ms
[2026-09-29 12:25:34] DEBUG | 循环#38914 总耗时=106ms
[2026-09-29 12:25:35] DEBUG | 截图: 3840x2160, 耗时=80ms
[2026-09-29 12:25:35] DEBUG | 匹配[快速]: 游戏中 (5游戏中2（中上）.png), conf=0.878, 18ms
[2026-09-29 12:25:35] DEBUG | 循环#38915 总耗时=102ms
[2026-09-29 12:25:35] DEBUG | 截图: 3840x2160, 耗时=81ms
[2026-09-29 12:25:35] DEBUG | 匹配[快速]: 游戏中 (5游戏中2（中上）.png), conf=0.878, 16ms
[2026-09-29 12:25:35] DEBUG | 循环#38916 总耗时=101ms
[2026-09-29 12:25:35] DEBUG | 截图: 3840x2160, 耗时=78ms
[2026-09-29 12:25:35] DEBUG | 匹配[快速]: 游戏中 (5游戏中2（中上）.png), conf=0.879, 17ms
[2026-09-29 12:25:35] DEBUG | 循环#38917 总耗时=98ms
[2026-09-29 12:25:35] DEBUG | 截图: 3840x2160, 耗时=79ms
[2026-09-29 12:25:35] DEBUG | 匹配[快速]: 游戏中 (5游戏中2（中上）.png), conf=0.875, 18ms
[2026-09-29 12:25:35] INFO | [游戏中] 按I键
[2026-09-29 12:25:35] DEBUG | 按键 i: 三重发送开始 (scan=0x17, vk=0x49)
[2026-09-29 12:25:36] INFO | 按键: i(扫描码=0x17), 持续 0.3s
[2026-09-29 12:25:36] DEBUG | 循环#38918 总耗时=403ms
[2026-09-29 12:25:36] DEBUG | 截图: 3840x2160, 耗时=77ms
[2026-09-29 12:25:36] DEBUG | 匹配[快速]: 游戏中 (5游戏中2（中上）.png), conf=0.869, 16ms
[2026-09-29 12:25:36] DEBUG | 循环#38919 总耗时=97ms
[2026-09-29 12:25:36] DEBUG | 截图: 3840x2160, 耗时=75ms
[2026-09-29 12:25:36] DEBUG | 匹配[快速]: 游戏中 (5游戏中2（中上）.png), conf=0.872, 19ms
[2026-09-29 12:25:36] DEBUG | 循环#38920 总耗时=98ms
[2026-09-29 12:25:36] DEBUG | 截图: 3840x2160, 耗时=75ms
[2026-09-29 12:25:36] DEBUG | 匹配[快速]: 游戏中 (5游戏中2（中上）.png), conf=0.875, 17ms
[2026-09-29 12:25:36] DEBUG | 循环#38921 总耗时=94ms
[2026-09-29 12:25:37] DEBUG | 截图: 3840x2160, 耗时=79ms
[2026-09-29 12:25:37] DEBUG | 匹配[快速]: 游戏中 (5游戏中2（中上）.png), conf=0.875, 18ms
[2026-09-29 12:25:37] DEBUG | 循环#38922 总耗时=101ms
[2026-09-29 12:25:37] DEBUG | 截图: 3840x2160, 耗时=82ms
[2026-09-29 12:25:37] DEBUG | 匹配[快速]: 游戏中 (5游戏中2（中上）.png), conf=0.875, 17ms
[2026-09-29 12:25:37] DEBUG | 循环#38923 总耗时=102ms
[2026-09-29 12:25:37] DEBUG | 截图: 3840x2160, 耗时=81ms
[2026-09-29 12:25:37] DEBUG | 匹配[快速]: 游戏中 (5游戏中2（中上）.png), conf=0.876, 16ms
[2026-09-29 12:25:37] DEBUG | 循环#38924 总耗时=101ms
[2026-09-29 12:25:38] DEBUG | 截图: 3840x2160, 耗时=82ms
[2026-09-29 12:25:38] DEBUG | 匹配[快速]: 游戏中 (5游戏中2（中上）.png), conf=0.876, 17ms
[2026-09-29 12:25:38] DEBUG | 循环#38925 总耗时=101ms
[2026-09-29 12:25:38] DEBUG | 截图: 3840x2160, 耗时=79ms
[2026-09-29 12:25:38] DEBUG | 匹配[快速]: 游戏中 (5游戏中2（中上）.png), conf=0.876, 16ms
[2026-09-29 12:25:38] DEBUG | 循环#38926 总耗时=98ms
[2026-09-29 12:25:38] DEBUG | 截图: 3840x2160, 耗时=81ms
[2026-09-29 12:25:38] DEBUG | 匹配[快速]: 游戏中 (5游戏中2（中上）.png), conf=0.876, 16ms
[2026-09-29 12:25:38] DEBUG | 循环#38927 总耗时=101ms
[2026-09-29 12:25:39] DEBUG | 截图: 3840x2160, 耗时=81ms
[2026-09-29 12:25:39] DEBUG | 匹配[快速]: 游戏中 (5游戏中2（中上）.png), conf=0.876, 17ms
[2026-09-29 12:25:39] INFO | [游戏中] 按I键
[2026-09-29 12:25:39] DEBUG | 按键 i: 三重发送开始 (scan=0x17, vk=0x49)
[2026-09-29 12:25:39] INFO | 按键: i(扫描码=0x17), 持续 0.3s
[2026-09-29 12:25:39] DEBUG | 循环#38928 总耗时=403ms
[2026-09-29 12:25:39] DEBUG | 截图: 3840x2160, 耗时=77ms
[2026-09-29 12:25:39] DEBUG | 匹配[快速]: 游戏中 (5游戏中2（中上）.png), conf=0.876, 17ms
[2026-09-29 12:25:39] DEBUG | 循环#38929 总耗时=98ms
[2026-09-29 12:25:39] DEBUG | 截图: 3840x2160, 耗时=76ms
[2026-09-29 12:25:39] DEBUG | 匹配[快速]: 游戏中 (5游戏中2（中上）.png), conf=0.876, 17ms
[2026-09-29 12:25:39] DEBUG | 循环#38930 总耗时=97ms
[2026-09-29 12:25:40] DEBUG | 截图: 3840x2160, 耗时=76ms
[2026-09-29 12:25:40] DEBUG | 匹配[快速]: 游戏中 (5游戏中2（中上）.png), conf=0.876, 19ms
[2026-09-29 12:25:40] DEBUG | 循环#38931 总耗时=98ms
[2026-09-29 12:25:40] DEBUG | 截图: 3840x2160, 耗时=78ms
[2026-09-29 12:25:40] DEBUG | 匹配[快速]: 游戏中 (5游戏中2（中上）.png), conf=0.876, 16ms
[2026-09-29 12:25:40] DEBUG | 循环#38932 总耗时=97ms
[2026-09-29 12:25:40] DEBUG | 截图: 3840x2160, 耗时=87ms
[2026-09-29 12:25:40] DEBUG | 匹配[快速]: 游戏中 (5游戏中2（中上）.png), conf=0.876, 16ms
[2026-09-29 12:25:40] DEBUG | 循环#38933 总耗时=107ms
[2026-09-29 12:25:40] DEBUG | 截图: 3840x2160, 耗时=84ms
[2026-09-29 12:25:40] DEBUG | 匹配[快速]: 游戏中 (5游戏中2（中上）.png), conf=0.877, 17ms
[2026-09-29 12:25:40] DEBUG | 循环#38934 总耗时=105ms
[2026-09-29 12:25:41] DEBUG | 截图: 3840x2160, 耗时=83ms
[2026-09-29 12:25:41] DEBUG | 匹配[快速]: 游戏中 (5游戏中2（中上）.png), conf=0.876, 18ms
[2026-09-29 12:25:41] DEBUG | 循环#38935 总耗时=104ms
[2026-09-29 12:25:41] DEBUG | 截图: 3840x2160, 耗时=86ms
[2026-09-29 12:25:41] DEBUG | 匹配[快速]: 游戏中 (5游戏中2（中上）.png), conf=0.876, 18ms
[2026-09-29 12:25:41] DEBUG | 循环#38936 总耗时=108ms
[2026-09-29 12:25:41] DEBUG | 截图: 3840x2160, 耗时=83ms
[2026-09-29 12:25:41] DEBUG | 匹配[快速]: 游戏中 (5游戏中2（中上）.png), conf=0.876, 17ms
[2026-09-29 12:25:41] DEBUG | 循环#38937 总耗时=104ms
[2026-09-29 12:25:42] DEBUG | 截图: 3840x2160, 耗时=82ms
[2026-09-29 12:25:42] DEBUG | 匹配[快速]: 游戏中 (5游戏中2（中上）.png), conf=0.876, 18ms
[2026-09-29 12:25:42] INFO | [游戏中] 按I键
[2026-09-29 12:25:42] DEBUG | 按键 i: 三重发送开始 (scan=0x17, vk=0x49)
[2026-09-29 12:25:42] INFO | 按键: i(扫描码=0x17), 持续 0.3s
[2026-09-29 12:25:42] DEBUG | 循环#38938 总耗时=406ms
[2026-09-29 12:25:42] DEBUG | 截图: 3840x2160, 耗时=82ms
[2026-09-29 12:25:42] DEBUG | 匹配[快速]: 游戏中 (5游戏中2（中上）.png), conf=0.876, 16ms
[2026-09-29 12:25:42] DEBUG | 循环#38939 总耗时=102ms
[2026-09-29 12:25:42] DEBUG | 截图: 3840x2160, 耗时=82ms
[2026-09-29 12:25:42] DEBUG | 匹配[快速]: 游戏中 (5游戏中2（中上）.png), conf=0.876, 18ms
[2026-09-29 12:25:42] DEBUG | 循环#38940 总耗时=104ms
[2026-09-29 12:25:43] DEBUG | 截图: 3840x2160, 耗时=82ms
[2026-09-29 12:25:43] DEBUG | 匹配[快速]: 游戏中 (5游戏中2（中上）.png), conf=0.876, 16ms
[2026-09-29 12:25:43] DEBUG | 循环#38941 总耗时=102ms
[2026-09-29 12:25:43] DEBUG | 截图: 3840x2160, 耗时=80ms
[2026-09-29 12:25:43] DEBUG | 匹配[快速]: 游戏中 (5游戏中2（中上）.png), conf=0.876, 17ms
[2026-09-29 12:25:43] DEBUG | 循环#38942 总耗时=99ms
[2026-09-29 12:25:43] DEBUG | 截图: 3840x2160, 耗时=82ms
[2026-09-29 12:25:43] DEBUG | 匹配[快速]: 游戏中 (5游戏中2（中上）.png), conf=0.876, 18ms
[2026-09-29 12:25:43] DEBUG | 循环#38943 总耗时=103ms
[2026-09-29 12:25:44] DEBUG | 截图: 3840x2160, 耗时=78ms
[2026-09-29 12:25:44] DEBUG | 匹配[快速]: 游戏中 (5游戏中2（中上）.png), conf=0.876, 16ms
[2026-09-29 12:25:44] DEBUG | 循环#38944 总耗时=97ms
[2026-09-29 12:25:44] DEBUG | 截图: 3840x2160, 耗时=78ms
[2026-09-29 12:25:44] DEBUG | 匹配[快速]: 游戏中 (5游戏中2（中上）.png), conf=0.876, 17ms
[2026-09-29 12:25:44] DEBUG | 循环#38945 总耗时=98ms
[2026-09-29 12:25:44] DEBUG | 截图: 3840x2160, 耗时=78ms
[2026-09-29 12:25:44] DEBUG | 匹配[快速]: 游戏中 (5游戏中2（中上）.png), conf=0.876, 16ms
[2026-09-29 12:25:44] DEBUG | 循环#38946 总耗时=98ms
[2026-09-29 12:25:44] DEBUG | 截图: 3840x2160, 耗时=79ms
[2026-09-29 12:25:44] DEBUG | 匹配[快速]: 游戏中 (5游戏中2（中上）.png), conf=0.875, 18ms
[2026-09-29 12:25:44] DEBUG | 循环#38947 总耗时=101ms
[2026-09-29 12:25:45] DEBUG | 截图: 3840x2160, 耗时=77ms
[2026-09-29 12:25:45] DEBUG | 匹配[快速]: 游戏中 (5游戏中2（中上）.png), conf=0.875, 16ms
[2026-09-29 12:25:45] INFO | [游戏中] 按I键
[2026-09-29 12:25:45] DEBUG | 按键 i: 三重发送开始 (scan=0x17, vk=0x49)
[2026-09-29 12:25:45] INFO | 按键: i(扫描码=0x17), 持续 0.3s
[2026-09-29 12:25:45] DEBUG | 循环#38948 总耗时=399ms
[2026-09-29 12:25:45] DEBUG | 截图: 3840x2160, 耗时=79ms
[2026-09-29 12:25:45] DEBUG | 匹配[快速]: 游戏中 (5游戏中2（中上）.png), conf=0.875, 17ms
[2026-09-29 12:25:45] DEBUG | 循环#38949 总耗时=99ms
[2026-09-29 12:25:45] DEBUG | 截图: 3840x2160, 耗时=78ms
[2026-09-29 12:25:45] DEBUG | 匹配[快速]: 游戏中 (5游戏中2（中上）.png), conf=0.875, 16ms
[2026-09-29 12:25:45] DEBUG | 循环#38950 总耗时=97ms
[2026-09-29 12:25:46] DEBUG | 截图: 3840x2160, 耗时=76ms
[2026-09-29 12:25:46] DEBUG | 匹配[快速]: 游戏中 (5游戏中2（中上）.png), conf=0.875, 17ms
[2026-09-29 12:25:46] DEBUG | 循环#38951 总耗时=96ms
[2026-09-29 12:25:46] DEBUG | 截图: 3840x2160, 耗时=76ms
[2026-09-29 12:25:46] DEBUG | 匹配[快速]: 游戏中 (5游戏中2（中上）.png), conf=0.875, 17ms
[2026-09-29 12:25:46] DEBUG | 循环#38952 总耗时=96ms
[2026-09-29 12:25:46] DEBUG | 截图: 3840x2160, 耗时=74ms
[2026-09-29 12:25:46] DEBUG | 匹配[快速]: 游戏中 (5游戏中2（中上）.png), conf=0.875, 18ms
[2026-09-29 12:25:46] DEBUG | 循环#38953 总耗时=96ms
[2026-09-29 12:25:47] DEBUG | 截图: 3840x2160, 耗时=76ms
[2026-09-29 12:25:47] DEBUG | 匹配[快速]: 游戏中 (5游戏中2（中上）.png), conf=0.875, 18ms
[2026-09-29 12:25:47] DEBUG | 循环#38954 总耗时=96ms
[2026-09-29 12:25:47] DEBUG | 截图: 3840x2160, 耗时=83ms
[2026-09-29 12:25:47] DEBUG | 匹配[快速]: 游戏中 (5游戏中2（中上）.png), conf=0.875, 16ms
[2026-09-29 12:25:47] DEBUG | 循环#38955 总耗时=103ms
[2026-09-29 12:25:47] DEBUG | 截图: 3840x2160, 耗时=82ms
[2026-09-29 12:25:47] DEBUG | 匹配[快速]: 游戏中 (5游戏中2（中上）.png), conf=0.869, 19ms
[2026-09-29 12:25:47] DEBUG | 循环#38956 总耗时=104ms
[2026-09-29 12:25:48] DEBUG | 截图: 3840x2160, 耗时=92ms
[2026-09-29 12:25:48] DEBUG | 匹配[快速]: 游戏中 (5游戏中2（中上）.png), conf=0.872, 16ms
[2026-09-29 12:25:48] DEBUG | 循环#38957 总耗时=112ms
[2026-09-29 12:25:48] DEBUG | 截图: 3840x2160, 耗时=80ms
[2026-09-29 12:25:48] DEBUG | 匹配[快速]: 游戏中 (5游戏中2（中上）.png), conf=0.874, 17ms
[2026-09-29 12:25:48] INFO | [游戏中] 按I键
[2026-09-29 12:25:48] DEBUG | 按键 i: 三重发送开始 (scan=0x17, vk=0x49)
[2026-09-29 12:25:48] INFO | 按键: i(扫描码=0x17), 持续 0.3s
[2026-09-29 12:25:48] DEBUG | 循环#38958 总耗时=402ms
[2026-09-29 12:25:48] DEBUG | 截图: 3840x2160, 耗时=80ms
[2026-09-29 12:25:48] DEBUG | 匹配[快速]: 游戏中 (5游戏中2（中上）.png), conf=0.875, 16ms
[2026-09-29 12:25:48] DEBUG | 循环#38959 总耗时=99ms
[2026-09-29 12:25:49] DEBUG | 截图: 3840x2160, 耗时=85ms
[2026-09-29 12:25:49] DEBUG | 匹配[快速]: 游戏中 (5游戏中2（中上）.png), conf=0.875, 18ms
[2026-09-29 12:25:49] DEBUG | 循环#38960 总耗时=106ms
[2026-09-29 12:25:49] DEBUG | 截图: 3840x2160, 耗时=78ms
[2026-09-29 12:25:49] DEBUG | 匹配[快速]: 游戏中 (5游戏中2（中上）.png), conf=0.875, 17ms
[2026-09-29 12:25:49] DEBUG | 循环#38961 总耗时=98ms
[2026-09-29 12:25:49] DEBUG | 截图: 3840x2160, 耗时=76ms
[2026-09-29 12:25:49] DEBUG | 匹配[快速]: 游戏中 (5游戏中2（中上）.png), conf=0.875, 17ms
[2026-09-29 12:25:49] DEBUG | 循环#38962 总耗时=96ms
[2026-09-29 12:25:49] DEBUG | 截图: 3840x2160, 耗时=78ms
[2026-09-29 12:25:49] DEBUG | 匹配[快速]: 游戏中 (5游戏中2（中上）.png), conf=0.875, 16ms
[2026-09-29 12:25:49] DEBUG | 循环#38963 总耗时=97ms
[2026-09-29 12:25:50] DEBUG | 截图: 3840x2160, 耗时=84ms
[2026-09-29 12:25:50] DEBUG | 匹配[快速]: 游戏中 (5游戏中2（中上）.png), conf=0.875, 18ms
[2026-09-29 12:25:50] DEBUG | 循环#38964 总耗时=105ms
[2026-09-29 12:25:50] DEBUG | 截图: 3840x2160, 耗时=76ms
[2026-09-29 12:25:50] DEBUG | 匹配[快速]: 游戏中 (5游戏中2（中上）.png), conf=0.875, 17ms
[2026-09-29 12:25:50] DEBUG | 循环#38965 总耗时=96ms
[2026-09-29 12:25:50] DEBUG | 截图: 3840x2160, 耗时=79ms
[2026-09-29 12:25:50] DEBUG | 匹配[快速]: 游戏中 (5游戏中2（中上）.png), conf=0.875, 16ms
[2026-09-29 12:25:50] DEBUG | 循环#38966 总耗时=99ms
[2026-09-29 12:25:51] DEBUG | 截图: 3840x2160, 耗时=82ms
[2026-09-29 12:25:51] DEBUG | 匹配[快速]: 游戏中 (5游戏中2（中上）.png), conf=0.875, 18ms
[2026-09-29 12:25:51] DEBUG | 循环#38967 总耗时=103ms
[2026-09-29 12:25:51] DEBUG | 截图: 3840x2160, 耗时=82ms
[2026-09-29 12:25:51] DEBUG | 匹配[快速]: 游戏中 (5游戏中2（中上）.png), conf=0.875, 16ms
[2026-09-29 12:25:51] INFO | [游戏中] 按I键
[2026-09-29 12:25:51] DEBUG | 按键 i: 三重发送开始 (scan=0x17, vk=0x49)
[2026-09-29 12:25:51] INFO | 按键: i(扫描码=0x17), 持续 0.3s
[2026-09-29 12:25:51] DEBUG | 循环#38968 总耗时=404ms
[2026-09-29 12:25:51] DEBUG | 截图: 3840x2160, 耗时=80ms
[2026-09-29 12:25:51] DEBUG | 匹配[快速]: 游戏中 (5游戏中2（中上）.png), conf=0.873, 17ms
[2026-09-29 12:25:51] DEBUG | 循环#38969 总耗时=100ms
[2026-09-29 12:25:52] DEBUG | 截图: 3840x2160, 耗时=78ms
[2026-09-29 12:25:52] DEBUG | 匹配[快速]: 游戏中 (5游戏中2（中上）.png), conf=0.870, 16ms
[2026-09-29 12:25:52] DEBUG | 循环#38970 总耗时=98ms
[2026-09-29 12:25:52] DEBUG | 截图: 3840x2160, 耗时=74ms
[2026-09-29 12:25:52] DEBUG | 匹配[快速]: 游戏中 (5游戏中2（中上）.png), conf=0.873, 16ms
[2026-09-29 12:25:52] DEBUG | 循环#38971 总耗时=94ms
[2026-09-29 12:25:52] DEBUG | 截图: 3840x2160, 耗时=75ms
[2026-09-29 12:25:52] DEBUG | 匹配[快速]: 游戏中 (5游戏中2（中上）.png), conf=0.877, 18ms
[2026-09-29 12:25:52] DEBUG | 循环#38972 总耗时=97ms
[2026-09-29 12:25:53] DEBUG | 截图: 3840x2160, 耗时=83ms
[2026-09-29 12:25:53] DEBUG | 匹配[快速]: 游戏中 (5游戏中2（中上）.png), conf=0.877, 16ms
[2026-09-29 12:25:53] DEBUG | 循环#38973 总耗时=102ms
[2026-09-29 12:25:53] DEBUG | 截图: 3840x2160, 耗时=82ms
[2026-09-29 12:25:53] DEBUG | 匹配[快速]: 游戏中 (5游戏中2（中上）.png), conf=0.877, 18ms
[2026-09-29 12:25:53] DEBUG | 循环#38974 总耗时=103ms
[2026-09-29 12:25:53] DEBUG | 截图: 3840x2160, 耗时=84ms
[2026-09-29 12:25:53] DEBUG | 匹配[快速]: 游戏中 (5游戏中2（中上）.png), conf=0.877, 19ms
[2026-09-29 12:25:53] DEBUG | 循环#38975 总耗时=106ms
[2026-09-29 12:25:53] DEBUG | 截图: 3840x2160, 耗时=80ms
[2026-09-29 12:25:54] DEBUG | 匹配[快速]: 游戏中 (5游戏中2（中上）.png), conf=0.877, 17ms
[2026-09-29 12:25:54] DEBUG | 循环#38976 总耗时=100ms
[2026-09-29 12:25:54] DEBUG | 截图: 3840x2160, 耗时=83ms
[2026-09-29 12:25:54] DEBUG | 匹配[快速]: 游戏中 (5游戏中2（中上）.png), conf=0.877, 16ms
[2026-09-29 12:25:54] DEBUG | 循环#38977 总耗时=102ms
[2026-09-29 12:25:54] DEBUG | 截图: 3840x2160, 耗时=80ms
[2026-09-29 12:25:54] DEBUG | 匹配[快速]: 游戏中 (5游戏中2（中上）.png), conf=0.877, 18ms
[2026-09-29 12:25:54] INFO | [游戏中] 按I键
[2026-09-29 12:25:54] DEBUG | 按键 i: 三重发送开始 (scan=0x17, vk=0x49)
[2026-09-29 12:25:54] INFO | 按键: i(扫描码=0x17), 持续 0.3s
[2026-09-29 12:25:54] DEBUG | 循环#38978 总耗时=403ms
[2026-09-29 12:25:54] DEBUG | 截图: 3840x2160, 耗时=80ms
[2026-09-29 12:25:55] DEBUG | 匹配[快速]: 游戏中 (5游戏中2（中上）.png), conf=0.877, 16ms
[2026-09-29 12:25:55] DEBUG | 循环#38979 总耗时=99ms
[2026-09-29 12:25:55] DEBUG | 截图: 3840x2160, 耗时=77ms
[2026-09-29 12:25:55] DEBUG | 匹配[快速]: 游戏中 (5游戏中2（中上）.png), conf=0.877, 17ms
[2026-09-29 12:25:55] DEBUG | 循环#38980 总耗时=97ms
[2026-09-29 12:25:55] DEBUG | 截图: 3840x2160, 耗时=77ms
[2026-09-29 12:25:55] DEBUG | 匹配[快速]: 游戏中 (5游戏中2（中上）.png), conf=0.877, 18ms
[2026-09-29 12:25:55] DEBUG | 循环#38981 总耗时=97ms
[2026-09-29 12:25:55] DEBUG | 截图: 3840x2160, 耗时=81ms
[2026-09-29 12:25:55] DEBUG | 匹配[快速]: 游戏中 (5游戏中2（中上）.png), conf=0.877, 17ms
[2026-09-29 12:25:55] DEBUG | 循环#38982 总耗时=101ms
[2026-09-29 12:25:56] DEBUG | 截图: 3840x2160, 耗时=78ms
[2026-09-29 12:25:56] DEBUG | 匹配[快速]: 游戏中 (5游戏中2（中上）.png), conf=0.876, 17ms
[2026-09-29 12:25:56] DEBUG | 循环#38983 总耗时=97ms
[2026-09-29 12:25:56] DEBUG | 截图: 3840x2160, 耗时=76ms
[2026-09-29 12:25:56] DEBUG | 匹配[快速]: 游戏中 (5游戏中2（中上）.png), conf=0.876, 17ms
[2026-09-29 12:25:56] DEBUG | 循环#38984 总耗时=96ms
[2026-09-29 12:25:56] DEBUG | 截图: 3840x2160, 耗时=75ms
[2026-09-29 12:25:56] DEBUG | 匹配[快速]: 游戏中 (5游戏中2（中上）.png), conf=0.876, 16ms
[2026-09-29 12:25:56] DEBUG | 循环#38985 总耗时=95ms
[2026-09-29 12:25:57] DEBUG | 截图: 3840x2160, 耗时=89ms
[2026-09-29 12:25:57] DEBUG | 匹配[快速]: 游戏中 (5游戏中2（中上）.png), conf=0.876, 17ms
[2026-09-29 12:25:57] DEBUG | 循环#38986 总耗时=108ms
[2026-09-29 12:25:57] DEBUG | 截图: 3840x2160, 耗时=84ms
[2026-09-29 12:25:57] DEBUG | 匹配[快速]: 游戏中 (5游戏中2（中上）.png), conf=0.876, 18ms
[2026-09-29 12:25:57] DEBUG | 循环#38987 总耗时=106ms
[2026-09-29 12:25:57] DEBUG | 截图: 3840x2160, 耗时=82ms
[2026-09-29 12:25:57] DEBUG | 匹配[快速]: 游戏中 (5游戏中2（中上）.png), conf=0.876, 17ms
[2026-09-29 12:25:57] INFO | [游戏中] 按I键
[2026-09-29 12:25:57] DEBUG | 按键 i: 三重发送开始 (scan=0x17, vk=0x49)
[2026-09-29 12:25:58] INFO | 按键: i(扫描码=0x17), 持续 0.3s
[2026-09-29 12:25:58] DEBUG | 循环#38988 总耗时=406ms
[2026-09-29 12:25:58] DEBUG | 截图: 3840x2160, 耗时=82ms
[2026-09-29 12:25:58] DEBUG | 匹配[快速]: 游戏中 (5游戏中2（中上）.png), conf=0.876, 16ms
[2026-09-29 12:25:58] DEBUG | 循环#38989 总耗时=101ms
[2026-09-29 12:25:58] DEBUG | 截图: 3840x2160, 耗时=79ms
[2026-09-29 12:25:58] DEBUG | 匹配[快速]: 游戏中 (5游戏中2（中上）.png), conf=0.876, 16ms
[2026-09-29 12:25:58] DEBUG | 循环#38990 总耗时=99ms
[2026-09-29 12:25:58] DEBUG | 截图: 3840x2160, 耗时=83ms
[2026-09-29 12:25:58] DEBUG | 匹配[快速]: 游戏中 (5游戏中2（中上）.png), conf=0.876, 19ms
[2026-09-29 12:25:58] DEBUG | 循环#38991 总耗时=105ms
[2026-09-29 12:25:59] DEBUG | 截图: 3840x2160, 耗时=80ms
[2026-09-29 12:25:59] DEBUG | 匹配[快速]: 游戏中 (5游戏中2（中上）.png), conf=0.876, 17ms
[2026-09-29 12:25:59] DEBUG | 循环#38992 总耗时=100ms
[2026-09-29 12:25:59] DEBUG | 截图: 3840x2160, 耗时=82ms
[2026-09-29 12:25:59] DEBUG | 匹配[快速]: 游戏中 (5游戏中2（中上）.png), conf=0.876, 17ms
[2026-09-29 12:25:59] DEBUG | 循环#38993 总耗时=101ms
[2026-09-29 12:25:59] DEBUG | 截图: 3840x2160, 耗时=79ms
[2026-09-29 12:25:59] DEBUG | 匹配[快速]: 游戏中 (5游戏中2（中上）.png), conf=0.876, 19ms
[2026-09-29 12:25:59] DEBUG | 循环#38994 总耗时=102ms
[2026-09-29 12:25:59] DEBUG | 截图: 3840x2160, 耗时=82ms
[2026-09-29 12:25:59] DEBUG | 匹配[快速]: 游戏中 (5游戏中2（中上）.png), conf=0.876, 17ms
[2026-09-29 12:25:59] DEBUG | 循环#38995 总耗时=101ms
[2026-09-29 12:26:00] DEBUG | 截图: 3840x2160, 耗时=79ms
[2026-09-29 12:26:00] DEBUG | 匹配[快速]: 游戏中 (5游戏中2（中上）.png), conf=0.876, 19ms
[2026-09-29 12:26:00] DEBUG | 循环#38996 总耗时=100ms
[2026-09-29 12:26:00] DEBUG | 截图: 3840x2160, 耗时=81ms
[2026-09-29 12:26:00] DEBUG | 匹配[快速]: 游戏中 (5游戏中2（中上）.png), conf=0.876, 17ms
[2026-09-29 12:26:00] DEBUG | 循环#38997 总耗时=100ms
[2026-09-29 12:26:00] DEBUG | 截图: 3840x2160, 耗时=80ms
[2026-09-29 12:26:00] DEBUG | 匹配[快速]: 游戏中 (5游戏中2（中上）.png), conf=0.875, 17ms
[2026-09-29 12:26:00] INFO | [游戏中] 按I键
[2026-09-29 12:26:00] DEBUG | 按键 i: 三重发送开始 (scan=0x17, vk=0x49)
[2026-09-29 12:26:01] INFO | 按键: i(扫描码=0x17), 持续 0.3s
[2026-09-29 12:26:01] DEBUG | 循环#38998 总耗时=403ms
[2026-09-29 12:26:01] DEBUG | 截图: 3840x2160, 耗时=80ms
[2026-09-29 12:26:01] DEBUG | 匹配[快速]: 游戏中 (5游戏中2（中上）.png), conf=0.875, 21ms
[2026-09-29 12:26:01] DEBUG | 循环#38999 总耗时=103ms
[2026-09-29 12:26:01] DEBUG | 截图: 3840x2160, 耗时=84ms
[2026-09-29 12:26:01] DEBUG | 匹配[快速]: 游戏中 (5游戏中2（中上）.png), conf=0.875, 19ms
[2026-09-29 12:26:01] DEBUG | 循环#39000 总耗时=106ms
[2026-09-29 12:26:01] DEBUG | 截图: 3840x2160, 耗时=88ms
[2026-09-29 12:26:01] DEBUG | 匹配[快速]: 游戏中 (5游戏中2（中上）.png), conf=0.875, 18ms
[2026-09-29 12:26:01] DEBUG | 循环#39001 总耗时=108ms
[2026-09-29 12:26:02] DEBUG | 截图: 3840x2160, 耗时=90ms
[2026-09-29 12:26:02] DEBUG | 匹配[快速]: 游戏中 (5游戏中2（中上）.png), conf=0.875, 18ms
[2026-09-29 12:26:02] DEBUG | 循环#39002 总耗时=111ms
[2026-09-29 12:26:02] DEBUG | 截图: 3840x2160, 耗时=89ms
[2026-09-29 12:26:02] DEBUG | 匹配[快速]: 游戏中 (5游戏中2（中上）.png), conf=0.873, 17ms
[2026-09-29 12:26:02] DEBUG | 循环#39003 总耗时=109ms
[2026-09-29 12:26:02] DEBUG | 截图: 3840x2160, 耗时=91ms
[2026-09-29 12:26:02] DEBUG | 匹配[快速]: 游戏中 (5游戏中2（中上）.png), conf=0.869, 17ms
[2026-09-29 12:26:02] DEBUG | 循环#39004 总耗时=110ms
[2026-09-29 12:26:03] DEBUG | 截图: 3840x2160, 耗时=82ms
[2026-09-29 12:26:03] DEBUG | 匹配[快速]: 游戏中 (5游戏中2（中上）.png), conf=0.873, 18ms
[2026-09-29 12:26:03] DEBUG | 循环#39005 总耗时=103ms
[2026-09-29 12:26:03] DEBUG | 截图: 3840x2160, 耗时=83ms
[2026-09-29 12:26:03] DEBUG | 匹配[快速]: 游戏中 (5游戏中2（中上）.png), conf=0.875, 17ms
[2026-09-29 12:26:03] DEBUG | 循环#39006 总耗时=102ms
[2026-09-29 12:26:03] DEBUG | 截图: 3840x2160, 耗时=79ms
[2026-09-29 12:26:03] DEBUG | 匹配[快速]: 游戏中 (5游戏中2（中上）.png), conf=0.875, 18ms
[2026-09-29 12:26:03] DEBUG | 循环#39007 总耗时=100ms
[2026-09-29 12:26:03] DEBUG | 截图: 3840x2160, 耗时=80ms
[2026-09-29 12:26:03] DEBUG | 匹配[快速]: 游戏中 (5游戏中2（中上）.png), conf=0.875, 18ms
[2026-09-29 12:26:03] INFO | [游戏中] 按I键
[2026-09-29 12:26:03] DEBUG | 按键 i: 三重发送开始 (scan=0x17, vk=0x49)
[2026-09-29 12:26:04] INFO | 按键: i(扫描码=0x17), 持续 0.3s
[2026-09-29 12:26:04] DEBUG | 循环#39008 总耗时=403ms
[2026-09-29 12:26:04] DEBUG | 截图: 3840x2160, 耗时=80ms
[2026-09-29 12:26:04] DEBUG | 匹配[快速]: 游戏中 (5游戏中2（中上）.png), conf=0.875, 16ms
[2026-09-29 12:26:04] DEBUG | 循环#39009 总耗时=99ms
[2026-09-29 12:26:04] DEBUG | 截图: 3840x2160, 耗时=76ms
[2026-09-29 12:26:04] DEBUG | 匹配[快速]: 游戏中 (5游戏中2（中上）.png), conf=0.875, 18ms
[2026-09-29 12:26:04] DEBUG | 循环#39010 总耗时=97ms
[2026-09-29 12:26:04] DEBUG | 截图: 3840x2160, 耗时=77ms
[2026-09-29 12:26:04] DEBUG | 匹配[快速]: 游戏中 (5游戏中2（中上）.png), conf=0.875, 19ms
[2026-09-29 12:26:04] DEBUG | 循环#39011 总耗时=99ms
[2026-09-29 12:26:05] DEBUG | 截图: 3840x2160, 耗时=79ms
[2026-09-29 12:26:05] DEBUG | 匹配[快速]: 游戏中 (5游戏中2（中上）.png), conf=0.875, 18ms
[2026-09-29 12:26:05] DEBUG | 循环#39012 总耗时=100ms
[2026-09-29 12:26:05] DEBUG | 截图: 3840x2160, 耗时=84ms
[2026-09-29 12:26:05] DEBUG | 匹配[快速]: 游戏中 (5游戏中2（中上）.png), conf=0.875, 16ms
[2026-09-29 12:26:05] DEBUG | 循环#39013 总耗时=103ms
[2026-09-29 12:26:05] DEBUG | 截图: 3840x2160, 耗时=82ms
[2026-09-29 12:26:05] DEBUG | 匹配[快速]: 游戏中 (5游戏中2（中上）.png), conf=0.875, 18ms
[2026-09-29 12:26:05] DEBUG | 循环#39014 总耗时=103ms
[2026-09-29 12:26:06] DEBUG | 截图: 3840x2160, 耗时=82ms
[2026-09-29 12:26:06] DEBUG | 匹配[快速]: 游戏中 (5游戏中2（中上）.png), conf=0.875, 16ms
[2026-09-29 12:26:06] DEBUG | 循环#39015 总耗时=102ms
[2026-09-29 12:26:06] DEBUG | 截图: 3840x2160, 耗时=82ms
[2026-09-29 12:26:06] DEBUG | 匹配[快速]: 游戏中 (5游戏中2（中上）.png), conf=0.875, 16ms
[2026-09-29 12:26:06] DEBUG | 循环#39016 总耗时=102ms
[2026-09-29 12:26:06] DEBUG | 截图: 3840x2160, 耗时=81ms
[2026-09-29 12:26:06] DEBUG | 匹配[快速]: 游戏中 (5游戏中2（中上）.png), conf=0.874, 20ms
[2026-09-29 12:26:06] DEBUG | 循环#39017 总耗时=104ms
[2026-09-29 12:26:07] DEBUG | 截图: 3840x2160, 耗时=84ms
[2026-09-29 12:26:07] DEBUG | 匹配[快速]: 游戏中 (5游戏中2（中上）.png), conf=0.869, 16ms
[2026-09-29 12:26:07] INFO | [游戏中] 按I键
[2026-09-29 12:26:07] DEBUG | 按键 i: 三重发送开始 (scan=0x17, vk=0x49)
[2026-09-29 12:26:07] INFO | 按键: i(扫描码=0x17), 持续 0.3s
[2026-09-29 12:26:07] DEBUG | 循环#39018 总耗时=405ms
[2026-09-29 12:26:07] DEBUG | 截图: 3840x2160, 耗时=81ms
[2026-09-29 12:26:07] DEBUG | 匹配[快速]: 游戏中 (5游戏中2（中上）.png), conf=0.874, 17ms
[2026-09-29 12:26:07] DEBUG | 循环#39019 总耗时=101ms
[2026-09-29 12:26:07] DEBUG | 截图: 3840x2160, 耗时=84ms
[2026-09-29 12:26:07] DEBUG | 匹配[快速]: 游戏中 (5游戏中2（中上）.png), conf=0.875, 16ms
[2026-09-29 12:26:07] DEBUG | 循环#39020 总耗时=103ms
[2026-09-29 12:26:08] DEBUG | 截图: 3840x2160, 耗时=84ms
[2026-09-29 12:26:08] DEBUG | 匹配[快速]: 游戏中 (5游戏中2（中上）.png), conf=0.875, 17ms
[2026-09-29 12:26:08] DEBUG | 循环#39021 总耗时=104ms
[2026-09-29 12:26:08] DEBUG | 截图: 3840x2160, 耗时=82ms
[2026-09-29 12:26:08] DEBUG | 匹配[快速]: 游戏中 (5游戏中2（中上）.png), conf=0.875, 18ms
[2026-09-29 12:26:08] DEBUG | 循环#39022 总耗时=104ms
[2026-09-29 12:26:08] DEBUG | 截图: 3840x2160, 耗时=80ms
[2026-09-29 12:26:08] DEBUG | 匹配[快速]: 游戏中 (5游戏中2（中上）.png), conf=0.875, 18ms
[2026-09-29 12:26:08] DEBUG | 循环#39023 总耗时=101ms
[2026-09-29 12:26:08] DEBUG | 截图: 3840x2160, 耗时=82ms
[2026-09-29 12:26:08] DEBUG | 匹配[快速]: 游戏中 (5游戏中2（中上）.png), conf=0.875, 18ms
[2026-09-29 12:26:08] DEBUG | 循环#39024 总耗时=102ms
[2026-09-29 12:26:09] DEBUG | 截图: 3840x2160, 耗时=79ms
[2026-09-29 12:26:09] DEBUG | 匹配[快速]: 游戏中 (5游戏中2（中上）.png), conf=0.875, 17ms
[2026-09-29 12:26:09] DEBUG | 循环#39025 总耗时=99ms
[2026-09-29 12:26:09] DEBUG | 截图: 3840x2160, 耗时=79ms
[2026-09-29 12:26:09] DEBUG | 匹配[快速]: 游戏中 (5游戏中2（中上）.png), conf=0.875, 17ms
[2026-09-29 12:26:09] DEBUG | 循环#39026 总耗时=98ms
[2026-09-29 12:26:09] DEBUG | 截图: 3840x2160, 耗时=79ms
[2026-09-29 12:26:09] DEBUG | 匹配[快速]: 游戏中 (5游戏中2（中上）.png), conf=0.875, 16ms
[2026-09-29 12:26:09] DEBUG | 循环#39027 总耗时=97ms
[2026-09-29 12:26:10] DEBUG | 截图: 3840x2160, 耗时=77ms
[2026-09-29 12:26:10] DEBUG | 匹配[快速]: 游戏中 (5游戏中2（中上）.png), conf=0.875, 18ms
[2026-09-29 12:26:10] INFO | [游戏中] 按I键
[2026-09-29 12:26:10] DEBUG | 按键 i: 三重发送开始 (scan=0x17, vk=0x49)
[2026-09-29 12:26:10] INFO | 按键: i(扫描码=0x17), 持续 0.3s
[2026-09-29 12:26:10] DEBUG | 循环#39028 总耗时=399ms
[2026-09-29 12:26:10] DEBUG | 截图: 3840x2160, 耗时=80ms
[2026-09-29 12:26:10] DEBUG | 匹配[快速]: 游戏中 (5游戏中2（中上）.png), conf=0.875, 17ms
[2026-09-29 12:26:10] DEBUG | 循环#39029 总耗时=100ms
[2026-09-29 12:26:10] DEBUG | 截图: 3840x2160, 耗时=79ms
[2026-09-29 12:26:10] DEBUG | 匹配[快速]: 游戏中 (5游戏中2（中上）.png), conf=0.875, 19ms
[2026-09-29 12:26:10] DEBUG | 循环#39030 总耗时=100ms
[2026-09-29 12:26:11] DEBUG | 截图: 3840x2160, 耗时=78ms
[2026-09-29 12:26:11] DEBUG | 匹配[快速]: 游戏中 (5游戏中2（中上）.png), conf=0.875, 17ms
[2026-09-29 12:26:11] DEBUG | 循环#39031 总耗时=98ms
[2026-09-29 12:26:11] DEBUG | 截图: 3840x2160, 耗时=78ms
[2026-09-29 12:26:11] DEBUG | 匹配[快速]: 游戏中 (5游戏中2（中上）.png), conf=0.875, 18ms
[2026-09-29 12:26:11] DEBUG | 循环#39032 总耗时=98ms
[2026-09-29 12:26:11] DEBUG | 截图: 3840x2160, 耗时=81ms
[2026-09-29 12:26:11] DEBUG | 匹配[快速]: 游戏中 (5游戏中2（中上）.png), conf=0.875, 17ms
[2026-09-29 12:26:11] DEBUG | 循环#39033 总耗时=100ms
[2026-09-29 12:26:12] DEBUG | 截图: 3840x2160, 耗时=76ms
[2026-09-29 12:26:12] DEBUG | 匹配[快速]: 游戏中 (5游戏中2（中上）.png), conf=0.875, 16ms
[2026-09-29 12:26:12] DEBUG | 循环#39034 总耗时=95ms
[2026-09-29 12:26:12] DEBUG | 截图: 3840x2160, 耗时=77ms
[2026-09-29 12:26:12] DEBUG | 匹配[快速]: 游戏中 (5游戏中2（中上）.png), conf=0.875, 17ms
[2026-09-29 12:26:12] DEBUG | 循环#39035 总耗时=96ms
[2026-09-29 12:26:12] DEBUG | 截图: 3840x2160, 耗时=84ms
[2026-09-29 12:26:12] DEBUG | 匹配[快速]: 游戏中 (5游戏中2（中上）.png), conf=0.875, 17ms
[2026-09-29 12:26:12] DEBUG | 循环#39036 总耗时=103ms
[2026-09-29 12:26:12] DEBUG | 截图: 3840x2160, 耗时=83ms
[2026-09-29 12:26:12] DEBUG | 匹配[快速]: 游戏中 (5游戏中2（中上）.png), conf=0.875, 17ms
[2026-09-29 12:26:12] DEBUG | 循环#39037 总耗时=103ms
[2026-09-29 12:26:13] DEBUG | 截图: 3840x2160, 耗时=84ms
[2026-09-29 12:26:13] DEBUG | 匹配[快速]: 游戏中 (5游戏中2（中上）.png), conf=0.875, 18ms
[2026-09-29 12:26:13] INFO | [游戏中] 按I键
[2026-09-29 12:26:13] DEBUG | 按键 i: 三重发送开始 (scan=0x17, vk=0x49)
[2026-09-29 12:26:13] INFO | 按键: i(扫描码=0x17), 持续 0.3s
[2026-09-29 12:26:13] DEBUG | 循环#39038 总耗时=407ms
[2026-09-29 12:26:13] DEBUG | 截图: 3840x2160, 耗时=82ms
[2026-09-29 12:26:13] DEBUG | 匹配[快速]: 游戏中 (5游戏中2（中上）.png), conf=0.875, 18ms
[2026-09-29 12:26:13] DEBUG | 循环#39039 总耗时=103ms
[2026-09-29 12:26:13] DEBUG | 截图: 3840x2160, 耗时=82ms
[2026-09-29 12:26:13] DEBUG | 匹配[快速]: 游戏中 (5游戏中2（中上）.png), conf=0.873, 17ms
[2026-09-29 12:26:13] DEBUG | 循环#39040 总耗时=101ms
[2026-09-29 12:26:14] DEBUG | 截图: 3840x2160, 耗时=81ms
[2026-09-29 12:26:14] DEBUG | 匹配[快速]: 游戏中 (5游戏中2（中上）.png), conf=0.874, 17ms
[2026-09-29 12:26:14] DEBUG | 循环#39041 总耗时=100ms
[2026-09-29 12:26:14] DEBUG | 截图: 3840x2160, 耗时=82ms
[2026-09-29 12:26:14] DEBUG | 匹配[快速]: 游戏中 (5游戏中2（中上）.png), conf=0.874, 18ms
[2026-09-29 12:26:14] DEBUG | 循环#39042 总耗时=102ms
[2026-09-29 12:26:14] DEBUG | 截图: 3840x2160, 耗时=79ms
[2026-09-29 12:26:14] DEBUG | 匹配[快速]: 游戏中 (5游戏中2（中上）.png), conf=0.874, 18ms
[2026-09-29 12:26:14] DEBUG | 循环#39043 总耗时=99ms
[2026-09-29 12:26:15] DEBUG | 截图: 3840x2160, 耗时=80ms
[2026-09-29 12:26:15] DEBUG | 匹配[快速]: 游戏中 (5游戏中2（中上）.png), conf=0.874, 18ms
[2026-09-29 12:26:15] DEBUG | 循环#39044 总耗时=101ms
[2026-09-29 12:26:15] DEBUG | 截图: 3840x2160, 耗时=82ms
[2026-09-29 12:26:15] DEBUG | 匹配[快速]: 游戏中 (5游戏中2（中上）.png), conf=0.874, 17ms
[2026-09-29 12:26:15] DEBUG | 循环#39045 总耗时=101ms
[2026-09-29 12:26:15] DEBUG | 截图: 3840x2160, 耗时=77ms
[2026-09-29 12:26:15] DEBUG | 匹配[快速]: 游戏中 (5游戏中2（中上）.png), conf=0.874, 19ms
[2026-09-29 12:26:15] DEBUG | 循环#39046 总耗时=99ms
[2026-09-29 12:26:16] DEBUG | 截图: 3840x2160, 耗时=82ms
[2026-09-29 12:26:16] DEBUG | 匹配[快速]: 游戏中 (5游戏中2（中上）.png), conf=0.874, 17ms
[2026-09-29 12:26:16] DEBUG | 循环#39047 总耗时=101ms
[2026-09-29 12:26:16] DEBUG | 截图: 3840x2160, 耗时=85ms
[2026-09-29 12:26:16] DEBUG | 匹配[快速]: 游戏中 (5游戏中2（中上）.png), conf=0.874, 17ms
[2026-09-29 12:26:16] INFO | [游戏中] 按I键
[2026-09-29 12:26:16] DEBUG | 按键 i: 三重发送开始 (scan=0x17, vk=0x49)
[2026-09-29 12:26:16] INFO | 按键: i(扫描码=0x17), 持续 0.3s
[2026-09-29 12:26:16] DEBUG | 循环#39048 总耗时=406ms
[2026-09-29 12:26:16] DEBUG | 截图: 3840x2160, 耗时=79ms
[2026-09-29 12:26:16] DEBUG | 匹配[快速]: 游戏中 (5游戏中2（中上）.png), conf=0.874, 17ms
[2026-09-29 12:26:16] DEBUG | 循环#39049 总耗时=99ms
[2026-09-29 12:26:17] DEBUG | 截图: 3840x2160, 耗时=76ms
[2026-09-29 12:26:17] DEBUG | 匹配[快速]: 游戏中 (5游戏中2（中上）.png), conf=0.874, 17ms
[2026-09-29 12:26:17] DEBUG | 循环#39050 总耗时=96ms
[2026-09-29 12:26:17] DEBUG | 截图: 3840x2160, 耗时=81ms
[2026-09-29 12:26:17] DEBUG | 匹配[快速]: 游戏中 (5游戏中2（中上）.png), conf=0.874, 18ms
[2026-09-29 12:26:17] DEBUG | 循环#39051 总耗时=101ms
[2026-09-29 12:26:17] DEBUG | 截图: 3840x2160, 耗时=85ms
[2026-09-29 12:26:17] DEBUG | 匹配[快速]: 游戏中 (5游戏中2（中上）.png), conf=0.874, 16ms
[2026-09-29 12:26:17] DEBUG | 循环#39052 总耗时=104ms
[2026-09-29 12:26:17] DEBUG | 截图: 3840x2160, 耗时=84ms
[2026-09-29 12:26:17] DEBUG | 匹配[快速]: 游戏中 (5游戏中2（中上）.png), conf=0.874, 17ms
[2026-09-29 12:26:17] DEBUG | 循环#39053 总耗时=105ms
[2026-09-29 12:26:18] DEBUG | 截图: 3840x2160, 耗时=85ms
[2026-09-29 12:26:18] DEBUG | 匹配[快速]: 游戏中 (5游戏中2（中上）.png), conf=0.874, 17ms
[2026-09-29 12:26:18] DEBUG | 循环#39054 总耗时=105ms
[2026-09-29 12:26:18] DEBUG | 截图: 3840x2160, 耗时=86ms
[2026-09-29 12:26:18] DEBUG | 匹配[快速]: 游戏中 (5游戏中2（中上）.png), conf=0.874, 18ms
[2026-09-29 12:26:18] DEBUG | 循环#39055 总耗时=106ms
[2026-09-29 12:26:18] DEBUG | 截图: 3840x2160, 耗时=85ms
[2026-09-29 12:26:18] DEBUG | 匹配[快速]: 游戏中 (5游戏中2（中上）.png), conf=0.874, 17ms
[2026-09-29 12:26:18] DEBUG | 循环#39056 总耗时=105ms
[2026-09-29 12:26:19] DEBUG | 截图: 3840x2160, 耗时=84ms
[2026-09-29 12:26:19] DEBUG | 匹配[快速]: 游戏中 (5游戏中2（中上）.png), conf=0.874, 19ms
[2026-09-29 12:26:19] DEBUG | 循环#39057 总耗时=105ms
[2026-09-29 12:26:19] DEBUG | 截图: 3840x2160, 耗时=83ms
[2026-09-29 12:26:19] DEBUG | 匹配[快速]: 游戏中 (5游戏中2（中上）.png), conf=0.874, 18ms
[2026-09-29 12:26:19] INFO | [游戏中] 按I键
[2026-09-29 12:26:19] DEBUG | 按键 i: 三重发送开始 (scan=0x17, vk=0x49)
[2026-09-29 12:26:19] INFO | 按键: i(扫描码=0x17), 持续 0.3s
[2026-09-29 12:26:19] DEBUG | 循环#39058 总耗时=406ms
[2026-09-29 12:26:19] DEBUG | 截图: 3840x2160, 耗时=82ms
[2026-09-29 12:26:19] DEBUG | 匹配[快速]: 游戏中 (5游戏中2（中上）.png), conf=0.872, 20ms
[2026-09-29 12:26:19] DEBUG | 循环#39059 总耗时=103ms
[2026-09-29 12:26:20] DEBUG | 截图: 3840x2160, 耗时=93ms
[2026-09-29 12:26:20] DEBUG | 匹配[快速]: 游戏中 (5游戏中2（中上）.png), conf=0.869, 21ms
[2026-09-29 12:26:20] DEBUG | 循环#39060 总耗时=117ms
[2026-09-29 12:26:20] DEBUG | 截图: 3840x2160, 耗时=91ms
[2026-09-29 12:26:20] DEBUG | 匹配[未知], 最高=0.480, 252ms
[2026-09-29 12:26:20] DEBUG | 状态变化: 未知 (置信度=0.480)
[2026-09-29 12:26:21] DEBUG | 截图: 3840x2160, 耗时=81ms
[2026-09-29 12:26:21] DEBUG | 匹配[未知], 最高=0.663, 387ms
[2026-09-29 12:26:21] DEBUG | 截图: 3840x2160, 耗时=81ms
[2026-09-29 12:26:22] DEBUG | 匹配[未知], 最高=0.662, 383ms
[2026-09-29 12:26:22] DEBUG | 截图: 3840x2160, 耗时=80ms
[2026-09-29 12:26:22] DEBUG | 匹配[未知], 最高=0.663, 318ms
[2026-09-29 12:26:23] DEBUG | 截图: 3840x2160, 耗时=83ms
[2026-09-29 12:26:23] DEBUG | 匹配[未知], 最高=0.665, 294ms
[2026-09-29 12:26:24] DEBUG | 截图: 3840x2160, 耗时=85ms
[2026-09-29 12:26:24] DEBUG | 匹配[未知], 最高=0.663, 390ms
[2026-09-29 12:26:24] DEBUG | 截图: 3840x2160, 耗时=81ms
[2026-09-29 12:26:25] DEBUG | 匹配[未知], 最高=0.500, 286ms
[2026-09-29 12:26:25] DEBUG | 截图: 3840x2160, 耗时=78ms
[2026-09-29 12:26:25] DEBUG | 匹配[未知], 最高=0.630, 461ms
[2026-09-29 12:26:26] DEBUG | 截图: 3840x2160, 耗时=94ms
[2026-09-29 12:26:26] DEBUG | 匹配[未知], 最高=0.582, 450ms
[2026-09-29 12:26:27] DEBUG | 截图: 3840x2160, 耗时=87ms
[2026-09-29 12:26:27] DEBUG | 匹配[未知], 最高=0.620, 398ms
[2026-09-29 12:26:27] DEBUG | 截图: 3840x2160, 耗时=87ms
[2026-09-29 12:26:28] DEBUG | 匹配[全量]: 结算界面1, conf=0.933, 427ms
[2026-09-29 12:26:28] DEBUG | 状态变化: 结算界面1 (置信度=0.933)
[2026-09-29 12:26:28] DEBUG | 截图: 3840x2160, 耗时=85ms
[2026-09-29 12:26:28] DEBUG | 匹配[快速]: 结算界面1 (6结算界面1（右下）.png), conf=0.933, 19ms
[2026-09-29 12:26:28] INFO | [结算界面1] 点击结算继续
[2026-09-29 12:26:29] INFO | 点击: (3163, 1816), 耗时=75ms
[2026-09-29 12:26:29] INFO | === 第 86 轮完成 ===
[2026-09-29 12:26:29] DEBUG | 循环#39072 总耗时=384ms
[2026-09-29 12:26:29] DEBUG | 截图: 3840x2160, 耗时=85ms
[2026-09-29 12:26:29] DEBUG | 匹配[快速]: 结算界面1 (6结算界面1（右下）.png), conf=0.851, 20ms
[2026-09-29 12:26:29] DEBUG | 循环#39073 总耗时=109ms
[2026-09-29 12:26:29] DEBUG | 截图: 3840x2160, 耗时=82ms
[2026-09-29 12:26:29] DEBUG | 匹配[快速]: 结算界面1 (6结算界面1（右下）.png), conf=0.937, 21ms
[2026-09-29 12:26:29] DEBUG | 循环#39074 总耗时=108ms
[2026-09-29 12:26:29] DEBUG | 截图: 3840x2160, 耗时=82ms
[2026-09-29 12:26:30] DEBUG | 匹配[未知], 最高=0.572, 338ms
[2026-09-29 12:26:30] DEBUG | 状态变化: 未知 (置信度=0.572)
[2026-09-29 12:26:30] DEBUG | 截图: 3840x2160, 耗时=81ms
[2026-09-29 12:26:31] DEBUG | 匹配[全量]: 结算界面2, conf=0.982, 470ms
[2026-09-29 12:26:31] DEBUG | 状态变化: 结算界面2 (置信度=0.982)
[2026-09-29 12:26:31] DEBUG | 截图: 3840x2160, 耗时=96ms
[2026-09-29 12:26:31] DEBUG | 匹配[快速]: 结算界面2 (6结算界面2（中上）.png), conf=0.984, 157ms
[2026-09-29 12:26:31] INFO | [结算界面2] 点击结算继续
[2026-09-29 12:26:32] INFO | 点击: (1916, 313), 耗时=77ms
[2026-09-29 12:26:32] DEBUG | 循环#39077 总耗时=535ms
[2026-09-29 12:26:32] DEBUG | 截图: 3840x2160, 耗时=87ms
[2026-09-29 12:26:32] DEBUG | 匹配[快速]: 结算界面2 (6结算界面2（中上）.png), conf=0.982, 134ms
[2026-09-29 12:26:32] DEBUG | 循环#39078 总耗时=225ms
[2026-09-29 12:26:32] DEBUG | 截图: 3840x2160, 耗时=92ms
[2026-09-29 12:26:32] DEBUG | 匹配[未知], 最高=0.622, 345ms
[2026-09-29 12:26:32] DEBUG | 状态变化: 未知 (置信度=0.622)
[2026-09-29 12:26:33] DEBUG | 截图: 3840x2160, 耗时=82ms
[2026-09-29 12:26:33] DEBUG | 匹配[未知], 最高=0.610, 399ms
[2026-09-29 12:26:34] DEBUG | 截图: 3840x2160, 耗时=127ms
[2026-09-29 12:26:34] DEBUG | 匹配[未知], 最高=0.610, 545ms
[2026-09-29 12:26:35] DEBUG | 截图: 3840x2160, 耗时=125ms
[2026-09-29 12:26:35] DEBUG | 匹配[未知], 最高=0.610, 534ms
[2026-09-29 12:26:36] DEBUG | 截图: 3840x2160, 耗时=78ms
[2026-09-29 12:26:36] DEBUG | 匹配[未知], 最高=0.610, 407ms
[2026-09-29 12:26:36] DEBUG | 截图: 3840x2160, 耗时=84ms
[2026-09-29 12:26:37] DEBUG | 匹配[未知], 最高=0.614, 438ms
[2026-09-29 12:26:37] DEBUG | 截图: 3840x2160, 耗时=86ms
[2026-09-29 12:26:38] DEBUG | 匹配[未知], 最高=0.614, 419ms
[2026-09-29 12:26:38] DEBUG | 截图: 3840x2160, 耗时=82ms
[2026-09-29 12:26:38] DEBUG | 匹配[未知], 最高=0.614, 400ms
[2026-09-29 12:26:39] DEBUG | 截图: 3840x2160, 耗时=78ms
[2026-09-29 12:26:39] DEBUG | 匹配[未知], 最高=0.614, 403ms
[2026-09-29 12:26:40] DEBUG | 截图: 3840x2160, 耗时=81ms
[2026-09-29 12:26:40] DEBUG | 匹配[全量]: 模式选择, conf=0.970, 244ms
[2026-09-29 12:26:40] DEBUG | 状态变化: 模式选择 (置信度=0.970)
[2026-09-29 12:26:40] DEBUG | 截图: 3840x2160, 耗时=77ms
[2026-09-29 12:26:40] DEBUG | 匹配[快速]: 模式选择 (2模式选择（右中）.png), conf=0.970, 213ms
[2026-09-29 12:26:40] INFO | [模式选择] 点击模式确认
[2026-09-29 12:26:41] INFO | 点击: (2995, 1017), 耗时=73ms
[2026-09-29 12:26:41] DEBUG | 循环#39089 总耗时=568ms
[2026-09-29 12:26:41] DEBUG | 截图: 3840x2160, 耗时=84ms
[2026-09-29 12:26:41] DEBUG | 匹配[快速]: 模式选择 (2模式选择（右中）.png), conf=0.970, 215ms
[2026-09-29 12:26:41] DEBUG | 循环#39090 总耗时=303ms
[2026-09-29 12:26:41] DEBUG | 截图: 3840x2160, 耗时=85ms
[2026-09-29 12:26:41] DEBUG | 匹配[未知], 最高=0.535, 310ms
[2026-09-29 12:26:41] DEBUG | 状态变化: 未知 (置信度=0.535)
[2026-09-29 12:26:42] DEBUG | 截图: 3840x2160, 耗时=79ms
[2026-09-29 12:26:42] DEBUG | 匹配[全量]: 开始匹配, conf=0.959, 143ms
[2026-09-29 12:26:42] DEBUG | 状态变化: 开始匹配 (置信度=0.959)
[2026-09-29 12:26:42] DEBUG | 截图: 3840x2160, 耗时=75ms
[2026-09-29 12:26:42] DEBUG | 匹配[快速]: 开始匹配 (3开始匹配（右下）.png), conf=0.959, 71ms
[2026-09-29 12:26:42] INFO | [开始匹配] 点击开始匹配
[2026-09-29 12:26:43] INFO | 点击: (3212, 1843), 耗时=77ms
[2026-09-29 12:26:43] DEBUG | 循环#39093 总耗时=428ms
[2026-09-29 12:26:43] DEBUG | 截图: 3840x2160, 耗时=81ms
[2026-09-29 12:26:43] DEBUG | 匹配[快速]: 开始匹配 (3开始匹配（右下）.png), conf=0.791, 72ms
[2026-09-29 12:26:43] DEBUG | 循环#39094 总耗时=157ms
[2026-09-29 12:26:43] DEBUG | 截图: 3840x2160, 耗时=78ms
[2026-09-29 12:26:43] DEBUG | 匹配[快速]: 开始匹配 (3开始匹配（右下）.png), conf=0.959, 74ms
[2026-09-29 12:26:43] DEBUG | 循环#39095 总耗时=156ms
[2026-09-29 12:26:43] DEBUG | 截图: 3840x2160, 耗时=89ms
[2026-09-29 12:26:44] DEBUG | 匹配[全量]: 匹配中, conf=0.911, 356ms
[2026-09-29 12:26:44] DEBUG | 状态变化: 匹配中 (置信度=0.911)
[2026-09-29 12:26:44] DEBUG | 截图: 3840x2160, 耗时=81ms
[2026-09-29 12:26:44] DEBUG | 匹配[快速]: 匹配中 (4匹配中（中上）.png), conf=0.931, 54ms
[2026-09-29 12:26:44] INFO | [匹配中] 等待匹配完成...
[2026-09-29 12:26:44] DEBUG | 循环#39097 总耗时=139ms
[2026-09-29 12:26:44] DEBUG | 截图: 3840x2160, 耗时=86ms
[2026-09-29 12:26:44] DEBUG | 匹配[快速]: 匹配中 (4匹配中（中上）.png), conf=0.929, 55ms
[2026-09-29 12:26:44] DEBUG | 循环#39098 总耗时=144ms
[2026-09-29 12:26:45] DEBUG | 截图: 3840x2160, 耗时=77ms
[2026-09-29 12:26:45] DEBUG | 匹配[快速]: 匹配中 (4匹配中（中上）.png), conf=0.929, 55ms
[2026-09-29 12:26:45] DEBUG | 循环#39099 总耗时=135ms
[2026-09-29 12:26:45] DEBUG | 截图: 3840x2160, 耗时=86ms
[2026-09-29 12:26:45] DEBUG | 匹配[快速]: 匹配中 (4匹配中（中上）.png), conf=0.931, 55ms
[2026-09-29 12:26:45] DEBUG | 循环#39100 总耗时=145ms
[2026-09-29 12:26:45] DEBUG | 截图: 3840x2160, 耗时=81ms
[2026-09-29 12:26:45] DEBUG | 匹配[快速]: 匹配中 (4匹配中（中上）.png), conf=0.922, 56ms
[2026-09-29 12:26:45] DEBUG | 循环#39101 总耗时=140ms
[2026-09-29 12:26:46] DEBUG | 截图: 3840x2160, 耗时=83ms
[2026-09-29 12:26:46] DEBUG | 匹配[快速]: 匹配中 (4匹配中（中上）.png), conf=0.925, 55ms
[2026-09-29 12:26:46] DEBUG | 循环#39102 总耗时=141ms
[2026-09-29 12:26:46] DEBUG | 截图: 3840x2160, 耗时=77ms
[2026-09-29 12:26:46] DEBUG | 匹配[快速]: 匹配中 (4匹配中（中上）.png), conf=0.924, 56ms
[2026-09-29 12:26:46] DEBUG | 循环#39103 总耗时=137ms
[2026-09-29 12:26:46] DEBUG | 截图: 3840x2160, 耗时=85ms
[2026-09-29 12:26:46] DEBUG | 匹配[快速]: 匹配中 (4匹配中（中上）.png), conf=0.922, 55ms
[2026-09-29 12:26:46] DEBUG | 循环#39104 总耗时=143ms
[2026-09-29 12:26:46] DEBUG | 截图: 3840x2160, 耗时=81ms
[2026-09-29 12:26:46] DEBUG | 匹配[快速]: 匹配中 (4匹配中（中上）.png), conf=0.924, 54ms
[2026-09-29 12:26:46] DEBUG | 循环#39105 总耗时=138ms
[2026-09-29 12:26:47] DEBUG | 截图: 3840x2160, 耗时=84ms
[2026-09-29 12:26:47] DEBUG | 匹配[快速]: 匹配中 (4匹配中（中上）.png), conf=0.922, 54ms
[2026-09-29 12:26:47] DEBUG | 循环#39106 总耗时=142ms
[2026-09-29 12:26:47] DEBUG | 截图: 3840x2160, 耗时=75ms
[2026-09-29 12:26:47] DEBUG | 匹配[快速]: 匹配中 (4匹配中（中上）.png), conf=0.921, 55ms
[2026-09-29 12:26:47] DEBUG | 循环#39107 总耗时=133ms
[2026-09-29 12:26:47] DEBUG | 截图: 3840x2160, 耗时=74ms
[2026-09-29 12:26:47] DEBUG | 匹配[快速]: 匹配中 (4匹配中（中上）.png), conf=0.923, 54ms
[2026-09-29 12:26:47] DEBUG | 循环#39108 总耗时=132ms
[2026-09-29 12:26:48] DEBUG | 截图: 3840x2160, 耗时=77ms
[2026-09-29 12:26:48] DEBUG | 匹配[快速]: 匹配中 (4匹配中（中上）.png), conf=0.921, 55ms
[2026-09-29 12:26:48] DEBUG | 循环#39109 总耗时=135ms
[2026-09-29 12:26:48] DEBUG | 截图: 3840x2160, 耗时=74ms
[2026-09-29 12:26:48] DEBUG | 匹配[快速]: 匹配中 (4匹配中（中上）.png), conf=0.923, 56ms
[2026-09-29 12:26:48] DEBUG | 循环#39110 总耗时=134ms
[2026-09-29 12:26:48] DEBUG | 截图: 3840x2160, 耗时=86ms
[2026-09-29 12:26:48] DEBUG | 匹配[快速]: 匹配中 (4匹配中（中上）.png), conf=0.923, 54ms
[2026-09-29 12:26:48] DEBUG | 循环#39111 总耗时=143ms
[2026-09-29 12:26:49] DEBUG | 截图: 3840x2160, 耗时=83ms
[2026-09-29 12:26:49] DEBUG | 匹配[快速]: 匹配中 (4匹配中（中上）.png), conf=0.922, 55ms
[2026-09-29 12:26:49] DEBUG | 循环#39112 总耗时=141ms
[2026-09-29 12:26:49] DEBUG | 截图: 3840x2160, 耗时=86ms
[2026-09-29 12:26:49] DEBUG | 匹配[快速]: 匹配中 (4匹配中（中上）.png), conf=0.925, 54ms
[2026-09-29 12:26:49] DEBUG | 循环#39113 总耗时=143ms
[2026-09-29 12:26:49] DEBUG | 截图: 3840x2160, 耗时=83ms
[2026-09-29 12:26:49] DEBUG | 匹配[快速]: 匹配中 (4匹配中（中上）.png), conf=0.921, 55ms
[2026-09-29 12:26:49] DEBUG | 循环#39114 总耗时=141ms
[2026-09-29 12:26:49] DEBUG | 截图: 3840x2160, 耗时=85ms
[2026-09-29 12:26:49] DEBUG | 匹配[快速]: 匹配中 (4匹配中（中上）.png), conf=0.921, 53ms
[2026-09-29 12:26:49] DEBUG | 循环#39115 总耗时=141ms
[2026-09-29 12:26:50] DEBUG | 截图: 3840x2160, 耗时=81ms
[2026-09-29 12:26:50] DEBUG | 匹配[快速]: 匹配中 (4匹配中（中上）.png), conf=0.923, 54ms
[2026-09-29 12:26:50] DEBUG | 循环#39116 总耗时=138ms
[2026-09-29 12:26:50] DEBUG | 截图: 3840x2160, 耗时=82ms
[2026-09-29 12:26:50] DEBUG | 匹配[快速]: 匹配中 (4匹配中（中上）.png), conf=0.924, 54ms
[2026-09-29 12:26:50] DEBUG | 循环#39117 总耗时=140ms
[2026-09-29 12:26:50] DEBUG | 截图: 3840x2160, 耗时=84ms
[2026-09-29 12:26:50] DEBUG | 匹配[快速]: 匹配中 (4匹配中（中上）.png), conf=0.927, 54ms
[2026-09-29 12:26:50] DEBUG | 循环#39118 总耗时=141ms
[2026-09-29 12:26:51] DEBUG | 截图: 3840x2160, 耗时=80ms
[2026-09-29 12:26:51] DEBUG | 匹配[快速]: 匹配中 (4匹配中（中上）.png), conf=0.926, 55ms
[2026-09-29 12:26:51] DEBUG | 循环#39119 总耗时=139ms
[2026-09-29 12:26:51] DEBUG | 截图: 3840x2160, 耗时=84ms
[2026-09-29 12:26:51] DEBUG | 匹配[快速]: 匹配中 (4匹配中（中上）.png), conf=0.925, 53ms
[2026-09-29 12:26:51] DEBUG | 循环#39120 总耗时=142ms
[2026-09-29 12:26:51] DEBUG | 截图: 3840x2160, 耗时=78ms
[2026-09-29 12:26:51] DEBUG | 匹配[快速]: 匹配中 (4匹配中（中上）.png), conf=0.923, 56ms
[2026-09-29 12:26:51] DEBUG | 循环#39121 总耗时=137ms
[2026-09-29 12:26:52] DEBUG | 截图: 3840x2160, 耗时=82ms
[2026-09-29 12:26:52] DEBUG | 匹配[快速]: 匹配中 (4匹配中（中上）.png), conf=0.921, 54ms
[2026-09-29 12:26:52] DEBUG | 循环#39122 总耗时=140ms
[2026-09-29 12:26:52] DEBUG | 截图: 3840x2160, 耗时=88ms
[2026-09-29 12:26:52] DEBUG | 匹配[快速]: 匹配中 (4匹配中（中上）.png), conf=0.921, 55ms
[2026-09-29 12:26:52] DEBUG | 循环#39123 总耗时=146ms
[2026-09-29 12:26:52] DEBUG | 截图: 3840x2160, 耗时=79ms
[2026-09-29 12:26:52] DEBUG | 匹配[快速]: 匹配中 (4匹配中（中上）.png), conf=0.923, 54ms
[2026-09-29 12:26:52] DEBUG | 循环#39124 总耗时=136ms
[2026-09-29 12:26:52] DEBUG | 截图: 3840x2160, 耗时=83ms
[2026-09-29 12:26:52] DEBUG | 匹配[快速]: 匹配中 (4匹配中（中上）.png), conf=0.920, 54ms
[2026-09-29 12:26:52] DEBUG | 循环#39125 总耗时=141ms
[2026-09-29 12:26:53] DEBUG | 截图: 3840x2160, 耗时=80ms
[2026-09-29 12:26:53] DEBUG | 匹配[快速]: 匹配中 (4匹配中（中上）.png), conf=0.922, 54ms
[2026-09-29 12:26:53] DEBUG | 循环#39126 总耗时=138ms
[2026-09-29 12:26:53] DEBUG | 截图: 3840x2160, 耗时=74ms
[2026-09-29 12:26:53] DEBUG | 匹配[快速]: 匹配中 (4匹配中（中上）.png), conf=0.914, 53ms
[2026-09-29 12:26:53] DEBUG | 循环#39127 总耗时=131ms
[2026-09-29 12:26:53] DEBUG | 截图: 3840x2160, 耗时=75ms
[2026-09-29 12:26:53] DEBUG | 匹配[快速]: 匹配中 (4匹配中（中上）.png), conf=0.912, 56ms
[2026-09-29 12:26:53] DEBUG | 循环#39128 总耗时=134ms
[2026-09-29 12:26:54] DEBUG | 截图: 3840x2160, 耗时=77ms
[2026-09-29 12:26:54] DEBUG | 匹配[快速]: 匹配中 (4匹配中（中上）.png), conf=0.915, 56ms
[2026-09-29 12:26:54] DEBUG | 循环#39129 总耗时=136ms
[2026-09-29 12:26:54] DEBUG | 截图: 3840x2160, 耗时=75ms
[2026-09-29 12:26:54] DEBUG | 匹配[快速]: 匹配中 (4匹配中（中上）.png), conf=0.913, 55ms
[2026-09-29 12:26:54] DEBUG | 循环#39130 总耗时=133ms
[2026-09-29 12:26:54] DEBUG | 截图: 3840x2160, 耗时=77ms
[2026-09-29 12:26:54] DEBUG | 匹配[快速]: 匹配中 (4匹配中（中上）.png), conf=0.922, 55ms
[2026-09-29 12:26:54] DEBUG | 循环#39131 总耗时=136ms
[2026-09-29 12:26:55] DEBUG | 截图: 3840x2160, 耗时=75ms
[2026-09-29 12:26:55] DEBUG | 匹配[快速]: 匹配中 (4匹配中（中上）.png), conf=0.923, 55ms
[2026-09-29 12:26:55] DEBUG | 循环#39132 总耗时=134ms
[2026-09-29 12:26:55] DEBUG | 截图: 3840x2160, 耗时=83ms
[2026-09-29 12:26:55] DEBUG | 匹配[快速]: 匹配中 (4匹配中（中上）.png), conf=0.921, 54ms
[2026-09-29 12:26:55] DEBUG | 循环#39133 总耗时=140ms
[2026-09-29 12:26:55] DEBUG | 截图: 3840x2160, 耗时=89ms
[2026-09-29 12:26:55] DEBUG | 匹配[快速]: 匹配中 (4匹配中（中上）.png), conf=0.917, 55ms
[2026-09-29 12:26:55] DEBUG | 循环#39134 总耗时=147ms
[2026-09-29 12:26:55] DEBUG | 截图: 3840x2160, 耗时=82ms
[2026-09-29 12:26:55] DEBUG | 匹配[快速]: 匹配中 (4匹配中（中上）.png), conf=0.916, 54ms
[2026-09-29 12:26:55] DEBUG | 循环#39135 总耗时=140ms
[2026-09-29 12:26:56] DEBUG | 截图: 3840x2160, 耗时=80ms
[2026-09-29 12:26:56] DEBUG | 匹配[快速]: 匹配中 (4匹配中（中上）.png), conf=0.915, 54ms
[2026-09-29 12:26:56] DEBUG | 循环#39136 总耗时=137ms
[2026-09-29 12:26:56] DEBUG | 截图: 3840x2160, 耗时=80ms
[2026-09-29 12:26:56] DEBUG | 匹配[快速]: 匹配中 (4匹配中（中上）.png), conf=0.917, 54ms
[2026-09-29 12:26:56] DEBUG | 循环#39137 总耗时=137ms
[2026-09-29 12:26:56] DEBUG | 截图: 3840x2160, 耗时=80ms
[2026-09-29 12:26:56] DEBUG | 匹配[快速]: 匹配中 (4匹配中（中上）.png), conf=0.914, 54ms
[2026-09-29 12:26:56] DEBUG | 循环#39138 总耗时=138ms
[2026-09-29 12:26:57] DEBUG | 截图: 3840x2160, 耗时=80ms
[2026-09-29 12:26:57] DEBUG | 匹配[快速]: 匹配中 (4匹配中（中上）.png), conf=0.915, 57ms
[2026-09-29 12:26:57] DEBUG | 循环#39139 总耗时=139ms
[2026-09-29 12:26:57] DEBUG | 截图: 3840x2160, 耗时=81ms
[2026-09-29 12:26:57] DEBUG | 匹配[快速]: 匹配中 (4匹配中（中上）.png), conf=0.916, 55ms
[2026-09-29 12:26:57] DEBUG | 循环#39140 总耗时=140ms
[2026-09-29 12:26:57] DEBUG | 截图: 3840x2160, 耗时=79ms
[2026-09-29 12:26:57] DEBUG | 匹配[快速]: 匹配中 (4匹配中（中上）.png), conf=0.913, 54ms
[2026-09-29 12:26:57] DEBUG | 循环#39141 总耗时=137ms
[2026-09-29 12:26:58] DEBUG | 截图: 3840x2160, 耗时=80ms
[2026-09-29 12:26:58] DEBUG | 匹配[快速]: 匹配中 (4匹配中（中上）.png), conf=0.915, 55ms
[2026-09-29 12:26:58] DEBUG | 循环#39142 总耗时=138ms
[2026-09-29 12:26:58] DEBUG | 截图: 3840x2160, 耗时=79ms
[2026-09-29 12:26:58] DEBUG | 匹配[快速]: 匹配中 (4匹配中（中上）.png), conf=0.914, 56ms
[2026-09-29 12:26:58] DEBUG | 循环#39143 总耗时=138ms
[2026-09-29 12:26:58] DEBUG | 截图: 3840x2160, 耗时=79ms
[2026-09-29 12:26:58] DEBUG | 匹配[快速]: 匹配中 (4匹配中（中上）.png), conf=0.914, 55ms
[2026-09-29 12:26:58] DEBUG | 循环#39144 总耗时=137ms
[2026-09-29 12:26:58] DEBUG | 截图: 3840x2160, 耗时=82ms
[2026-09-29 12:26:58] DEBUG | 匹配[快速]: 匹配中 (4匹配中（中上）.png), conf=0.917, 56ms
[2026-09-29 12:26:58] DEBUG | 循环#39145 总耗时=140ms
[2026-09-29 12:26:59] DEBUG | 截图: 3840x2160, 耗时=83ms
[2026-09-29 12:26:59] DEBUG | 匹配[快速]: 匹配中 (4匹配中（中上）.png), conf=0.914, 59ms
[2026-09-29 12:26:59] DEBUG | 循环#39146 总耗时=145ms
[2026-09-29 12:26:59] DEBUG | 截图: 3840x2160, 耗时=76ms
[2026-09-29 12:26:59] DEBUG | 匹配[未知], 最高=0.661, 335ms
[2026-09-29 12:26:59] DEBUG | 状态变化: 未知 (置信度=0.661)
[2026-09-29 12:27:00] DEBUG | 截图: 3840x2160, 耗时=75ms
[2026-09-29 12:27:00] DEBUG | 匹配[未知], 最高=0.662, 372ms
[2026-09-29 12:27:00] DEBUG | 截图: 3840x2160, 耗时=81ms
[2026-09-29 12:27:01] DEBUG | 匹配[未知], 最高=0.659, 436ms
[2026-09-29 12:27:01] DEBUG | 截图: 3840x2160, 耗时=81ms
[2026-09-29 12:27:02] DEBUG | 匹配[未知], 最高=0.658, 399ms
[2026-09-29 12:27:02] DEBUG | 截图: 3840x2160, 耗时=86ms
[2026-09-29 12:27:03] DEBUG | 匹配[未知], 最高=0.669, 429ms
[2026-09-29 12:27:03] DEBUG | 截图: 3840x2160, 耗时=78ms
[2026-09-29 12:27:03] DEBUG | 匹配[未知], 最高=0.669, 420ms
[2026-09-29 12:27:04] DEBUG | 截图: 3840x2160, 耗时=81ms
[2026-09-29 12:27:04] DEBUG | 匹配[未知], 最高=0.669, 426ms
[2026-09-29 12:27:05] DEBUG | 截图: 3840x2160, 耗时=77ms
[2026-09-29 12:27:05] DEBUG | 匹配[未知], 最高=0.669, 425ms
[2026-09-29 12:27:05] DEBUG | 截图: 3840x2160, 耗时=75ms
[2026-09-29 12:27:06] DEBUG | 匹配[未知], 最高=0.669, 420ms
[2026-09-29 12:27:06] DEBUG | 截图: 3840x2160, 耗时=79ms
[2026-09-29 12:27:07] DEBUG | 匹配[未知], 最高=0.669, 428ms
[2026-09-29 12:27:07] DEBUG | 截图: 3840x2160, 耗时=80ms
[2026-09-29 12:27:07] DEBUG | 匹配[未知], 最高=0.669, 430ms
[2026-09-29 12:27:08] DEBUG | 截图: 3840x2160, 耗时=79ms
[2026-09-29 12:27:08] DEBUG | 匹配[未知], 最高=0.669, 533ms
[2026-09-29 12:27:09] DEBUG | 截图: 3840x2160, 耗时=86ms
[2026-09-29 12:27:09] DEBUG | 匹配[未知], 最高=0.669, 508ms
[2026-09-29 12:27:10] DEBUG | 截图: 3840x2160, 耗时=116ms
[2026-09-29 12:27:10] DEBUG | 匹配[未知], 最高=0.669, 482ms
[2026-09-29 12:27:10] DEBUG | 截图: 3840x2160, 耗时=84ms
[2026-09-29 12:27:11] DEBUG | 匹配[未知], 最高=0.669, 450ms
[2026-09-29 12:27:11] DEBUG | 截图: 3840x2160, 耗时=79ms
[2026-09-29 12:27:12] DEBUG | 匹配[未知], 最高=0.669, 480ms
[2026-09-29 12:27:12] DEBUG | 截图: 3840x2160, 耗时=100ms
[2026-09-29 12:27:13] DEBUG | 匹配[未知], 最高=0.617, 620ms
[2026-09-29 12:27:13] DEBUG | 截图: 3840x2160, 耗时=82ms
[2026-09-29 12:27:14] DEBUG | 匹配[未知], 最高=0.638, 333ms
[2026-09-29 12:27:14] DEBUG | 截图: 3840x2160, 耗时=77ms
[2026-09-29 12:27:14] DEBUG | 匹配[未知], 最高=0.673, 383ms
[2026-09-29 12:27:15] DEBUG | 截图: 3840x2160, 耗时=100ms
[2026-09-29 12:27:15] DEBUG | 匹配[未知], 最高=0.667, 347ms
[2026-09-29 12:27:15] DEBUG | 截图: 3840x2160, 耗时=90ms
[2026-09-29 12:27:16] DEBUG | 匹配[未知], 最高=0.669, 440ms
[2026-09-29 12:27:16] DEBUG | 截图: 3840x2160, 耗时=82ms
[2026-09-29 12:27:17] DEBUG | 匹配[未知], 最高=0.668, 340ms
[2026-09-29 12:27:17] DEBUG | 截图: 3840x2160, 耗时=84ms
[2026-09-29 12:27:17] DEBUG | 匹配[未知], 最高=0.668, 352ms
[2026-09-29 12:27:18] DEBUG | 截图: 3840x2160, 耗时=80ms
[2026-09-29 12:27:18] DEBUG | 匹配[未知], 最高=0.668, 312ms
[2026-09-29 12:27:18] DEBUG | 截图: 3840x2160, 耗时=87ms
[2026-09-29 12:27:19] DEBUG | 匹配[未知], 最高=0.668, 371ms
[2026-09-29 12:27:19] DEBUG | 截图: 3840x2160, 耗时=85ms
[2026-09-29 12:27:20] DEBUG | 匹配[未知], 最高=0.668, 333ms
[2026-09-29 12:27:20] DEBUG | 截图: 3840x2160, 耗时=82ms
[2026-09-29 12:27:20] DEBUG | 匹配[未知], 最高=0.668, 322ms
[2026-09-29 12:27:21] DEBUG | 截图: 3840x2160, 耗时=80ms
[2026-09-29 12:27:21] DEBUG | 匹配[未知], 最高=0.668, 360ms
[2026-09-29 12:27:21] DEBUG | 截图: 3840x2160, 耗时=79ms
[2026-09-29 12:27:22] DEBUG | 匹配[未知], 最高=0.668, 368ms
[2026-09-29 12:27:22] DEBUG | 截图: 3840x2160, 耗时=81ms
[2026-09-29 12:27:22] DEBUG | 匹配[未知], 最高=0.668, 327ms
[2026-09-29 12:27:23] DEBUG | 截图: 3840x2160, 耗时=83ms
[2026-09-29 12:27:23] DEBUG | 匹配[未知], 最高=0.668, 328ms
[2026-09-29 12:27:24] DEBUG | 截图: 3840x2160, 耗时=85ms
[2026-09-29 12:27:24] DEBUG | 匹配[未知], 最高=0.668, 361ms
[2026-09-29 12:27:24] DEBUG | 截图: 3840x2160, 耗时=81ms
[2026-09-29 12:27:25] DEBUG | 匹配[未知], 最高=0.668, 360ms
[2026-09-29 12:27:25] DEBUG | 截图: 3840x2160, 耗时=85ms
[2026-09-29 12:27:25] DEBUG | 匹配[未知], 最高=0.668, 331ms
[2026-09-29 12:27:26] DEBUG | 截图: 3840x2160, 耗时=84ms
[2026-09-29 12:27:26] DEBUG | 匹配[未知], 最高=0.668, 329ms
[2026-09-29 12:27:26] DEBUG | 截图: 3840x2160, 耗时=80ms
[2026-09-29 12:27:27] DEBUG | 匹配[未知], 最高=0.673, 324ms
[2026-09-29 12:27:27] DEBUG | 截图: 3840x2160, 耗时=87ms
[2026-09-29 12:27:28] DEBUG | 匹配[未知], 最高=0.673, 333ms
[2026-09-29 12:27:28] DEBUG | 截图: 3840x2160, 耗时=86ms
[2026-09-29 12:27:28] DEBUG | 匹配[未知], 最高=0.672, 333ms
[2026-09-29 12:27:29] DEBUG | 截图: 3840x2160, 耗时=85ms
[2026-09-29 12:27:29] DEBUG | 匹配[未知], 最高=0.672, 329ms
[2026-09-29 12:27:29] DEBUG | 截图: 3840x2160, 耗时=79ms
[2026-09-29 12:27:30] DEBUG | 匹配[未知], 最高=0.673, 334ms
[2026-09-29 12:27:30] DEBUG | 截图: 3840x2160, 耗时=85ms
[2026-09-29 12:27:30] DEBUG | 匹配[未知], 最高=0.673, 335ms
[2026-09-29 12:27:31] DEBUG | 截图: 3840x2160, 耗时=82ms
[2026-09-29 12:27:31] DEBUG | 匹配[未知], 最高=0.672, 347ms
[2026-09-29 12:27:32] DEBUG | 截图: 3840x2160, 耗时=83ms
[2026-09-29 12:27:32] DEBUG | 匹配[全量]: 游戏中, conf=0.878, 332ms
[2026-09-29 12:27:32] DEBUG | 状态变化: 游戏中 (置信度=0.878)
[2026-09-29 12:27:32] DEBUG | 截图: 3840x2160, 耗时=80ms
[2026-09-29 12:27:32] DEBUG | 匹配[快速]: 游戏中 (5游戏中2（中上）.png), conf=0.878, 18ms
[2026-09-29 12:27:32] INFO | [游戏中] 按I键
[2026-09-29 12:27:32] DEBUG | 按键 i: 三重发送开始 (scan=0x17, vk=0x49)
[2026-09-29 12:27:33] INFO | 按键: i(扫描码=0x17), 持续 0.3s
[2026-09-29 12:27:33] DEBUG | 循环#39190 总耗时=404ms
[2026-09-29 12:27:33] DEBUG | 截图: 3840x2160, 耗时=84ms
[2026-09-29 12:27:33] DEBUG | 匹配[快速]: 游戏中 (5游戏中2（中上）.png), conf=0.879, 17ms
[2026-09-29 12:27:33] DEBUG | 循环#39191 总耗时=105ms
[2026-09-29 12:27:33] DEBUG | 截图: 3840x2160, 耗时=83ms
[2026-09-29 12:27:33] DEBUG | 匹配[快速]: 游戏中 (5游戏中2（中上）.png), conf=0.879, 17ms
[2026-09-29 12:27:33] DEBUG | 循环#39192 总耗时=103ms
[2026-09-29 12:27:33] DEBUG | 截图: 3840x2160, 耗时=83ms
[2026-09-29 12:27:33] DEBUG | 匹配[快速]: 游戏中 (5游戏中2（中上）.png), conf=0.878, 17ms
[2026-09-29 12:27:33] DEBUG | 循环#39193 总耗时=104ms
[2026-09-29 12:27:34] DEBUG | 截图: 3840x2160, 耗时=84ms
[2026-09-29 12:27:34] DEBUG | 匹配[未知], 最高=0.480, 274ms
[2026-09-29 12:27:34] DEBUG | 状态变化: 未知 (置信度=0.480)
[2026-09-29 12:27:34] DEBUG | 截图: 3840x2160, 耗时=87ms
[2026-09-29 12:27:35] DEBUG | 匹配[全量]: 游戏中, conf=0.869, 343ms
[2026-09-29 12:27:35] DEBUG | 状态变化: 游戏中 (置信度=0.869)
[2026-09-29 12:27:35] DEBUG | 截图: 3840x2160, 耗时=84ms
[2026-09-29 12:27:35] DEBUG | 匹配[快速]: 游戏中 (5游戏中2（中上）.png), conf=0.870, 18ms
[2026-09-29 12:27:35] DEBUG | 循环#39196 总耗时=106ms
[2026-09-29 12:27:35] DEBUG | 截图: 3840x2160, 耗时=82ms
[2026-09-29 12:27:35] DEBUG | 匹配[快速]: 游戏中 (5游戏中2（中上）.png), conf=0.871, 17ms
[2026-09-29 12:27:35] INFO | [游戏中] 按I键
[2026-09-29 12:27:35] DEBUG | 按键 i: 三重发送开始 (scan=0x17, vk=0x49)
[2026-09-29 12:27:36] INFO | 按键: i(扫描码=0x17), 持续 0.3s
[2026-09-29 12:27:36] DEBUG | 循环#39197 总耗时=405ms
[2026-09-29 12:27:36] DEBUG | 截图: 3840x2160, 耗时=82ms
[2026-09-29 12:27:36] DEBUG | 匹配[快速]: 游戏中 (5游戏中2（中上）.png), conf=0.871, 19ms
[2026-09-29 12:27:36] DEBUG | 循环#39198 总耗时=105ms
[2026-09-29 12:27:36] DEBUG | 截图: 3840x2160, 耗时=83ms
[2026-09-29 12:27:36] DEBUG | 匹配[快速]: 游戏中 (5游戏中2（中上）.png), conf=0.871, 17ms
[2026-09-29 12:27:36] DEBUG | 循环#39199 总耗时=104ms
[2026-09-29 12:27:36] DEBUG | 截图: 3840x2160, 耗时=84ms
[2026-09-29 12:27:36] DEBUG | 匹配[快速]: 游戏中 (5游戏中2（中上）.png), conf=0.871, 17ms
[2026-09-29 12:27:36] DEBUG | 循环#39200 总耗时=105ms
[2026-09-29 12:27:37] DEBUG | 截图: 3840x2160, 耗时=85ms
[2026-09-29 12:27:37] DEBUG | 匹配[快速]: 游戏中 (5游戏中2（中上）.png), conf=0.871, 18ms
[2026-09-29 12:27:37] DEBUG | 循环#39201 总耗时=106ms
[2026-09-29 12:27:37] DEBUG | 截图: 3840x2160, 耗时=88ms
[2026-09-29 12:27:37] DEBUG | 匹配[快速]: 游戏中 (5游戏中2（中上）.png), conf=0.871, 17ms
[2026-09-29 12:27:37] DEBUG | 循环#39202 总耗时=109ms
[2026-09-29 12:27:37] DEBUG | 截图: 3840x2160, 耗时=86ms
[2026-09-29 12:27:37] DEBUG | 匹配[快速]: 游戏中 (5游戏中2（中上）.png), conf=0.871, 18ms
[2026-09-29 12:27:37] DEBUG | 循环#39203 总耗时=108ms
[2026-09-29 12:27:37] DEBUG | 截图: 3840x2160, 耗时=94ms
[2026-09-29 12:27:37] DEBUG | 匹配[快速]: 游戏中 (5游戏中2（中上）.png), conf=0.871, 18ms
[2026-09-29 12:27:37] DEBUG | 循环#39204 总耗时=115ms
[2026-09-29 12:27:38] DEBUG | 截图: 3840x2160, 耗时=84ms
[2026-09-29 12:27:38] DEBUG | 匹配[快速]: 游戏中 (5游戏中2（中上）.png), conf=0.871, 17ms
[2026-09-29 12:27:38] DEBUG | 循环#39205 总耗时=106ms
[2026-09-29 12:27:38] DEBUG | 截图: 3840x2160, 耗时=87ms
[2026-09-29 12:27:38] DEBUG | 匹配[快速]: 游戏中 (5游戏中2（中上）.png), conf=0.871, 18ms
[2026-09-29 12:27:38] DEBUG | 循环#39206 总耗时=109ms
[2026-09-29 12:27:38] DEBUG | 截图: 3840x2160, 耗时=93ms
[2026-09-29 12:27:38] DEBUG | 匹配[快速]: 游戏中 (5游戏中2（中上）.png), conf=0.871, 19ms
[2026-09-29 12:27:38] INFO | [游戏中] 按I键
[2026-09-29 12:27:38] DEBUG | 按键 i: 三重发送开始 (scan=0x17, vk=0x49)
[2026-09-29 12:27:39] INFO | 按键: i(扫描码=0x17), 持续 0.3s
[2026-09-29 12:27:39] DEBUG | 循环#39207 总耗时=418ms
[2026-09-29 12:27:39] DEBUG | 截图: 3840x2160, 耗时=91ms
[2026-09-29 12:27:39] DEBUG | 匹配[快速]: 游戏中 (5游戏中2（中上）.png), conf=0.871, 18ms
[2026-09-29 12:27:39] DEBUG | 循环#39208 总耗时=112ms
[2026-09-29 12:27:39] DEBUG | 截图: 3840x2160, 耗时=86ms
[2026-09-29 12:27:39] DEBUG | 匹配[快速]: 游戏中 (5游戏中2（中上）.png), conf=0.873, 17ms
[2026-09-29 12:27:39] DEBUG | 循环#39209 总耗时=107ms
[2026-09-29 12:27:39] DEBUG | 截图: 3840x2160, 耗时=86ms
[2026-09-29 12:27:39] DEBUG | 匹配[快速]: 游戏中 (5游戏中2（中上）.png), conf=0.864, 20ms
[2026-09-29 12:27:39] DEBUG | 循环#39210 总耗时=108ms
[2026-09-29 12:27:40] DEBUG | 截图: 3840x2160, 耗时=86ms
[2026-09-29 12:27:40] DEBUG | 匹配[快速]: 游戏中 (5游戏中2（中上）.png), conf=0.869, 17ms
[2026-09-29 12:27:40] DEBUG | 循环#39211 总耗时=106ms
[2026-09-29 12:27:40] DEBUG | 截图: 3840x2160, 耗时=79ms
[2026-09-29 12:27:40] DEBUG | 匹配[快速]: 游戏中 (5游戏中2（中上）.png), conf=0.870, 17ms
[2026-09-29 12:27:40] DEBUG | 循环#39212 总耗时=100ms
[2026-09-29 12:27:40] DEBUG | 截图: 3840x2160, 耗时=86ms
[2026-09-29 12:27:40] DEBUG | 匹配[快速]: 游戏中 (5游戏中2（中上）.png), conf=0.870, 17ms
[2026-09-29 12:27:40] DEBUG | 循环#39213 总耗时=106ms
[2026-09-29 12:27:41] DEBUG | 截图: 3840x2160, 耗时=79ms
[2026-09-29 12:27:41] DEBUG | 匹配[快速]: 游戏中 (5游戏中2（中上）.png), conf=0.870, 17ms
[2026-09-29 12:27:41] DEBUG | 循环#39214 总耗时=99ms
[2026-09-29 12:27:41] DEBUG | 截图: 3840x2160, 耗时=81ms
[2026-09-29 12:27:41] DEBUG | 匹配[快速]: 游戏中 (5游戏中2（中上）.png), conf=0.870, 19ms
[2026-09-29 12:27:41] DEBUG | 循环#39215 总耗时=103ms
[2026-09-29 12:27:41] DEBUG | 截图: 3840x2160, 耗时=85ms
[2026-09-29 12:27:41] DEBUG | 匹配[快速]: 游戏中 (5游戏中2（中上）.png), conf=0.869, 17ms
[2026-09-29 12:27:41] DEBUG | 循环#39216 总耗时=105ms
[2026-09-29 12:27:41] DEBUG | 截图: 3840x2160, 耗时=77ms
[2026-09-29 12:27:41] DEBUG | 匹配[快速]: 游戏中 (5游戏中2（中上）.png), conf=0.873, 19ms
[2026-09-29 12:27:41] INFO | [游戏中] 按I键
[2026-09-29 12:27:41] DEBUG | 按键 i: 三重发送开始 (scan=0x17, vk=0x49)
[2026-09-29 12:27:42] INFO | 按键: i(扫描码=0x17), 持续 0.3s
[2026-09-29 12:27:42] DEBUG | 循环#39217 总耗时=402ms
[2026-09-29 12:27:42] DEBUG | 截图: 3840x2160, 耗时=85ms
[2026-09-29 12:27:42] DEBUG | 匹配[快速]: 游戏中 (5游戏中2（中上）.png), conf=0.872, 17ms
[2026-09-29 12:27:42] DEBUG | 循环#39218 总耗时=105ms
[2026-09-29 12:27:42] DEBUG | 截图: 3840x2160, 耗时=82ms
[2026-09-29 12:27:42] DEBUG | 匹配[快速]: 游戏中 (5游戏中2（中上）.png), conf=0.870, 17ms
[2026-09-29 12:27:42] DEBUG | 循环#39219 总耗时=103ms
[2026-09-29 12:27:42] DEBUG | 截图: 3840x2160, 耗时=87ms
[2026-09-29 12:27:42] DEBUG | 匹配[快速]: 游戏中 (5游戏中2（中上）.png), conf=0.870, 18ms
[2026-09-29 12:27:42] DEBUG | 循环#39220 总耗时=108ms
[2026-09-29 12:27:43] DEBUG | 截图: 3840x2160, 耗时=83ms
[2026-09-29 12:27:43] DEBUG | 匹配[快速]: 游戏中 (5游戏中2（中上）.png), conf=0.870, 19ms
[2026-09-29 12:27:43] DEBUG | 循环#39221 总耗时=105ms
[2026-09-29 12:27:43] DEBUG | 截图: 3840x2160, 耗时=83ms
[2026-09-29 12:27:43] DEBUG | 匹配[快速]: 游戏中 (5游戏中2（中上）.png), conf=0.870, 18ms
[2026-09-29 12:27:43] DEBUG | 循环#39222 总耗时=103ms
[2026-09-29 12:27:43] DEBUG | 截图: 3840x2160, 耗时=80ms
[2026-09-29 12:27:43] DEBUG | 匹配[快速]: 游戏中 (5游戏中2（中上）.png), conf=0.879, 16ms
[2026-09-29 12:27:43] DEBUG | 循环#39223 总耗时=100ms
[2026-09-29 12:27:44] DEBUG | 截图: 3840x2160, 耗时=80ms
[2026-09-29 12:27:44] DEBUG | 匹配[快速]: 游戏中 (5游戏中2（中上）.png), conf=0.879, 17ms
[2026-09-29 12:27:44] DEBUG | 循环#39224 总耗时=100ms
[2026-09-29 12:27:44] DEBUG | 截图: 3840x2160, 耗时=82ms
[2026-09-29 12:27:44] DEBUG | 匹配[快速]: 游戏中 (5游戏中2（中上）.png), conf=0.879, 17ms
[2026-09-29 12:27:44] DEBUG | 循环#39225 总耗时=102ms
[2026-09-29 12:27:44] DEBUG | 截图: 3840x2160, 耗时=82ms
[2026-09-29 12:27:44] DEBUG | 匹配[快速]: 游戏中 (5游戏中2（中上）.png), conf=0.879, 18ms
[2026-09-29 12:27:44] DEBUG | 循环#39226 总耗时=103ms
[2026-09-29 12:27:45] DEBUG | 截图: 3840x2160, 耗时=81ms
[2026-09-29 12:27:45] DEBUG | 匹配[快速]: 游戏中 (5游戏中2（中上）.png), conf=0.879, 17ms
[2026-09-29 12:27:45] INFO | [游戏中] 按I键
[2026-09-29 12:27:45] DEBUG | 按键 i: 三重发送开始 (scan=0x17, vk=0x49)
[2026-09-29 12:27:45] INFO | 按键: i(扫描码=0x17), 持续 0.3s
[2026-09-29 12:27:45] DEBUG | 循环#39227 总耗时=404ms
[2026-09-29 12:27:45] DEBUG | 截图: 3840x2160, 耗时=83ms
[2026-09-29 12:27:45] DEBUG | 匹配[快速]: 游戏中 (5游戏中2（中上）.png), conf=0.866, 17ms
[2026-09-29 12:27:45] DEBUG | 循环#39228 总耗时=105ms
[2026-09-29 12:27:45] DEBUG | 截图: 3840x2160, 耗时=84ms
[2026-09-29 12:27:45] DEBUG | 匹配[快速]: 游戏中 (5游戏中2（中上）.png), conf=0.876, 17ms
[2026-09-29 12:27:45] DEBUG | 循环#39229 总耗时=104ms
[2026-09-29 12:27:46] DEBUG | 截图: 3840x2160, 耗时=82ms
[2026-09-29 12:27:46] DEBUG | 匹配[快速]: 游戏中 (5游戏中2（中上）.png), conf=0.879, 18ms
[2026-09-29 12:27:46] DEBUG | 循环#39230 总耗时=103ms
[2026-09-29 12:27:46] DEBUG | 截图: 3840x2160, 耗时=82ms
[2026-09-29 12:27:46] DEBUG | 匹配[快速]: 游戏中 (5游戏中2（中上）.png), conf=0.876, 17ms
[2026-09-29 12:27:46] DEBUG | 循环#39231 总耗时=102ms
[2026-09-29 12:27:46] DEBUG | 截图: 3840x2160, 耗时=85ms
[2026-09-29 12:27:46] DEBUG | 匹配[快速]: 游戏中 (5游戏中2（中上）.png), conf=0.880, 17ms
[2026-09-29 12:27:46] DEBUG | 循环#39232 总耗时=104ms
[2026-09-29 12:27:46] DEBUG | 截图: 3840x2160, 耗时=80ms
[2026-09-29 12:27:46] DEBUG | 匹配[快速]: 游戏中 (5游戏中2（中上）.png), conf=0.877, 18ms
[2026-09-29 12:27:46] DEBUG | 循环#39233 总耗时=101ms
[2026-09-29 12:27:47] DEBUG | 截图: 3840x2160, 耗时=81ms
[2026-09-29 12:27:47] DEBUG | 匹配[快速]: 游戏中 (5游戏中2（中上）.png), conf=0.878, 17ms
[2026-09-29 12:27:47] DEBUG | 循环#39234 总耗时=101ms
[2026-09-29 12:27:47] DEBUG | 截图: 3840x2160, 耗时=89ms
[2026-09-29 12:27:47] DEBUG | 匹配[快速]: 游戏中 (5游戏中2（中上）.png), conf=0.879, 19ms
[2026-09-29 12:27:47] DEBUG | 循环#39235 总耗时=111ms
[2026-09-29 12:27:47] DEBUG | 截图: 3840x2160, 耗时=81ms
[2026-09-29 12:27:47] DEBUG | 匹配[快速]: 游戏中 (5游戏中2（中上）.png), conf=0.879, 18ms
[2026-09-29 12:27:47] DEBUG | 循环#39236 总耗时=102ms
[2026-09-29 12:27:48] DEBUG | 截图: 3840x2160, 耗时=79ms
[2026-09-29 12:27:48] DEBUG | 匹配[快速]: 游戏中 (5游戏中2（中上）.png), conf=0.876, 18ms
[2026-09-29 12:27:48] INFO | [游戏中] 按I键
[2026-09-29 12:27:48] DEBUG | 按键 i: 三重发送开始 (scan=0x17, vk=0x49)
[2026-09-29 12:27:48] INFO | 按键: i(扫描码=0x17), 持续 0.3s
[2026-09-29 12:27:48] DEBUG | 循环#39237 总耗时=403ms
[2026-09-29 12:27:48] DEBUG | 截图: 3840x2160, 耗时=85ms
[2026-09-29 12:27:48] DEBUG | 匹配[快速]: 游戏中 (5游戏中2（中上）.png), conf=0.879, 17ms
[2026-09-29 12:27:48] DEBUG | 循环#39238 总耗时=105ms
[2026-09-29 12:27:48] DEBUG | 截图: 3840x2160, 耗时=82ms
[2026-09-29 12:27:48] DEBUG | 匹配[快速]: 游戏中 (5游戏中2（中上）.png), conf=0.862, 17ms
[2026-09-29 12:27:48] DEBUG | 循环#39239 总耗时=102ms
[2026-09-29 12:27:49] DEBUG | 截图: 3840x2160, 耗时=84ms
[2026-09-29 12:27:49] DEBUG | 匹配[快速]: 游戏中 (5游戏中2（中上）.png), conf=0.875, 17ms
[2026-09-29 12:27:49] DEBUG | 循环#39240 总耗时=105ms
[2026-09-29 12:27:49] DEBUG | 截图: 3840x2160, 耗时=83ms
[2026-09-29 12:27:49] DEBUG | 匹配[快速]: 游戏中 (5游戏中2（中上）.png), conf=0.870, 17ms
[2026-09-29 12:27:49] DEBUG | 循环#39241 总耗时=103ms
[2026-09-29 12:27:49] DEBUG | 截图: 3840x2160, 耗时=84ms
[2026-09-29 12:27:49] DEBUG | 匹配[快速]: 游戏中 (5游戏中2（中上）.png), conf=0.870, 17ms
[2026-09-29 12:27:49] DEBUG | 循环#39242 总耗时=105ms
[2026-09-29 12:27:50] DEBUG | 截图: 3840x2160, 耗时=84ms
[2026-09-29 12:27:50] DEBUG | 匹配[快速]: 游戏中 (5游戏中2（中上）.png), conf=0.874, 17ms
[2026-09-29 12:27:50] DEBUG | 循环#39243 总耗时=104ms
[2026-09-29 12:27:50] DEBUG | 截图: 3840x2160, 耗时=80ms
[2026-09-29 12:27:50] DEBUG | 匹配[快速]: 游戏中 (5游戏中2（中上）.png), conf=0.866, 17ms
[2026-09-29 12:27:50] DEBUG | 循环#39244 总耗时=99ms
[2026-09-29 12:27:50] DEBUG | 截图: 3840x2160, 耗时=85ms
[2026-09-29 12:27:50] DEBUG | 匹配[快速]: 游戏中 (5游戏中2（中上）.png), conf=0.873, 16ms
[2026-09-29 12:27:50] DEBUG | 循环#39245 总耗时=105ms
[2026-09-29 12:27:50] DEBUG | 截图: 3840x2160, 耗时=80ms
[2026-09-29 12:27:51] DEBUG | 匹配[快速]: 游戏中 (5游戏中2（中上）.png), conf=0.872, 17ms
[2026-09-29 12:27:51] DEBUG | 循环#39246 总耗时=101ms
[2026-09-29 12:27:51] DEBUG | 截图: 3840x2160, 耗时=80ms
[2026-09-29 12:27:51] DEBUG | 匹配[快速]: 游戏中 (5游戏中2（中上）.png), conf=0.878, 16ms
[2026-09-29 12:27:51] INFO | [游戏中] 按I键
[2026-09-29 12:27:51] DEBUG | 按键 i: 三重发送开始 (scan=0x17, vk=0x49)
[2026-09-29 12:27:51] INFO | 按键: i(扫描码=0x17), 持续 0.3s
[2026-09-29 12:27:51] DEBUG | 循环#39247 总耗时=402ms
[2026-09-29 12:27:51] DEBUG | 截图: 3840x2160, 耗时=84ms
[2026-09-29 12:27:51] DEBUG | 匹配[快速]: 游戏中 (5游戏中2（中上）.png), conf=0.865, 17ms
[2026-09-29 12:27:51] DEBUG | 循环#39248 总耗时=106ms
[2026-09-29 12:27:51] DEBUG | 截图: 3840x2160, 耗时=83ms
[2026-09-29 12:27:52] DEBUG | 匹配[快速]: 游戏中 (5游戏中2（中上）.png), conf=0.875, 18ms
[2026-09-29 12:27:52] DEBUG | 循环#39249 总耗时=104ms
[2026-09-29 12:27:52] DEBUG | 截图: 3840x2160, 耗时=80ms
[2026-09-29 12:27:52] DEBUG | 匹配[快速]: 游戏中 (5游戏中2（中上）.png), conf=0.871, 16ms
[2026-09-29 12:27:52] DEBUG | 循环#39250 总耗时=99ms
[2026-09-29 12:27:52] DEBUG | 截图: 3840x2160, 耗时=80ms
[2026-09-29 12:27:52] DEBUG | 匹配[快速]: 游戏中 (5游戏中2（中上）.png), conf=0.866, 18ms
[2026-09-29 12:27:52] DEBUG | 循环#39251 总耗时=101ms
[2026-09-29 12:27:52] DEBUG | 截图: 3840x2160, 耗时=83ms
[2026-09-29 12:27:52] DEBUG | 匹配[快速]: 游戏中 (5游戏中2（中上）.png), conf=0.865, 16ms
[2026-09-29 12:27:52] DEBUG | 循环#39252 总耗时=103ms
[2026-09-29 12:27:53] DEBUG | 截图: 3840x2160, 耗时=80ms
[2026-09-29 12:27:53] DEBUG | 匹配[快速]: 游戏中 (5游戏中2（中上）.png), conf=0.868, 18ms
[2026-09-29 12:27:53] DEBUG | 循环#39253 总耗时=101ms
[2026-09-29 12:27:53] DEBUG | 截图: 3840x2160, 耗时=82ms
[2026-09-29 12:27:53] DEBUG | 匹配[快速]: 游戏中 (5游戏中2（中上）.png), conf=0.870, 16ms
[2026-09-29 12:27:53] DEBUG | 循环#39254 总耗时=101ms
[2026-09-29 12:27:53] DEBUG | 截图: 3840x2160, 耗时=81ms
[2026-09-29 12:27:53] DEBUG | 匹配[快速]: 游戏中 (5游戏中2（中上）.png), conf=0.864, 19ms
[2026-09-29 12:27:53] DEBUG | 循环#39255 总耗时=104ms
[2026-09-29 12:27:54] DEBUG | 截图: 3840x2160, 耗时=80ms
[2026-09-29 12:27:54] DEBUG | 匹配[快速]: 游戏中 (5游戏中2（中上）.png), conf=0.861, 17ms
[2026-09-29 12:27:54] DEBUG | 循环#39256 总耗时=100ms
[2026-09-29 12:27:54] DEBUG | 截图: 3840x2160, 耗时=81ms
[2026-09-29 12:27:54] DEBUG | 匹配[快速]: 游戏中 (5游戏中2（中上）.png), conf=0.861, 17ms
[2026-09-29 12:27:54] INFO | [游戏中] 按I键
[2026-09-29 12:27:54] DEBUG | 按键 i: 三重发送开始 (scan=0x17, vk=0x49)
[2026-09-29 12:27:54] INFO | 按键: i(扫描码=0x17), 持续 0.3s
[2026-09-29 12:27:54] DEBUG | 循环#39257 总耗时=403ms
[2026-09-29 12:27:54] DEBUG | 截图: 3840x2160, 耗时=84ms
[2026-09-29 12:27:54] DEBUG | 匹配[快速]: 游戏中 (5游戏中2（中上）.png), conf=0.864, 17ms
[2026-09-29 12:27:54] DEBUG | 循环#39258 总耗时=105ms
[2026-09-29 12:27:55] DEBUG | 截图: 3840x2160, 耗时=83ms
[2026-09-29 12:27:55] DEBUG | 匹配[快速]: 游戏中 (5游戏中2（中上）.png), conf=0.861, 17ms
[2026-09-29 12:27:55] DEBUG | 循环#39259 总耗时=102ms
[2026-09-29 12:27:55] DEBUG | 截图: 3840x2160, 耗时=85ms
[2026-09-29 12:27:55] DEBUG | 匹配[快速]: 游戏中 (5游戏中2（中上）.png), conf=0.863, 18ms
[2026-09-29 12:27:55] DEBUG | 循环#39260 总耗时=106ms
[2026-09-29 12:27:55] DEBUG | 截图: 3840x2160, 耗时=84ms
[2026-09-29 12:27:55] DEBUG | 匹配[快速]: 游戏中 (5游戏中2（中上）.png), conf=0.863, 17ms
[2026-09-29 12:27:55] DEBUG | 循环#39261 总耗时=105ms
[2026-09-29 12:27:55] DEBUG | 截图: 3840x2160, 耗时=82ms
[2026-09-29 12:27:56] DEBUG | 匹配[快速]: 游戏中 (5游戏中2（中上）.png), conf=0.861, 18ms
[2026-09-29 12:27:56] DEBUG | 循环#39262 总耗时=103ms
[2026-09-29 12:27:56] DEBUG | 截图: 3840x2160, 耗时=86ms
[2026-09-29 12:27:56] DEBUG | 匹配[快速]: 游戏中 (5游戏中2（中上）.png), conf=0.861, 16ms
[2026-09-29 12:27:56] DEBUG | 循环#39263 总耗时=105ms
[2026-09-29 12:27:56] DEBUG | 截图: 3840x2160, 耗时=81ms
[2026-09-29 12:27:56] DEBUG | 匹配[快速]: 游戏中 (5游戏中2（中上）.png), conf=0.861, 18ms
[2026-09-29 12:27:56] DEBUG | 循环#39264 总耗时=101ms
[2026-09-29 12:27:56] DEBUG | 截图: 3840x2160, 耗时=83ms
[2026-09-29 12:27:56] DEBUG | 匹配[快速]: 游戏中 (5游戏中2（中上）.png), conf=0.863, 17ms
[2026-09-29 12:27:56] DEBUG | 循环#39265 总耗时=103ms
[2026-09-29 12:27:57] DEBUG | 截图: 3840x2160, 耗时=80ms
[2026-09-29 12:27:57] DEBUG | 匹配[快速]: 游戏中 (5游戏中2（中上）.png), conf=0.864, 19ms
[2026-09-29 12:27:57] DEBUG | 循环#39266 总耗时=103ms
[2026-09-29 12:27:57] DEBUG | 截图: 3840x2160, 耗时=80ms
[2026-09-29 12:27:57] DEBUG | 匹配[快速]: 游戏中 (5游戏中2（中上）.png), conf=0.861, 16ms
[2026-09-29 12:27:57] INFO | [游戏中] 按I键
[2026-09-29 12:27:57] DEBUG | 按键 i: 三重发送开始 (scan=0x17, vk=0x49)
[2026-09-29 12:27:57] INFO | 按键: i(扫描码=0x17), 持续 0.3s
[2026-09-29 12:27:57] DEBUG | 循环#39267 总耗时=403ms
[2026-09-29 12:27:57] DEBUG | 截图: 3840x2160, 耗时=81ms
[2026-09-29 12:27:57] DEBUG | 匹配[快速]: 游戏中 (5游戏中2（中上）.png), conf=0.867, 17ms
[2026-09-29 12:27:57] DEBUG | 循环#39268 总耗时=101ms
[2026-09-29 12:27:58] DEBUG | 截图: 3840x2160, 耗时=82ms
[2026-09-29 12:27:58] DEBUG | 匹配[快速]: 游戏中 (5游戏中2（中上）.png), conf=0.867, 17ms
[2026-09-29 12:27:58] DEBUG | 循环#39269 总耗时=103ms
[2026-09-29 12:27:58] DEBUG | 截图: 3840x2160, 耗时=82ms
[2026-09-29 12:27:58] DEBUG | 匹配[快速]: 游戏中 (5游戏中2（中上）.png), conf=0.867, 16ms
[2026-09-29 12:27:58] DEBUG | 循环#39270 总耗时=101ms
[2026-09-29 12:27:58] DEBUG | 截图: 3840x2160, 耗时=85ms
[2026-09-29 12:27:58] DEBUG | 匹配[快速]: 游戏中 (5游戏中2（中上）.png), conf=0.867, 17ms
[2026-09-29 12:27:58] DEBUG | 循环#39271 总耗时=105ms
[2026-09-29 12:27:59] DEBUG | 截图: 3840x2160, 耗时=84ms
[2026-09-29 12:27:59] DEBUG | 匹配[快速]: 游戏中 (5游戏中2（中上）.png), conf=0.867, 16ms
[2026-09-29 12:27:59] DEBUG | 循环#39272 总耗时=104ms
[2026-09-29 12:27:59] DEBUG | 截图: 3840x2160, 耗时=78ms
[2026-09-29 12:27:59] DEBUG | 匹配[快速]: 游戏中 (5游戏中2（中上）.png), conf=0.867, 20ms
[2026-09-29 12:27:59] DEBUG | 循环#39273 总耗时=101ms
[2026-09-29 12:27:59] DEBUG | 截图: 3840x2160, 耗时=80ms
[2026-09-29 12:27:59] DEBUG | 匹配[快速]: 游戏中 (5游戏中2（中上）.png), conf=0.867, 16ms
[2026-09-29 12:27:59] DEBUG | 循环#39274 总耗时=99ms
[2026-09-29 12:28:00] DEBUG | 截图: 3840x2160, 耗时=80ms
[2026-09-29 12:28:00] DEBUG | 匹配[快速]: 游戏中 (5游戏中2（中上）.png), conf=0.867, 17ms
[2026-09-29 12:28:00] DEBUG | 循环#39275 总耗时=101ms
[2026-09-29 12:28:00] DEBUG | 截图: 3840x2160, 耗时=81ms
[2026-09-29 12:28:00] DEBUG | 匹配[快速]: 游戏中 (5游戏中2（中上）.png), conf=0.867, 16ms
[2026-09-29 12:28:00] DEBUG | 循环#39276 总耗时=101ms
[2026-09-29 12:28:00] DEBUG | 截图: 3840x2160, 耗时=79ms
[2026-09-29 12:28:00] DEBUG | 匹配[快速]: 游戏中 (5游戏中2（中上）.png), conf=0.867, 18ms
[2026-09-29 12:28:00] INFO | [游戏中] 按I键
[2026-09-29 12:28:00] DEBUG | 按键 i: 三重发送开始 (scan=0x17, vk=0x49)
[2026-09-29 12:28:00] INFO | 按键: i(扫描码=0x17), 持续 0.3s
[2026-09-29 12:28:00] DEBUG | 循环#39277 总耗时=403ms
[2026-09-29 12:28:01] DEBUG | 截图: 3840x2160, 耗时=88ms
[2026-09-29 12:28:01] DEBUG | 匹配[快速]: 游戏中 (5游戏中2（中上）.png), conf=0.867, 17ms
[2026-09-29 12:28:01] DEBUG | 循环#39278 总耗时=108ms
[2026-09-29 12:28:01] DEBUG | 截图: 3840x2160, 耗时=91ms
[2026-09-29 12:28:01] DEBUG | 匹配[快速]: 游戏中 (5游戏中2（中上）.png), conf=0.867, 17ms
[2026-09-29 12:28:01] DEBUG | 循环#39279 总耗时=112ms
[2026-09-29 12:28:01] DEBUG | 截图: 3840x2160, 耗时=84ms
[2026-09-29 12:28:01] DEBUG | 匹配[快速]: 游戏中 (5游戏中2（中上）.png), conf=0.867, 19ms
[2026-09-29 12:28:01] DEBUG | 循环#39280 总耗时=107ms
[2026-09-29 12:28:01] DEBUG | 截图: 3840x2160, 耗时=90ms
[2026-09-29 12:28:01] DEBUG | 匹配[快速]: 游戏中 (5游戏中2（中上）.png), conf=0.867, 17ms
[2026-09-29 12:28:01] DEBUG | 循环#39281 总耗时=110ms
[2026-09-29 12:28:02] DEBUG | 截图: 3840x2160, 耗时=80ms
[2026-09-29 12:28:02] DEBUG | 匹配[快速]: 游戏中 (5游戏中2（中上）.png), conf=0.867, 19ms
[2026-09-29 12:28:02] DEBUG | 循环#39282 总耗时=102ms
[2026-09-29 12:28:02] DEBUG | 截图: 3840x2160, 耗时=88ms
[2026-09-29 12:28:02] DEBUG | 匹配[快速]: 游戏中 (5游戏中2（中上）.png), conf=0.867, 16ms
[2026-09-29 12:28:02] DEBUG | 循环#39283 总耗时=108ms
[2026-09-29 12:28:02] DEBUG | 截图: 3840x2160, 耗时=86ms
[2026-09-29 12:28:02] DEBUG | 匹配[快速]: 游戏中 (5游戏中2（中上）.png), conf=0.867, 19ms
[2026-09-29 12:28:02] DEBUG | 循环#39284 总耗时=108ms
[2026-09-29 12:28:03] DEBUG | 截图: 3840x2160, 耗时=80ms
[2026-09-29 12:28:03] DEBUG | 匹配[快速]: 游戏中 (5游戏中2（中上）.png), conf=0.867, 16ms
[2026-09-29 12:28:03] DEBUG | 循环#39285 总耗时=100ms
[2026-09-29 12:28:03] DEBUG | 截图: 3840x2160, 耗时=81ms
[2026-09-29 12:28:03] DEBUG | 匹配[快速]: 游戏中 (5游戏中2（中上）.png), conf=0.867, 17ms
[2026-09-29 12:28:03] DEBUG | 循环#39286 总耗时=101ms
[2026-09-29 12:28:03] DEBUG | 截图: 3840x2160, 耗时=79ms
[2026-09-29 12:28:03] DEBUG | 匹配[快速]: 游戏中 (5游戏中2（中上）.png), conf=0.867, 18ms
[2026-09-29 12:28:03] INFO | [游戏中] 按I键
[2026-09-29 12:28:03] DEBUG | 按键 i: 三重发送开始 (scan=0x17, vk=0x49)
[2026-09-29 12:28:04] INFO | 按键: i(扫描码=0x17), 持续 0.3s
[2026-09-29 12:28:04] DEBUG | 循环#39287 总耗时=403ms
[2026-09-29 12:28:04] DEBUG | 截图: 3840x2160, 耗时=78ms
[2026-09-29 12:28:04] DEBUG | 匹配[快速]: 游戏中 (5游戏中2（中上）.png), conf=0.867, 16ms
[2026-09-29 12:28:04] DEBUG | 循环#39288 总耗时=97ms
[2026-09-29 12:28:04] DEBUG | 截图: 3840x2160, 耗时=77ms
[2026-09-29 12:28:04] DEBUG | 匹配[快速]: 游戏中 (5游戏中2（中上）.png), conf=0.867, 17ms
[2026-09-29 12:28:04] DEBUG | 循环#39289 总耗时=97ms
[2026-09-29 12:28:04] DEBUG | 截图: 3840x2160, 耗时=86ms
[2026-09-29 12:28:04] DEBUG | 匹配[快速]: 游戏中 (5游戏中2（中上）.png), conf=0.867, 16ms
[2026-09-29 12:28:04] DEBUG | 循环#39290 总耗时=105ms
[2026-09-29 12:28:05] DEBUG | 截图: 3840x2160, 耗时=83ms
[2026-09-29 12:28:05] DEBUG | 匹配[快速]: 游戏中 (5游戏中2（中上）.png), conf=0.867, 19ms
[2026-09-29 12:28:05] DEBUG | 循环#39291 总耗时=105ms
[2026-09-29 12:28:05] DEBUG | 截图: 3840x2160, 耗时=84ms
[2026-09-29 12:28:05] DEBUG | 匹配[快速]: 游戏中 (5游戏中2（中上）.png), conf=0.867, 16ms
[2026-09-29 12:28:05] DEBUG | 循环#39292 总耗时=104ms
[2026-09-29 12:28:05] DEBUG | 截图: 3840x2160, 耗时=80ms
[2026-09-29 12:28:05] DEBUG | 匹配[快速]: 游戏中 (5游戏中2（中上）.png), conf=0.867, 18ms
[2026-09-29 12:28:05] DEBUG | 循环#39293 总耗时=102ms
[2026-09-29 12:28:05] DEBUG | 截图: 3840x2160, 耗时=82ms
[2026-09-29 12:28:05] DEBUG | 匹配[快速]: 游戏中 (5游戏中2（中上）.png), conf=0.867, 17ms
[2026-09-29 12:28:05] DEBUG | 循环#39294 总耗时=102ms
[2026-09-29 12:28:06] DEBUG | 截图: 3840x2160, 耗时=80ms
[2026-09-29 12:28:06] DEBUG | 匹配[快速]: 游戏中 (5游戏中2（中上）.png), conf=0.867, 16ms
[2026-09-29 12:28:06] DEBUG | 循环#39295 总耗时=100ms
[2026-09-29 12:28:06] DEBUG | 截图: 3840x2160, 耗时=79ms
[2026-09-29 12:28:06] DEBUG | 匹配[快速]: 游戏中 (5游戏中2（中上）.png), conf=0.867, 18ms
[2026-09-29 12:28:06] DEBUG | 循环#39296 总耗时=100ms
[2026-09-29 12:28:06] DEBUG | 截图: 3840x2160, 耗时=81ms
[2026-09-29 12:28:06] DEBUG | 匹配[快速]: 游戏中 (5游戏中2（中上）.png), conf=0.867, 16ms
[2026-09-29 12:28:06] INFO | [游戏中] 按I键
[2026-09-29 12:28:06] DEBUG | 按键 i: 三重发送开始 (scan=0x17, vk=0x49)
[2026-09-29 12:28:07] INFO | 按键: i(扫描码=0x17), 持续 0.3s
[2026-09-29 12:28:07] DEBUG | 循环#39297 总耗时=402ms
[2026-09-29 12:28:07] DEBUG | 截图: 3840x2160, 耗时=76ms
[2026-09-29 12:28:07] DEBUG | 匹配[快速]: 游戏中 (5游戏中2（中上）.png), conf=0.867, 17ms
[2026-09-29 12:28:07] DEBUG | 循环#39298 总耗时=96ms
[2026-09-29 12:28:07] DEBUG | 截图: 3840x2160, 耗时=76ms
[2026-09-29 12:28:07] DEBUG | 匹配[快速]: 游戏中 (5游戏中2（中上）.png), conf=0.867, 18ms
[2026-09-29 12:28:07] DEBUG | 循环#39299 总耗时=96ms
[2026-09-29 12:28:07] DEBUG | 截图: 3840x2160, 耗时=75ms
[2026-09-29 12:28:07] DEBUG | 匹配[快速]: 游戏中 (5游戏中2（中上）.png), conf=0.867, 18ms
[2026-09-29 12:28:07] DEBUG | 循环#39300 总耗时=96ms
[2026-09-29 12:28:08] DEBUG | 截图: 3840x2160, 耗时=82ms
[2026-09-29 12:28:08] DEBUG | 匹配[快速]: 游戏中 (5游戏中2（中上）.png), conf=0.867, 17ms
[2026-09-29 12:28:08] DEBUG | 循环#39301 总耗时=102ms
[2026-09-29 12:28:08] DEBUG | 截图: 3840x2160, 耗时=80ms
[2026-09-29 12:28:08] DEBUG | 匹配[快速]: 游戏中 (5游戏中2（中上）.png), conf=0.867, 18ms
[2026-09-29 12:28:08] DEBUG | 循环#39302 总耗时=100ms
[2026-09-29 12:28:08] DEBUG | 截图: 3840x2160, 耗时=81ms
[2026-09-29 12:28:08] DEBUG | 匹配[快速]: 游戏中 (5游戏中2（中上）.png), conf=0.867, 17ms
[2026-09-29 12:28:08] DEBUG | 循环#39303 总耗时=101ms
[2026-09-29 12:28:09] DEBUG | 截图: 3840x2160, 耗时=79ms
[2026-09-29 12:28:09] DEBUG | 匹配[快速]: 游戏中 (5游戏中2（中上）.png), conf=0.867, 16ms
[2026-09-29 12:28:09] DEBUG | 循环#39304 总耗时=99ms
[2026-09-29 12:28:09] DEBUG | 截图: 3840x2160, 耗时=81ms
[2026-09-29 12:28:09] DEBUG | 匹配[快速]: 游戏中 (5游戏中2（中上）.png), conf=0.867, 18ms
[2026-09-29 12:28:09] DEBUG | 循环#39305 总耗时=102ms
[2026-09-29 12:28:09] DEBUG | 截图: 3840x2160, 耗时=80ms
[2026-09-29 12:28:09] DEBUG | 匹配[快速]: 游戏中 (5游戏中2（中上）.png), conf=0.867, 16ms
[2026-09-29 12:28:09] DEBUG | 循环#39306 总耗时=100ms
[2026-09-29 12:28:09] DEBUG | 截图: 3840x2160, 耗时=78ms
[2026-09-29 12:28:09] DEBUG | 匹配[快速]: 游戏中 (5游戏中2（中上）.png), conf=0.867, 19ms
[2026-09-29 12:28:09] INFO | [游戏中] 按I键
[2026-09-29 12:28:09] DEBUG | 按键 i: 三重发送开始 (scan=0x17, vk=0x49)
[2026-09-29 12:28:10] INFO | 按键: i(扫描码=0x17), 持续 0.3s
[2026-09-29 12:28:10] DEBUG | 循环#39307 总耗时=403ms
[2026-09-29 12:28:10] DEBUG | 截图: 3840x2160, 耗时=84ms
[2026-09-29 12:28:10] DEBUG | 匹配[快速]: 游戏中 (5游戏中2（中上）.png), conf=0.867, 18ms
[2026-09-29 12:28:10] DEBUG | 循环#39308 总耗时=105ms
[2026-09-29 12:28:10] DEBUG | 截图: 3840x2160, 耗时=83ms
[2026-09-29 12:28:10] DEBUG | 匹配[快速]: 游戏中 (5游戏中2（中上）.png), conf=0.867, 19ms
[2026-09-29 12:28:10] DEBUG | 循环#39309 总耗时=106ms
[2026-09-29 12:28:10] DEBUG | 截图: 3840x2160, 耗时=84ms
[2026-09-29 12:28:10] DEBUG | 匹配[快速]: 游戏中 (5游戏中2（中上）.png), conf=0.867, 18ms
[2026-09-29 12:28:10] DEBUG | 循环#39310 总耗时=105ms
[2026-09-29 12:28:11] DEBUG | 截图: 3840x2160, 耗时=82ms
[2026-09-29 12:28:11] DEBUG | 匹配[快速]: 游戏中 (5游戏中2（中上）.png), conf=0.867, 17ms
[2026-09-29 12:28:11] DEBUG | 循环#39311 总耗时=102ms
[2026-09-29 12:28:11] DEBUG | 截图: 3840x2160, 耗时=81ms
[2026-09-29 12:28:11] DEBUG | 匹配[快速]: 游戏中 (5游戏中2（中上）.png), conf=0.867, 17ms
[2026-09-29 12:28:11] DEBUG | 循环#39312 总耗时=101ms
[2026-09-29 12:28:11] DEBUG | 截图: 3840x2160, 耗时=84ms
[2026-09-29 12:28:11] DEBUG | 匹配[快速]: 游戏中 (5游戏中2（中上）.png), conf=0.867, 18ms
[2026-09-29 12:28:11] DEBUG | 循环#39313 总耗时=105ms
[2026-09-29 12:28:12] DEBUG | 截图: 3840x2160, 耗时=80ms
[2026-09-29 12:28:12] DEBUG | 匹配[快速]: 游戏中 (5游戏中2（中上）.png), conf=0.867, 17ms
[2026-09-29 12:28:12] DEBUG | 循环#39314 总耗时=101ms
[2026-09-29 12:28:12] DEBUG | 截图: 3840x2160, 耗时=80ms
[2026-09-29 12:28:12] DEBUG | 匹配[快速]: 游戏中 (5游戏中2（中上）.png), conf=0.867, 17ms
[2026-09-29 12:28:12] DEBUG | 循环#39315 总耗时=100ms
[2026-09-29 12:28:12] DEBUG | 截图: 3840x2160, 耗时=82ms
[2026-09-29 12:28:12] DEBUG | 匹配[快速]: 游戏中 (5游戏中2（中上）.png), conf=0.867, 17ms
[2026-09-29 12:28:12] DEBUG | 循环#39316 总耗时=103ms
[2026-09-29 12:28:13] DEBUG | 截图: 3840x2160, 耗时=82ms
[2026-09-29 12:28:13] DEBUG | 匹配[快速]: 游戏中 (5游戏中2（中上）.png), conf=0.867, 17ms
[2026-09-29 12:28:13] INFO | [游戏中] 按I键
[2026-09-29 12:28:13] DEBUG | 按键 i: 三重发送开始 (scan=0x17, vk=0x49)
[2026-09-29 12:28:13] INFO | 按键: i(扫描码=0x17), 持续 0.3s
[2026-09-29 12:28:13] DEBUG | 循环#39317 总耗时=404ms
[2026-09-29 12:28:13] DEBUG | 截图: 3840x2160, 耗时=83ms
[2026-09-29 12:28:13] DEBUG | 匹配[快速]: 游戏中 (5游戏中2（中上）.png), conf=0.867, 17ms
[2026-09-29 12:28:13] DEBUG | 循环#39318 总耗时=103ms
[2026-09-29 12:28:13] DEBUG | 截图: 3840x2160, 耗时=79ms
[2026-09-29 12:28:13] DEBUG | 匹配[快速]: 游戏中 (5游戏中2（中上）.png), conf=0.867, 16ms
[2026-09-29 12:28:13] DEBUG | 循环#39319 总耗时=99ms
[2026-09-29 12:28:14] DEBUG | 截图: 3840x2160, 耗时=82ms
[2026-09-29 12:28:14] DEBUG | 匹配[快速]: 游戏中 (5游戏中2（中上）.png), conf=0.867, 16ms
[2026-09-29 12:28:14] DEBUG | 循环#39320 总耗时=101ms
[2026-09-29 12:28:14] DEBUG | 截图: 3840x2160, 耗时=81ms
[2026-09-29 12:28:14] DEBUG | 匹配[快速]: 游戏中 (5游戏中2（中上）.png), conf=0.867, 17ms
[2026-09-29 12:28:14] DEBUG | 循环#39321 总耗时=100ms
[2026-09-29 12:28:14] DEBUG | 截图: 3840x2160, 耗时=78ms
[2026-09-29 12:28:14] DEBUG | 匹配[快速]: 游戏中 (5游戏中2（中上）.png), conf=0.867, 19ms
[2026-09-29 12:28:14] DEBUG | 循环#39322 总耗时=100ms
[2026-09-29 12:28:14] DEBUG | 截图: 3840x2160, 耗时=79ms
[2026-09-29 12:28:14] DEBUG | 匹配[快速]: 游戏中 (5游戏中2（中上）.png), conf=0.867, 17ms
[2026-09-29 12:28:14] DEBUG | 循环#39323 总耗时=99ms
[2026-09-29 12:28:15] DEBUG | 截图: 3840x2160, 耗时=79ms
[2026-09-29 12:28:15] DEBUG | 匹配[快速]: 游戏中 (5游戏中2（中上）.png), conf=0.867, 16ms
[2026-09-29 12:28:15] DEBUG | 循环#39324 总耗时=99ms
[2026-09-29 12:28:15] DEBUG | 截图: 3840x2160, 耗时=79ms
[2026-09-29 12:28:15] DEBUG | 匹配[快速]: 游戏中 (5游戏中2（中上）.png), conf=0.867, 16ms
[2026-09-29 12:28:15] DEBUG | 循环#39325 总耗时=99ms
[2026-09-29 12:28:15] DEBUG | 截图: 3840x2160, 耗时=81ms
[2026-09-29 12:28:15] DEBUG | 匹配[快速]: 游戏中 (5游戏中2（中上）.png), conf=0.867, 16ms
[2026-09-29 12:28:15] DEBUG | 循环#39326 总耗时=100ms
[2026-09-29 12:28:16] DEBUG | 截图: 3840x2160, 耗时=77ms
[2026-09-29 12:28:16] DEBUG | 匹配[快速]: 游戏中 (5游戏中2（中上）.png), conf=0.867, 18ms
[2026-09-29 12:28:16] INFO | [游戏中] 按I键
[2026-09-29 12:28:16] DEBUG | 按键 i: 三重发送开始 (scan=0x17, vk=0x49)
[2026-09-29 12:28:16] INFO | 按键: i(扫描码=0x17), 持续 0.3s
[2026-09-29 12:28:16] DEBUG | 循环#39327 总耗时=400ms
[2026-09-29 12:28:16] DEBUG | 截图: 3840x2160, 耗时=79ms
[2026-09-29 12:28:16] DEBUG | 匹配[快速]: 游戏中 (5游戏中2（中上）.png), conf=0.867, 16ms
[2026-09-29 12:28:16] DEBUG | 循环#39328 总耗时=99ms
[2026-09-29 12:28:16] DEBUG | 截图: 3840x2160, 耗时=77ms
[2026-09-29 12:28:16] DEBUG | 匹配[快速]: 游戏中 (5游戏中2（中上）.png), conf=0.867, 17ms
[2026-09-29 12:28:16] DEBUG | 循环#39329 总耗时=97ms
[2026-09-29 12:28:17] DEBUG | 截图: 3840x2160, 耗时=83ms
[2026-09-29 12:28:17] DEBUG | 匹配[快速]: 游戏中 (5游戏中2（中上）.png), conf=0.867, 16ms
[2026-09-29 12:28:17] DEBUG | 循环#39330 总耗时=102ms
[2026-09-29 12:28:17] DEBUG | 截图: 3840x2160, 耗时=75ms
[2026-09-29 12:28:17] DEBUG | 匹配[快速]: 游戏中 (5游戏中2（中上）.png), conf=0.867, 16ms
[2026-09-29 12:28:17] DEBUG | 循环#39331 总耗时=93ms
[2026-09-29 12:28:17] DEBUG | 截图: 3840x2160, 耗时=77ms
[2026-09-29 12:28:17] DEBUG | 匹配[快速]: 游戏中 (5游戏中2（中上）.png), conf=0.867, 16ms
[2026-09-29 12:28:17] DEBUG | 循环#39332 总耗时=97ms
[2026-09-29 12:28:18] DEBUG | 截图: 3840x2160, 耗时=79ms
[2026-09-29 12:28:18] DEBUG | 匹配[快速]: 游戏中 (5游戏中2（中上）.png), conf=0.867, 16ms
[2026-09-29 12:28:18] DEBUG | 循环#39333 总耗时=99ms
[2026-09-29 12:28:18] DEBUG | 截图: 3840x2160, 耗时=74ms
[2026-09-29 12:28:18] DEBUG | 匹配[快速]: 游戏中 (5游戏中2（中上）.png), conf=0.867, 18ms
[2026-09-29 12:28:18] DEBUG | 循环#39334 总耗时=96ms
[2026-09-29 12:28:18] DEBUG | 截图: 3840x2160, 耗时=89ms
[2026-09-29 12:28:18] DEBUG | 匹配[快速]: 游戏中 (5游戏中2（中上）.png), conf=0.867, 16ms
[2026-09-29 12:28:18] DEBUG | 循环#39335 总耗时=110ms
[2026-09-29 12:28:18] DEBUG | 截图: 3840x2160, 耗时=82ms
[2026-09-29 12:28:18] DEBUG | 匹配[快速]: 游戏中 (5游戏中2（中上）.png), conf=0.867, 19ms
[2026-09-29 12:28:18] DEBUG | 循环#39336 总耗时=104ms
[2026-09-29 12:28:19] DEBUG | 截图: 3840x2160, 耗时=88ms
[2026-09-29 12:28:19] DEBUG | 匹配[快速]: 游戏中 (5游戏中2（中上）.png), conf=0.867, 16ms
[2026-09-29 12:28:19] INFO | [游戏中] 按I键
[2026-09-29 12:28:19] DEBUG | 按键 i: 三重发送开始 (scan=0x17, vk=0x49)
[2026-09-29 12:28:19] INFO | 按键: i(扫描码=0x17), 持续 0.3s
[2026-09-29 12:28:19] DEBUG | 循环#39337 总耗时=411ms
[2026-09-29 12:28:19] DEBUG | 截图: 3840x2160, 耗时=77ms
[2026-09-29 12:28:19] DEBUG | 匹配[快速]: 游戏中 (5游戏中2（中上）.png), conf=0.867, 17ms
[2026-09-29 12:28:19] DEBUG | 循环#39338 总耗时=98ms
[2026-09-29 12:28:19] DEBUG | 截图: 3840x2160, 耗时=79ms
[2026-09-29 12:28:19] DEBUG | 匹配[快速]: 游戏中 (5游戏中2（中上）.png), conf=0.867, 17ms
[2026-09-29 12:28:19] DEBUG | 循环#39339 总耗时=99ms
[2026-09-29 12:28:20] DEBUG | 截图: 3840x2160, 耗时=76ms
[2026-09-29 12:28:20] DEBUG | 匹配[快速]: 游戏中 (5游戏中2（中上）.png), conf=0.867, 16ms
[2026-09-29 12:28:20] DEBUG | 循环#39340 总耗时=95ms
[2026-09-29 12:28:20] DEBUG | 截图: 3840x2160, 耗时=84ms
[2026-09-29 12:28:20] DEBUG | 匹配[快速]: 游戏中 (5游戏中2（中上）.png), conf=0.867, 16ms
[2026-09-29 12:28:20] DEBUG | 循环#39341 总耗时=104ms
[2026-09-29 12:28:20] DEBUG | 截图: 3840x2160, 耗时=84ms
[2026-09-29 12:28:20] DEBUG | 匹配[快速]: 游戏中 (5游戏中2（中上）.png), conf=0.867, 16ms
[2026-09-29 12:28:20] DEBUG | 循环#39342 总耗时=104ms
[2026-09-29 12:28:21] DEBUG | 截图: 3840x2160, 耗时=83ms
[2026-09-29 12:28:21] DEBUG | 匹配[快速]: 游戏中 (5游戏中2（中上）.png), conf=0.867, 17ms
[2026-09-29 12:28:21] DEBUG | 循环#39343 总耗时=104ms
[2026-09-29 12:28:21] DEBUG | 截图: 3840x2160, 耗时=83ms
[2026-09-29 12:28:21] DEBUG | 匹配[快速]: 游戏中 (5游戏中2（中上）.png), conf=0.867, 16ms
[2026-09-29 12:28:21] DEBUG | 循环#39344 总耗时=103ms
[2026-09-29 12:28:21] DEBUG | 截图: 3840x2160, 耗时=84ms
[2026-09-29 12:28:21] DEBUG | 匹配[快速]: 游戏中 (5游戏中2（中上）.png), conf=0.867, 16ms
[2026-09-29 12:28:21] DEBUG | 循环#39345 总耗时=104ms
[2026-09-29 12:28:22] DEBUG | 截图: 3840x2160, 耗时=81ms
[2026-09-29 12:28:22] DEBUG | 匹配[快速]: 游戏中 (5游戏中2（中上）.png), conf=0.867, 18ms
[2026-09-29 12:28:22] DEBUG | 循环#39346 总耗时=101ms
[2026-09-29 12:28:22] DEBUG | 截图: 3840x2160, 耗时=80ms
[2026-09-29 12:28:22] DEBUG | 匹配[快速]: 游戏中 (5游戏中2（中上）.png), conf=0.867, 17ms
[2026-09-29 12:28:22] INFO | [游戏中] 按I键
[2026-09-29 12:28:22] DEBUG | 按键 i: 三重发送开始 (scan=0x17, vk=0x49)
[2026-09-29 12:28:22] INFO | 按键: i(扫描码=0x17), 持续 0.3s
[2026-09-29 12:28:22] DEBUG | 循环#39347 总耗时=402ms
[2026-09-29 12:28:22] DEBUG | 截图: 3840x2160, 耗时=82ms
[2026-09-29 12:28:22] DEBUG | 匹配[快速]: 游戏中 (5游戏中2（中上）.png), conf=0.867, 16ms
[2026-09-29 12:28:22] DEBUG | 循环#39348 总耗时=101ms
[2026-09-29 12:28:23] DEBUG | 截图: 3840x2160, 耗时=77ms
[2026-09-29 12:28:23] DEBUG | 匹配[快速]: 游戏中 (5游戏中2（中上）.png), conf=0.867, 17ms
[2026-09-29 12:28:23] DEBUG | 循环#39349 总耗时=97ms
[2026-09-29 12:28:23] DEBUG | 截图: 3840x2160, 耗时=76ms
[2026-09-29 12:28:23] DEBUG | 匹配[快速]: 游戏中 (5游戏中2（中上）.png), conf=0.867, 17ms
[2026-09-29 12:28:23] DEBUG | 循环#39350 总耗时=96ms
[2026-09-29 12:28:23] DEBUG | 截图: 3840x2160, 耗时=76ms
[2026-09-29 12:28:23] DEBUG | 匹配[快速]: 游戏中 (5游戏中2（中上）.png), conf=0.867, 16ms
[2026-09-29 12:28:23] DEBUG | 循环#39351 总耗时=96ms
[2026-09-29 12:28:23] DEBUG | 截图: 3840x2160, 耗时=79ms
[2026-09-29 12:28:23] DEBUG | 匹配[快速]: 游戏中 (5游戏中2（中上）.png), conf=0.867, 18ms
[2026-09-29 12:28:23] DEBUG | 循环#39352 总耗时=100ms
[2026-09-29 12:28:24] DEBUG | 截图: 3840x2160, 耗时=76ms
[2026-09-29 12:28:24] DEBUG | 匹配[快速]: 游戏中 (5游戏中2（中上）.png), conf=0.867, 16ms
[2026-09-29 12:28:24] DEBUG | 循环#39353 总耗时=95ms
[2026-09-29 12:28:24] DEBUG | 截图: 3840x2160, 耗时=82ms
[2026-09-29 12:28:24] DEBUG | 匹配[快速]: 游戏中 (5游戏中2（中上）.png), conf=0.867, 17ms
[2026-09-29 12:28:24] DEBUG | 循环#39354 总耗时=103ms
[2026-09-29 12:28:24] DEBUG | 截图: 3840x2160, 耗时=84ms
[2026-09-29 12:28:24] DEBUG | 匹配[快速]: 游戏中 (5游戏中2（中上）.png), conf=0.867, 17ms
[2026-09-29 12:28:24] DEBUG | 循环#39355 总耗时=104ms
[2026-09-29 12:28:25] DEBUG | 截图: 3840x2160, 耗时=83ms
[2026-09-29 12:28:25] DEBUG | 匹配[快速]: 游戏中 (5游戏中2（中上）.png), conf=0.867, 18ms
[2026-09-29 12:28:25] DEBUG | 循环#39356 总耗时=104ms
[2026-09-29 12:28:25] DEBUG | 截图: 3840x2160, 耗时=83ms
[2026-09-29 12:28:25] DEBUG | 匹配[快速]: 游戏中 (5游戏中2（中上）.png), conf=0.867, 16ms
[2026-09-29 12:28:25] INFO | [游戏中] 按I键
[2026-09-29 12:28:25] DEBUG | 按键 i: 三重发送开始 (scan=0x17, vk=0x49)
[2026-09-29 12:28:25] INFO | 按键: i(扫描码=0x17), 持续 0.3s
[2026-09-29 12:28:25] DEBUG | 循环#39357 总耗时=404ms
[2026-09-29 12:28:25] DEBUG | 截图: 3840x2160, 耗时=77ms
[2026-09-29 12:28:25] DEBUG | 匹配[快速]: 游戏中 (5游戏中2（中上）.png), conf=0.867, 16ms
[2026-09-29 12:28:25] DEBUG | 循环#39358 总耗时=97ms
[2026-09-29 12:28:26] DEBUG | 截图: 3840x2160, 耗时=78ms
[2026-09-29 12:28:26] DEBUG | 匹配[快速]: 游戏中 (5游戏中2（中上）.png), conf=0.867, 17ms
[2026-09-29 12:28:26] DEBUG | 循环#39359 总耗时=99ms
[2026-09-29 12:28:26] DEBUG | 截图: 3840x2160, 耗时=83ms
[2026-09-29 12:28:26] DEBUG | 匹配[快速]: 游戏中 (5游戏中2（中上）.png), conf=0.867, 17ms
[2026-09-29 12:28:26] DEBUG | 循环#39360 总耗时=103ms
[2026-09-29 12:28:26] DEBUG | 截图: 3840x2160, 耗时=86ms
[2026-09-29 12:28:26] DEBUG | 匹配[快速]: 游戏中 (5游戏中2（中上）.png), conf=0.867, 16ms
[2026-09-29 12:28:26] DEBUG | 循环#39361 总耗时=106ms
[2026-09-29 12:28:27] DEBUG | 截图: 3840x2160, 耗时=85ms
[2026-09-29 12:28:27] DEBUG | 匹配[快速]: 游戏中 (5游戏中2（中上）.png), conf=0.867, 16ms
[2026-09-29 12:28:27] DEBUG | 循环#39362 总耗时=104ms
[2026-09-29 12:28:27] DEBUG | 截图: 3840x2160, 耗时=80ms
[2026-09-29 12:28:27] DEBUG | 匹配[快速]: 游戏中 (5游戏中2（中上）.png), conf=0.867, 17ms
[2026-09-29 12:28:27] DEBUG | 循环#39363 总耗时=100ms
[2026-09-29 12:28:27] DEBUG | 截图: 3840x2160, 耗时=84ms
[2026-09-29 12:28:27] DEBUG | 匹配[快速]: 游戏中 (5游戏中2（中上）.png), conf=0.867, 16ms
[2026-09-29 12:28:27] DEBUG | 循环#39364 总耗时=103ms
[2026-09-29 12:28:27] DEBUG | 截图: 3840x2160, 耗时=79ms
[2026-09-29 12:28:27] DEBUG | 匹配[快速]: 游戏中 (5游戏中2（中上）.png), conf=0.867, 17ms
[2026-09-29 12:28:27] DEBUG | 循环#39365 总耗时=99ms
[2026-09-29 12:28:28] DEBUG | 截图: 3840x2160, 耗时=79ms
[2026-09-29 12:28:28] DEBUG | 匹配[快速]: 游戏中 (5游戏中2（中上）.png), conf=0.867, 16ms
[2026-09-29 12:28:28] DEBUG | 循环#39366 总耗时=99ms
[2026-09-29 12:28:28] DEBUG | 截图: 3840x2160, 耗时=80ms
[2026-09-29 12:28:28] DEBUG | 匹配[快速]: 游戏中 (5游戏中2（中上）.png), conf=0.867, 17ms
[2026-09-29 12:28:28] INFO | [游戏中] 按I键
[2026-09-29 12:28:28] DEBUG | 按键 i: 三重发送开始 (scan=0x17, vk=0x49)
[2026-09-29 12:28:28] INFO | 按键: i(扫描码=0x17), 持续 0.3s
[2026-09-29 12:28:28] DEBUG | 循环#39367 总耗时=402ms
[2026-09-29 12:28:28] DEBUG | 截图: 3840x2160, 耗时=77ms
[2026-09-29 12:28:28] DEBUG | 匹配[快速]: 游戏中 (5游戏中2（中上）.png), conf=0.867, 18ms
[2026-09-29 12:28:28] DEBUG | 循环#39368 总耗时=98ms
[2026-09-29 12:28:29] DEBUG | 截图: 3840x2160, 耗时=76ms
[2026-09-29 12:28:29] DEBUG | 匹配[快速]: 游戏中 (5游戏中2（中上）.png), conf=0.867, 18ms
[2026-09-29 12:28:29] DEBUG | 循环#39369 总耗时=97ms
[2026-09-29 12:28:29] DEBUG | 截图: 3840x2160, 耗时=81ms
[2026-09-29 12:28:29] DEBUG | 匹配[快速]: 游戏中 (5游戏中2（中上）.png), conf=0.867, 16ms
[2026-09-29 12:28:29] DEBUG | 循环#39370 总耗时=100ms
[2026-09-29 12:28:29] DEBUG | 截图: 3840x2160, 耗时=75ms
[2026-09-29 12:28:29] DEBUG | 匹配[快速]: 游戏中 (5游戏中2（中上）.png), conf=0.867, 16ms
[2026-09-29 12:28:30] DEBUG | 循环#39371 总耗时=353ms
[2026-09-29 12:28:30] DEBUG | 截图: 3840x2160, 耗时=79ms
[2026-09-29 12:28:30] DEBUG | 匹配[快速]: 游戏中 (5游戏中2（中上）.png), conf=0.867, 17ms
[2026-09-29 12:28:30] DEBUG | 循环#39372 总耗时=99ms
[2026-09-29 12:28:30] DEBUG | 截图: 3840x2160, 耗时=79ms
[2026-09-29 12:28:30] DEBUG | 匹配[快速]: 游戏中 (5游戏中2（中上）.png), conf=0.867, 16ms
[2026-09-29 12:28:30] DEBUG | 循环#39373 总耗时=98ms
[2026-09-29 12:28:30] DEBUG | 截图: 3840x2160, 耗时=86ms
[2026-09-29 12:28:30] DEBUG | 匹配[快速]: 游戏中 (5游戏中2（中上）.png), conf=0.867, 18ms
[2026-09-29 12:28:30] DEBUG | 循环#39374 总耗时=108ms
[2026-09-29 12:28:31] DEBUG | 截图: 3840x2160, 耗时=81ms
[2026-09-29 12:28:31] DEBUG | 匹配[快速]: 游戏中 (5游戏中2（中上）.png), conf=0.867, 18ms
[2026-09-29 12:28:31] DEBUG | 循环#39375 总耗时=103ms
[2026-09-29 12:28:31] DEBUG | 截图: 3840x2160, 耗时=87ms
[2026-09-29 12:28:31] DEBUG | 匹配[快速]: 游戏中 (5游戏中2（中上）.png), conf=0.867, 19ms
[2026-09-29 12:28:31] DEBUG | 循环#39376 总耗时=108ms
[2026-09-29 12:28:31] DEBUG | 截图: 3840x2160, 耗时=88ms
[2026-09-29 12:28:31] DEBUG | 匹配[快速]: 游戏中 (5游戏中2（中上）.png), conf=0.867, 19ms
[2026-09-29 12:28:31] INFO | [游戏中] 按I键
[2026-09-29 12:28:31] DEBUG | 按键 i: 三重发送开始 (scan=0x17, vk=0x49)
[2026-09-29 12:28:32] INFO | 按键: i(扫描码=0x17), 持续 0.3s
[2026-09-29 12:28:32] DEBUG | 循环#39377 总耗时=413ms
[2026-09-29 12:28:32] DEBUG | 截图: 3840x2160, 耗时=79ms
[2026-09-29 12:28:32] DEBUG | 匹配[快速]: 游戏中 (5游戏中2（中上）.png), conf=0.867, 17ms
[2026-09-29 12:28:32] DEBUG | 循环#39378 总耗时=98ms
[2026-09-29 12:28:32] DEBUG | 截图: 3840x2160, 耗时=77ms
[2026-09-29 12:28:32] DEBUG | 匹配[快速]: 游戏中 (5游戏中2（中上）.png), conf=0.867, 17ms
[2026-09-29 12:28:32] DEBUG | 循环#39379 总耗时=97ms
[2026-09-29 12:28:32] DEBUG | 截图: 3840x2160, 耗时=84ms
[2026-09-29 12:28:32] DEBUG | 匹配[快速]: 游戏中 (5游戏中2（中上）.png), conf=0.867, 16ms
[2026-09-29 12:28:32] DEBUG | 循环#39380 总耗时=104ms
[2026-09-29 12:28:33] DEBUG | 截图: 3840x2160, 耗时=75ms
[2026-09-29 12:28:33] DEBUG | 匹配[快速]: 游戏中 (5游戏中2（中上）.png), conf=0.867, 16ms
[2026-09-29 12:28:33] DEBUG | 循环#39381 总耗时=94ms
[2026-09-29 12:28:33] DEBUG | 截图: 3840x2160, 耗时=83ms
[2026-09-29 12:28:33] DEBUG | 匹配[快速]: 游戏中 (5游戏中2（中上）.png), conf=0.867, 17ms
[2026-09-29 12:28:33] DEBUG | 循环#39382 总耗时=104ms
[2026-09-29 12:28:33] DEBUG | 截图: 3840x2160, 耗时=82ms
[2026-09-29 12:28:33] DEBUG | 匹配[快速]: 游戏中 (5游戏中2（中上）.png), conf=0.867, 16ms
[2026-09-29 12:28:33] DEBUG | 循环#39383 总耗时=102ms
[2026-09-29 12:28:33] DEBUG | 截图: 3840x2160, 耗时=88ms
[2026-09-29 12:28:33] DEBUG | 匹配[快速]: 游戏中 (5游戏中2（中上）.png), conf=0.867, 17ms
[2026-09-29 12:28:33] DEBUG | 循环#39384 总耗时=108ms
[2026-09-29 12:28:34] DEBUG | 截图: 3840x2160, 耗时=85ms
[2026-09-29 12:28:34] DEBUG | 匹配[快速]: 游戏中 (5游戏中2（中上）.png), conf=0.867, 16ms
[2026-09-29 12:28:34] DEBUG | 循环#39385 总耗时=104ms
[2026-09-29 12:28:34] DEBUG | 截图: 3840x2160, 耗时=82ms
[2026-09-29 12:28:34] DEBUG | 匹配[快速]: 游戏中 (5游戏中2（中上）.png), conf=0.867, 16ms
[2026-09-29 12:28:34] DEBUG | 循环#39386 总耗时=102ms
[2026-09-29 12:28:34] DEBUG | 截图: 3840x2160, 耗时=87ms
[2026-09-29 12:28:34] DEBUG | 匹配[快速]: 游戏中 (5游戏中2（中上）.png), conf=0.867, 17ms
[2026-09-29 12:28:34] INFO | [游戏中] 按I键
[2026-09-29 12:28:34] DEBUG | 按键 i: 三重发送开始 (scan=0x17, vk=0x49)
[2026-09-29 12:28:35] INFO | 按键: i(扫描码=0x17), 持续 0.3s
[2026-09-29 12:28:35] DEBUG | 循环#39387 总耗时=410ms
[2026-09-29 12:28:35] DEBUG | 截图: 3840x2160, 耗时=83ms
[2026-09-29 12:28:35] DEBUG | 匹配[快速]: 游戏中 (5游戏中2（中上）.png), conf=0.867, 17ms
[2026-09-29 12:28:35] DEBUG | 循环#39388 总耗时=103ms
[2026-09-29 12:28:35] DEBUG | 截图: 3840x2160, 耗时=83ms
[2026-09-29 12:28:35] DEBUG | 匹配[快速]: 游戏中 (5游戏中2（中上）.png), conf=0.867, 17ms
[2026-09-29 12:28:35] DEBUG | 循环#39389 总耗时=102ms
[2026-09-29 12:28:35] DEBUG | 截图: 3840x2160, 耗时=80ms
[2026-09-29 12:28:35] DEBUG | 匹配[快速]: 游戏中 (5游戏中2（中上）.png), conf=0.867, 17ms
[2026-09-29 12:28:35] DEBUG | 循环#39390 总耗时=101ms
[2026-09-29 12:28:36] DEBUG | 截图: 3840x2160, 耗时=76ms
[2026-09-29 12:28:36] DEBUG | 匹配[快速]: 游戏中 (5游戏中2（中上）.png), conf=0.867, 16ms
[2026-09-29 12:28:36] DEBUG | 循环#39391 总耗时=96ms
[2026-09-29 12:28:36] DEBUG | 截图: 3840x2160, 耗时=79ms
[2026-09-29 12:28:36] DEBUG | 匹配[快速]: 游戏中 (5游戏中2（中上）.png), conf=0.867, 17ms
[2026-09-29 12:28:36] DEBUG | 循环#39392 总耗时=99ms
[2026-09-29 12:28:36] DEBUG | 截图: 3840x2160, 耗时=81ms
[2026-09-29 12:28:36] DEBUG | 匹配[快速]: 游戏中 (5游戏中2（中上）.png), conf=0.867, 16ms
[2026-09-29 12:28:36] DEBUG | 循环#39393 总耗时=101ms
[2026-09-29 12:28:37] DEBUG | 截图: 3840x2160, 耗时=79ms
[2026-09-29 12:28:37] DEBUG | 匹配[快速]: 游戏中 (5游戏中2（中上）.png), conf=0.867, 16ms
[2026-09-29 12:28:37] DEBUG | 循环#39394 总耗时=98ms
[2026-09-29 12:28:37] DEBUG | 截图: 3840x2160, 耗时=81ms
[2026-09-29 12:28:37] DEBUG | 匹配[快速]: 游戏中 (5游戏中2（中上）.png), conf=0.867, 17ms
[2026-09-29 12:28:37] DEBUG | 循环#39395 总耗时=101ms
[2026-09-29 12:28:37] DEBUG | 截图: 3840x2160, 耗时=81ms
[2026-09-29 12:28:37] DEBUG | 匹配[快速]: 游戏中 (5游戏中2（中上）.png), conf=0.867, 16ms
[2026-09-29 12:28:37] DEBUG | 循环#39396 总耗时=100ms
[2026-09-29 12:28:37] DEBUG | 截图: 3840x2160, 耗时=79ms
[2026-09-29 12:28:37] DEBUG | 匹配[快速]: 游戏中 (5游戏中2（中上）.png), conf=0.867, 20ms
[2026-09-29 12:28:37] INFO | [游戏中] 按I键
[2026-09-29 12:28:37] DEBUG | 按键 i: 三重发送开始 (scan=0x17, vk=0x49)
[2026-09-29 12:28:38] INFO | 按键: i(扫描码=0x17), 持续 0.3s
[2026-09-29 12:28:38] DEBUG | 循环#39397 总耗时=404ms
[2026-09-29 12:28:38] DEBUG | 截图: 3840x2160, 耗时=83ms
[2026-09-29 12:28:38] DEBUG | 匹配[快速]: 游戏中 (5游戏中2（中上）.png), conf=0.867, 17ms
[2026-09-29 12:28:38] DEBUG | 循环#39398 总耗时=104ms
[2026-09-29 12:28:38] DEBUG | 截图: 3840x2160, 耗时=84ms
[2026-09-29 12:28:38] DEBUG | 匹配[快速]: 游戏中 (5游戏中2（中上）.png), conf=0.867, 16ms
[2026-09-29 12:28:38] DEBUG | 循环#39399 总耗时=104ms
[2026-09-29 12:28:38] DEBUG | 截图: 3840x2160, 耗时=85ms
[2026-09-29 12:28:38] DEBUG | 匹配[快速]: 游戏中 (5游戏中2（中上）.png), conf=0.867, 16ms
[2026-09-29 12:28:38] DEBUG | 循环#39400 总耗时=104ms
[2026-09-29 12:28:39] DEBUG | 截图: 3840x2160, 耗时=78ms
[2026-09-29 12:28:39] DEBUG | 匹配[快速]: 游戏中 (5游戏中2（中上）.png), conf=0.867, 16ms
[2026-09-29 12:28:39] DEBUG | 循环#39401 总耗时=98ms
[2026-09-29 12:28:39] DEBUG | 截图: 3840x2160, 耗时=85ms
[2026-09-29 12:28:39] DEBUG | 匹配[快速]: 游戏中 (5游戏中2（中上）.png), conf=0.867, 18ms
[2026-09-29 12:28:39] DEBUG | 循环#39402 总耗时=106ms
[2026-09-29 12:28:39] DEBUG | 截图: 3840x2160, 耗时=88ms
[2026-09-29 12:28:40] DEBUG | 匹配[未知], 最高=0.551, 387ms
[2026-09-29 12:28:40] DEBUG | 状态变化: 未知 (置信度=0.551)
[2026-09-29 12:28:40] DEBUG | 截图: 3840x2160, 耗时=92ms
[2026-09-29 12:28:41] DEBUG | 匹配[未知], 最高=0.673, 408ms
[2026-09-29 12:28:41] DEBUG | 截图: 3840x2160, 耗时=83ms
[2026-09-29 12:28:41] DEBUG | 匹配[未知], 最高=0.673, 424ms
[2026-09-29 12:28:42] DEBUG | 截图: 3840x2160, 耗时=80ms
[2026-09-29 12:28:42] DEBUG | 匹配[未知], 最高=0.673, 391ms
[2026-09-29 12:28:43] DEBUG | 截图: 3840x2160, 耗时=79ms
[2026-09-29 12:28:43] DEBUG | 匹配[未知], 最高=0.673, 389ms
[2026-09-29 12:28:43] DEBUG | 截图: 3840x2160, 耗时=76ms
[2026-09-29 12:28:44] DEBUG | 匹配[未知], 最高=0.673, 413ms
[2026-09-29 12:28:44] DEBUG | 截图: 3840x2160, 耗时=80ms
[2026-09-29 12:28:45] DEBUG | 匹配[未知], 最高=0.630, 444ms
[2026-09-29 12:28:45] DEBUG | 截图: 3840x2160, 耗时=84ms
[2026-09-29 12:28:45] DEBUG | 匹配[未知], 最高=0.611, 505ms
[2026-09-29 12:28:46] DEBUG | 截图: 3840x2160, 耗时=85ms
[2026-09-29 12:28:46] DEBUG | 匹配[未知], 最高=0.608, 375ms
[2026-09-29 12:28:47] DEBUG | 截图: 3840x2160, 耗时=85ms
[2026-09-29 12:28:47] DEBUG | 匹配[全量]: 结算界面1, conf=0.934, 430ms
[2026-09-29 12:28:47] DEBUG | 状态变化: 结算界面1 (置信度=0.934)
[2026-09-29 12:28:47] DEBUG | 截图: 3840x2160, 耗时=85ms
[2026-09-29 12:28:47] DEBUG | 匹配[快速]: 结算界面1 (6结算界面1（右下）.png), conf=0.933, 23ms
[2026-09-29 12:28:47] INFO | [结算界面1] 点击结算继续
[2026-09-29 12:28:48] INFO | 点击: (3163, 1816), 耗时=72ms
[2026-09-29 12:28:48] INFO | === 第 87 轮完成 ===
[2026-09-29 12:28:48] DEBUG | 循环#39413 总耗时=385ms
[2026-09-29 12:28:48] DEBUG | 截图: 3840x2160, 耗时=82ms
[2026-09-29 12:28:48] DEBUG | 匹配[快速]: 结算界面1 (6结算界面1（右下）.png), conf=0.851, 19ms
[2026-09-29 12:28:48] DEBUG | 循环#39414 总耗时=104ms
[2026-09-29 12:28:48] DEBUG | 截图: 3840x2160, 耗时=80ms
[2026-09-29 12:28:48] DEBUG | 匹配[快速]: 结算界面1 (6结算界面1（右下）.png), conf=0.937, 19ms
[2026-09-29 12:28:48] DEBUG | 循环#39415 总耗时=103ms
[2026-09-29 12:28:48] DEBUG | 截图: 3840x2160, 耗时=87ms
[2026-09-29 12:28:49] DEBUG | 匹配[未知], 最高=0.572, 339ms
[2026-09-29 12:28:49] DEBUG | 状态变化: 未知 (置信度=0.572)
[2026-09-29 12:28:49] DEBUG | 截图: 3840x2160, 耗时=89ms
[2026-09-29 12:28:50] DEBUG | 匹配[全量]: 结算界面2, conf=0.982, 491ms
[2026-09-29 12:28:50] DEBUG | 状态变化: 结算界面2 (置信度=0.982)
[2026-09-29 12:28:50] DEBUG | 截图: 3840x2160, 耗时=85ms
[2026-09-29 12:28:50] DEBUG | 匹配[快速]: 结算界面2 (6结算界面2（中上）.png), conf=0.986, 137ms
[2026-09-29 12:28:50] INFO | [结算界面2] 点击结算继续
[2026-09-29 12:28:50] INFO | 点击: (1916, 313), 耗时=75ms
[2026-09-29 12:28:50] DEBUG | 循环#39418 总耗时=501ms
[2026-09-29 12:28:51] DEBUG | 截图: 3840x2160, 耗时=84ms
[2026-09-29 12:28:51] DEBUG | 匹配[快速]: 结算界面2 (6结算界面2（中上）.png), conf=0.984, 138ms
[2026-09-29 12:28:51] DEBUG | 循环#39419 总耗时=226ms
[2026-09-29 12:28:51] DEBUG | 截图: 3840x2160, 耗时=86ms
[2026-09-29 12:28:51] DEBUG | 匹配[快速]: 结算界面2 (6结算界面2（中上）.png), conf=0.984, 142ms
[2026-09-29 12:28:51] DEBUG | 循环#39420 总耗时=233ms
[2026-09-29 12:28:51] DEBUG | 截图: 3840x2160, 耗时=78ms
[2026-09-29 12:28:51] DEBUG | 匹配[未知], 最高=0.622, 373ms
[2026-09-29 12:28:51] DEBUG | 状态变化: 未知 (置信度=0.622)
[2026-09-29 12:28:52] DEBUG | 截图: 3840x2160, 耗时=79ms
[2026-09-29 12:28:52] DEBUG | 匹配[未知], 最高=0.610, 420ms
[2026-09-29 12:28:53] DEBUG | 截图: 3840x2160, 耗时=115ms
[2026-09-29 12:28:53] DEBUG | 匹配[未知], 最高=0.610, 535ms
[2026-09-29 12:28:54] DEBUG | 截图: 3840x2160, 耗时=103ms
[2026-09-29 12:28:54] DEBUG | 匹配[未知], 最高=0.610, 502ms
[2026-09-29 12:28:55] DEBUG | 截图: 3840x2160, 耗时=75ms
[2026-09-29 12:28:55] DEBUG | 匹配[未知], 最高=0.610, 402ms
[2026-09-29 12:28:55] DEBUG | 截图: 3840x2160, 耗时=95ms
[2026-09-29 12:28:56] DEBUG | 匹配[未知], 最高=0.614, 423ms
[2026-09-29 12:28:56] DEBUG | 截图: 3840x2160, 耗时=78ms
[2026-09-29 12:28:57] DEBUG | 匹配[未知], 最高=0.614, 416ms
[2026-09-29 12:28:57] DEBUG | 截图: 3840x2160, 耗时=81ms
[2026-09-29 12:28:57] DEBUG | 匹配[全量]: 模式选择, conf=0.968, 242ms
[2026-09-29 12:28:57] DEBUG | 状态变化: 模式选择 (置信度=0.968)
[2026-09-29 12:28:58] DEBUG | 截图: 3840x2160, 耗时=79ms
[2026-09-29 12:28:58] DEBUG | 匹配[快速]: 模式选择 (2模式选择（右中）.png), conf=0.970, 209ms
[2026-09-29 12:28:58] INFO | [模式选择] 点击模式确认
[2026-09-29 12:28:58] INFO | 点击: (2995, 1017), 耗时=74ms
[2026-09-29 12:28:58] DEBUG | 循环#39429 总耗时=566ms
[2026-09-29 12:28:58] DEBUG | 截图: 3840x2160, 耗时=84ms
[2026-09-29 12:28:58] DEBUG | 匹配[快速]: 模式选择 (2模式选择（右中）.png), conf=0.970, 218ms
[2026-09-29 12:28:58] DEBUG | 循环#39430 总耗时=305ms
[2026-09-29 12:28:58] DEBUG | 截图: 3840x2160, 耗时=82ms
[2026-09-29 12:28:59] DEBUG | 匹配[未知], 最高=0.576, 315ms
[2026-09-29 12:28:59] DEBUG | 状态变化: 未知 (置信度=0.576)
[2026-09-29 12:28:59] DEBUG | 截图: 3840x2160, 耗时=77ms
[2026-09-29 12:29:00] DEBUG | 匹配[未知], 最高=0.667, 389ms
[2026-09-29 12:29:00] DEBUG | 截图: 3840x2160, 耗时=83ms
[2026-09-29 12:29:00] DEBUG | 匹配[未知], 最高=0.667, 391ms
[2026-09-29 12:29:01] DEBUG | 截图: 3840x2160, 耗时=83ms
[2026-09-29 12:29:01] DEBUG | 匹配[未知], 最高=0.667, 401ms
[2026-09-29 12:29:01] DEBUG | 截图: 3840x2160, 耗时=86ms
[2026-09-29 12:29:02] DEBUG | 匹配[未知], 最高=0.667, 391ms
[2026-09-29 12:29:02] DEBUG | 截图: 3840x2160, 耗时=81ms
[2026-09-29 12:29:03] DEBUG | 匹配[未知], 最高=0.667, 391ms
[2026-09-29 12:29:03] DEBUG | 截图: 3840x2160, 耗时=80ms
[2026-09-29 12:29:03] DEBUG | 匹配[未知], 最高=0.667, 388ms
[2026-09-29 12:29:04] DEBUG | 截图: 3840x2160, 耗时=80ms
[2026-09-29 12:29:04] DEBUG | 匹配[未知], 最高=0.667, 385ms
[2026-09-29 12:29:05] DEBUG | 截图: 3840x2160, 耗时=78ms
[2026-09-29 12:29:05] DEBUG | 匹配[未知], 最高=0.667, 386ms
[2026-09-29 12:29:05] DEBUG | 截图: 3840x2160, 耗时=77ms
[2026-09-29 12:29:06] DEBUG | 匹配[未知], 最高=0.667, 386ms
[2026-09-29 12:29:06] DEBUG | 截图: 3840x2160, 耗时=76ms
[2026-09-29 12:29:06] DEBUG | 匹配[未知], 最高=0.667, 385ms
[2026-09-29 12:29:07] DEBUG | 截图: 3840x2160, 耗时=80ms
[2026-09-29 12:29:07] DEBUG | 匹配[未知], 最高=0.667, 383ms
[2026-09-29 12:29:08] DEBUG | 截图: 3840x2160, 耗时=80ms
[2026-09-29 12:29:08] DEBUG | 匹配[未知], 最高=0.667, 387ms
[2026-09-29 12:29:08] DEBUG | 截图: 3840x2160, 耗时=77ms
[2026-09-29 12:29:09] DEBUG | 匹配[全量]: 开始匹配, conf=0.958, 145ms
[2026-09-29 12:29:09] DEBUG | 状态变化: 开始匹配 (置信度=0.958)
[2026-09-29 12:29:09] DEBUG | 截图: 3840x2160, 耗时=76ms
[2026-09-29 12:29:09] DEBUG | 匹配[快速]: 开始匹配 (3开始匹配（右下）.png), conf=0.958, 71ms
[2026-09-29 12:29:09] INFO | [开始匹配] 点击开始匹配
[2026-09-29 12:29:09] INFO | 点击: (3212, 1843), 耗时=77ms
[2026-09-29 12:29:09] DEBUG | 循环#39445 总耗时=428ms
[2026-09-29 12:29:09] DEBUG | 截图: 3840x2160, 耗时=77ms
[2026-09-29 12:29:09] DEBUG | 匹配[快速]: 开始匹配 (3开始匹配（右下）.png), conf=0.789, 71ms
[2026-09-29 12:29:09] DEBUG | 循环#39446 总耗时=152ms
[2026-09-29 12:29:10] DEBUG | 截图: 3840x2160, 耗时=76ms
[2026-09-29 12:29:10] DEBUG | 匹配[快速]: 开始匹配 (3开始匹配（右下）.png), conf=0.959, 74ms
[2026-09-29 12:29:10] DEBUG | 循环#39447 总耗时=153ms
[2026-09-29 12:29:10] DEBUG | 截图: 3840x2160, 耗时=80ms
[2026-09-29 12:29:10] DEBUG | 匹配[全量]: 匹配中, conf=0.905, 354ms
[2026-09-29 12:29:10] DEBUG | 状态变化: 匹配中 (置信度=0.905)
[2026-09-29 12:29:11] DEBUG | 截图: 3840x2160, 耗时=83ms
[2026-09-29 12:29:11] DEBUG | 匹配[快速]: 匹配中 (4匹配中（中上）.png), conf=0.929, 54ms
[2026-09-29 12:29:11] INFO | [匹配中] 等待匹配完成...
[2026-09-29 12:29:11] DEBUG | 循环#39449 总耗时=141ms
[2026-09-29 12:29:11] DEBUG | 截图: 3840x2160, 耗时=78ms
[2026-09-29 12:29:11] DEBUG | 匹配[快速]: 匹配中 (4匹配中（中上）.png), conf=0.929, 55ms
[2026-09-29 12:29:11] DEBUG | 循环#39450 总耗时=136ms
[2026-09-29 12:29:11] DEBUG | 截图: 3840x2160, 耗时=85ms
[2026-09-29 12:29:11] DEBUG | 匹配[快速]: 匹配中 (4匹配中（中上）.png), conf=0.931, 55ms
[2026-09-29 12:29:11] DEBUG | 循环#39451 总耗时=143ms
[2026-09-29 12:29:12] DEBUG | 截图: 3840x2160, 耗时=75ms
[2026-09-29 12:29:12] DEBUG | 匹配[快速]: 匹配中 (4匹配中（中上）.png), conf=0.929, 60ms
[2026-09-29 12:29:12] DEBUG | 循环#39452 总耗时=556ms
[2026-09-29 12:29:12] DEBUG | 截图: 3840x2160, 耗时=75ms
[2026-09-29 12:29:12] DEBUG | 匹配[快速]: 匹配中 (4匹配中（中上）.png), conf=0.925, 54ms
[2026-09-29 12:29:12] DEBUG | 循环#39453 总耗时=133ms
[2026-09-29 12:29:12] DEBUG | 截图: 3840x2160, 耗时=75ms
[2026-09-29 12:29:12] DEBUG | 匹配[快速]: 匹配中 (4匹配中（中上）.png), conf=0.923, 55ms
[2026-09-29 12:29:12] DEBUG | 循环#39454 总耗时=133ms
[2026-09-29 12:29:13] DEBUG | 截图: 3840x2160, 耗时=75ms
[2026-09-29 12:29:13] DEBUG | 匹配[快速]: 匹配中 (4匹配中（中上）.png), conf=0.924, 56ms
[2026-09-29 12:29:13] DEBUG | 循环#39455 总耗时=134ms
[2026-09-29 12:29:13] DEBUG | 截图: 3840x2160, 耗时=79ms
[2026-09-29 12:29:13] DEBUG | 匹配[快速]: 匹配中 (4匹配中（中上）.png), conf=0.923, 54ms
[2026-09-29 12:29:13] DEBUG | 循环#39456 总耗时=137ms
[2026-09-29 12:29:13] DEBUG | 截图: 3840x2160, 耗时=78ms
[2026-09-29 12:29:13] DEBUG | 匹配[快速]: 匹配中 (4匹配中（中上）.png), conf=0.922, 55ms
[2026-09-29 12:29:13] DEBUG | 循环#39457 总耗时=137ms
[2026-09-29 12:29:14] DEBUG | 截图: 3840x2160, 耗时=81ms
[2026-09-29 12:29:14] DEBUG | 匹配[快速]: 匹配中 (4匹配中（中上）.png), conf=0.925, 57ms
[2026-09-29 12:29:14] DEBUG | 循环#39458 总耗时=141ms
[2026-09-29 12:29:14] DEBUG | 截图: 3840x2160, 耗时=74ms
[2026-09-29 12:29:14] DEBUG | 匹配[快速]: 匹配中 (4匹配中（中上）.png), conf=0.921, 55ms
[2026-09-29 12:29:14] DEBUG | 循环#39459 总耗时=133ms
[2026-09-29 12:29:14] DEBUG | 截图: 3840x2160, 耗时=77ms
[2026-09-29 12:29:14] DEBUG | 匹配[快速]: 匹配中 (4匹配中（中上）.png), conf=0.922, 56ms
[2026-09-29 12:29:14] DEBUG | 循环#39460 总耗时=137ms
[2026-09-29 12:29:15] DEBUG | 截图: 3840x2160, 耗时=74ms
[2026-09-29 12:29:15] DEBUG | 匹配[快速]: 匹配中 (4匹配中（中上）.png), conf=0.923, 56ms
[2026-09-29 12:29:15] DEBUG | 循环#39461 总耗时=133ms
[2026-09-29 12:29:15] DEBUG | 截图: 3840x2160, 耗时=77ms
[2026-09-29 12:29:15] DEBUG | 匹配[快速]: 匹配中 (4匹配中（中上）.png), conf=0.921, 54ms
[2026-09-29 12:29:15] DEBUG | 循环#39462 总耗时=135ms
[2026-09-29 12:29:15] DEBUG | 截图: 3840x2160, 耗时=73ms
[2026-09-29 12:29:15] DEBUG | 匹配[快速]: 匹配中 (4匹配中（中上）.png), conf=0.924, 57ms
[2026-09-29 12:29:15] DEBUG | 循环#39463 总耗时=134ms
[2026-09-29 12:29:15] DEBUG | 截图: 3840x2160, 耗时=72ms
[2026-09-29 12:29:15] DEBUG | 匹配[快速]: 匹配中 (4匹配中（中上）.png), conf=0.923, 56ms
[2026-09-29 12:29:15] DEBUG | 循环#39464 总耗时=131ms
[2026-09-29 12:29:16] DEBUG | 截图: 3840x2160, 耗时=80ms
[2026-09-29 12:29:16] DEBUG | 匹配[快速]: 匹配中 (4匹配中（中上）.png), conf=0.921, 56ms
[2026-09-29 12:29:16] DEBUG | 循环#39465 总耗时=138ms
[2026-09-29 12:29:16] DEBUG | 截图: 3840x2160, 耗时=77ms
[2026-09-29 12:29:16] DEBUG | 匹配[快速]: 匹配中 (4匹配中（中上）.png), conf=0.923, 56ms
[2026-09-29 12:29:16] DEBUG | 循环#39466 总耗时=136ms
[2026-09-29 12:29:16] DEBUG | 截图: 3840x2160, 耗时=79ms
[2026-09-29 12:29:16] DEBUG | 匹配[快速]: 匹配中 (4匹配中（中上）.png), conf=0.921, 54ms
[2026-09-29 12:29:16] DEBUG | 循环#39467 总耗时=136ms
[2026-09-29 12:29:17] DEBUG | 截图: 3840x2160, 耗时=79ms
[2026-09-29 12:29:17] DEBUG | 匹配[快速]: 匹配中 (4匹配中（中上）.png), conf=0.922, 55ms
[2026-09-29 12:29:17] DEBUG | 循环#39468 总耗时=137ms
[2026-09-29 12:29:17] DEBUG | 截图: 3840x2160, 耗时=81ms
[2026-09-29 12:29:17] DEBUG | 匹配[快速]: 匹配中 (4匹配中（中上）.png), conf=0.927, 55ms
[2026-09-29 12:29:17] DEBUG | 循环#39469 总耗时=140ms
[2026-09-29 12:29:17] DEBUG | 截图: 3840x2160, 耗时=77ms
[2026-09-29 12:29:17] DEBUG | 匹配[快速]: 匹配中 (4匹配中（中上）.png), conf=0.924, 54ms
[2026-09-29 12:29:17] DEBUG | 循环#39470 总耗时=135ms
[2026-09-29 12:29:18] DEBUG | 截图: 3840x2160, 耗时=77ms
[2026-09-29 12:29:18] DEBUG | 匹配[快速]: 匹配中 (4匹配中（中上）.png), conf=0.927, 55ms
[2026-09-29 12:29:18] DEBUG | 循环#39471 总耗时=136ms
[2026-09-29 12:29:18] DEBUG | 截图: 3840x2160, 耗时=79ms
[2026-09-29 12:29:18] DEBUG | 匹配[全量]: 主界面模式选择, conf=0.910, 346ms
[2026-09-29 12:29:18] DEBUG | 状态变化: 主界面模式选择 (置信度=0.910)
[2026-09-29 12:29:19] DEBUG | 截图: 3840x2160, 耗时=219ms
[2026-09-29 12:29:19] DEBUG | 匹配[未知], 最高=0.587, 454ms
[2026-09-29 12:29:19] DEBUG | 状态变化: 未知 (置信度=0.587)
[2026-09-29 12:29:20] DEBUG | 截图: 3840x2160, 耗时=1011ms
[2026-09-29 12:29:21] DEBUG | 匹配[未知], 最高=0.000, 252ms
[2026-09-29 12:29:25] DEBUG | 截图: 1024x768, 耗时=2052ms
[2026-09-29 12:29:25] DEBUG | 匹配[未知], 最高=0.000, 10ms
[2026-09-29 12:29:25] DEBUG | 截图: 3840x2160, 耗时=100ms
[2026-09-29 12:29:25] DEBUG | 匹配[未知], 最高=0.687, 144ms
[2026-09-29 12:29:27] DEBUG | 截图: 3840x2160, 耗时=824ms
[2026-09-29 12:29:27] DEBUG | 匹配[未知], 最高=0.669, 433ms
[2026-09-29 12:29:27] DEBUG | 截图: 3840x2160, 耗时=100ms
[2026-09-29 12:29:28] DEBUG | 匹配[未知], 最高=0.669, 389ms
[2026-09-29 12:29:28] DEBUG | 截图: 3840x2160, 耗时=86ms
[2026-09-29 12:29:29] DEBUG | 匹配[未知], 最高=0.663, 356ms
[2026-09-29 12:29:29] DEBUG | 截图: 3840x2160, 耗时=86ms
[2026-09-29 12:29:29] DEBUG | 匹配[未知], 最高=0.659, 374ms
[2026-09-29 12:29:30] DEBUG | 截图: 3840x2160, 耗时=74ms
[2026-09-29 12:29:30] DEBUG | 匹配[未知], 最高=0.659, 354ms
[2026-09-29 12:29:30] DEBUG | 截图: 3840x2160, 耗时=72ms
[2026-09-29 12:29:31] DEBUG | 匹配[未知], 最高=0.659, 379ms
[2026-09-29 12:29:31] DEBUG | 截图: 3840x2160, 耗时=100ms
[2026-09-29 12:29:32] DEBUG | 匹配[未知], 最高=0.659, 524ms
[2026-09-29 12:29:32] DEBUG | 截图: 3840x2160, 耗时=97ms
[2026-09-29 12:29:33] DEBUG | 匹配[未知], 最高=0.659, 523ms
[2026-09-29 12:29:33] DEBUG | 截图: 3840x2160, 耗时=110ms
[2026-09-29 12:29:34] DEBUG | 匹配[未知], 最高=0.659, 510ms
[2026-09-29 12:29:34] DEBUG | 截图: 3840x2160, 耗时=78ms
[2026-09-29 12:29:34] DEBUG | 匹配[未知], 最高=0.659, 381ms
[2026-09-29 12:29:35] DEBUG | 截图: 3840x2160, 耗时=92ms
[2026-09-29 12:29:35] DEBUG | 匹配[未知], 最高=0.659, 387ms
[2026-09-29 12:29:36] DEBUG | 截图: 3840x2160, 耗时=96ms
[2026-09-29 12:29:36] DEBUG | 匹配[未知], 最高=0.659, 410ms
[2026-09-29 12:29:36] DEBUG | 截图: 3840x2160, 耗时=95ms
[2026-09-29 12:29:37] DEBUG | 匹配[未知], 最高=0.659, 412ms
[2026-09-29 12:29:37] DEBUG | 截图: 3840x2160, 耗时=84ms
[2026-09-29 12:29:37] DEBUG | 匹配[未知], 最高=0.609, 334ms
[2026-09-29 12:29:38] DEBUG | 截图: 3840x2160, 耗时=85ms
[2026-09-29 12:29:38] DEBUG | 匹配[未知], 最高=0.672, 281ms
[2026-09-29 12:29:39] DEBUG | 截图: 3840x2160, 耗时=90ms
[2026-09-29 12:29:39] DEBUG | 匹配[未知], 最高=0.671, 291ms
[2026-09-29 12:29:39] DEBUG | 截图: 3840x2160, 耗时=93ms
[2026-09-29 12:29:40] DEBUG | 匹配[未知], 最高=0.670, 300ms
[2026-09-29 12:29:40] DEBUG | 截图: 3840x2160, 耗时=89ms
[2026-09-29 12:29:40] DEBUG | 匹配[未知], 最高=0.670, 289ms
[2026-09-29 12:29:41] DEBUG | 截图: 3840x2160, 耗时=100ms
[2026-09-29 12:29:41] DEBUG | 匹配[未知], 最高=0.670, 367ms
[2026-09-29 12:29:41] DEBUG | 截图: 3840x2160, 耗时=95ms
[2026-09-29 12:29:42] DEBUG | 匹配[未知], 最高=0.670, 302ms
[2026-09-29 12:29:42] DEBUG | 截图: 3840x2160, 耗时=104ms
[2026-09-29 12:29:42] DEBUG | 匹配[未知], 最高=0.670, 297ms
[2026-09-29 12:29:43] DEBUG | 截图: 3840x2160, 耗时=106ms
[2026-09-29 12:29:43] DEBUG | 匹配[未知], 最高=0.670, 304ms
[2026-09-29 12:29:43] DEBUG | 截图: 3840x2160, 耗时=93ms
[2026-09-29 12:29:44] DEBUG | 匹配[未知], 最高=0.670, 298ms
[2026-09-29 12:29:44] DEBUG | 截图: 3840x2160, 耗时=79ms
[2026-09-29 12:29:44] DEBUG | 匹配[未知], 最高=0.670, 279ms
[2026-09-29 12:29:45] DEBUG | 截图: 3840x2160, 耗时=86ms
[2026-09-29 12:29:45] DEBUG | 匹配[未知], 最高=0.670, 276ms
[2026-09-29 12:29:46] DEBUG | 截图: 3840x2160, 耗时=94ms
[2026-09-29 12:29:46] DEBUG | 匹配[未知], 最高=0.670, 277ms
[2026-09-29 12:29:46] DEBUG | 截图: 3840x2160, 耗时=86ms
[2026-09-29 12:29:46] DEBUG | 匹配[未知], 最高=0.670, 275ms
[2026-09-29 12:29:47] DEBUG | 截图: 3840x2160, 耗时=81ms
[2026-09-29 12:29:47] DEBUG | 匹配[未知], 最高=0.672, 265ms
[2026-09-29 12:29:48] DEBUG | 截图: 3840x2160, 耗时=83ms
[2026-09-29 12:29:48] DEBUG | 匹配[未知], 最高=0.672, 284ms
[2026-09-29 12:29:48] DEBUG | 截图: 3840x2160, 耗时=87ms
[2026-09-29 12:29:48] DEBUG | 匹配[未知], 最高=0.672, 313ms
[2026-09-29 12:29:49] DEBUG | 截图: 3840x2160, 耗时=82ms
[2026-09-29 12:29:49] DEBUG | 匹配[未知], 最高=0.672, 323ms
[2026-09-29 12:29:50] DEBUG | 截图: 3840x2160, 耗时=89ms
[2026-09-29 12:29:50] INFO | === 已暂停 ===
[2026-09-29 12:29:50] DEBUG | 匹配[未知], 最高=0.672, 328ms
[2026-09-29 12:29:50] INFO | === 开始自动刷奖励 ===
[2026-09-29 12:29:50] WARNING | 无法激活窗口：窗口句柄无效
[2026-09-29 12:29:50] DEBUG | 检测线程启动
[2026-09-29 12:29:50] DEBUG | 截图: 3840x2160, 耗时=90ms
[2026-09-29 12:29:51] DEBUG | 截图: 3840x2160, 耗时=92ms
[2026-09-29 12:29:51] DEBUG | 匹配[未知], 最高=0.672, 388ms
[2026-09-29 12:29:51] DEBUG | 匹配[未知], 最高=0.672, 311ms
[2026-09-29 12:29:51] DEBUG | 截图: 3840x2160, 耗时=114ms
[2026-09-29 12:29:51] DEBUG | 截图: 3840x2160, 耗时=183ms
[2026-09-29 12:29:52] DEBUG | 匹配[未知], 最高=0.673, 380ms
[2026-09-29 12:29:52] DEBUG | 匹配[未知], 最高=0.673, 377ms
[2026-09-29 12:29:52] DEBUG | 截图: 3840x2160, 耗时=165ms
[2026-09-29 12:29:52] DEBUG | 截图: 3840x2160, 耗时=121ms
[2026-09-29 12:29:53] DEBUG | 匹配[未知], 最高=0.670, 483ms
[2026-09-29 12:29:53] DEBUG | 匹配[未知], 最高=0.670, 492ms
[2026-09-29 12:29:53] DEBUG | 截图: 3840x2160, 耗时=129ms
[2026-09-29 12:29:53] DEBUG | 截图: 3840x2160, 耗时=183ms
[2026-09-29 12:29:54] DEBUG | 匹配[未知], 最高=0.670, 416ms
[2026-09-29 12:29:54] DEBUG | 匹配[未知], 最高=0.670, 417ms
[2026-09-29 12:29:54] DEBUG | 截图: 3840x2160, 耗时=115ms
[2026-09-29 12:29:54] DEBUG | 截图: 3840x2160, 耗时=178ms
[2026-09-29 12:29:54] DEBUG | 匹配[未知], 最高=0.670, 453ms
[2026-09-29 12:29:54] DEBUG | 匹配[未知], 最高=0.670, 475ms
[2026-09-29 12:29:55] DEBUG | 截图: 3840x2160, 耗时=113ms
[2026-09-29 12:29:55] DEBUG | 截图: 3840x2160, 耗时=177ms
[2026-09-29 12:29:55] DEBUG | 匹配[未知], 最高=0.670, 543ms
[2026-09-29 12:29:55] DEBUG | 匹配[未知], 最高=0.670, 537ms
[2026-09-29 12:29:56] DEBUG | 截图: 3840x2160, 耗时=154ms
[2026-09-29 12:29:56] DEBUG | 截图: 3840x2160, 耗时=109ms
[2026-09-29 12:29:57] DEBUG | 匹配[未知], 最高=0.652, 580ms
[2026-09-29 12:29:57] DEBUG | 匹配[未知], 最高=0.652, 595ms
[2026-09-29 12:29:57] DEBUG | 截图: 3840x2160, 耗时=160ms
[2026-09-29 12:29:57] DEBUG | 截图: 3840x2160, 耗时=116ms
[2026-09-29 12:29:58] DEBUG | 匹配[未知], 最高=0.652, 602ms
[2026-09-29 12:29:58] DEBUG | 匹配[未知], 最高=0.652, 594ms
[2026-09-29 12:29:58] DEBUG | 截图: 3840x2160, 耗时=159ms
[2026-09-29 12:29:58] DEBUG | 截图: 3840x2160, 耗时=120ms
[2026-09-29 12:29:59] DEBUG | 匹配[未知], 最高=0.652, 565ms
[2026-09-29 12:29:59] DEBUG | 匹配[未知], 最高=0.652, 560ms
[2026-09-29 12:29:59] DEBUG | 截图: 3840x2160, 耗时=105ms
[2026-09-29 12:29:59] DEBUG | 截图: 3840x2160, 耗时=168ms
[2026-09-29 12:29:59] DEBUG | 匹配[未知], 最高=0.667, 385ms
[2026-09-29 12:29:59] DEBUG | 匹配[未知], 最高=0.670, 405ms
[2026-09-29 12:30:00] DEBUG | 截图: 3840x2160, 耗时=184ms
[2026-09-29 12:30:00] DEBUG | 截图: 3840x2160, 耗时=128ms
[2026-09-29 12:30:00] DEBUG | 匹配[未知], 最高=0.675, 381ms
[2026-09-29 12:30:00] DEBUG | 匹配[未知], 最高=0.675, 388ms
[2026-09-29 12:30:01] DEBUG | 截图: 3840x2160, 耗时=112ms
[2026-09-29 12:30:01] DEBUG | 截图: 3840x2160, 耗时=174ms
[2026-09-29 12:30:01] INFO | === 已暂停 ===
[2026-09-29 12:30:01] DEBUG | 匹配[未知], 最高=0.675, 414ms
[2026-09-29 12:30:01] DEBUG | 匹配[未知], 最高=0.675, 497ms
[2026-09-29 12:30:02] INFO | === 开始自动刷奖励 ===
[2026-09-29 12:30:02] WARNING | 无法激活窗口：窗口句柄无效
[2026-09-29 12:30:02] DEBUG | 检测线程启动
[2026-09-29 12:30:02] DEBUG | 截图: 3840x2160, 耗时=199ms
[2026-09-29 12:30:02] DEBUG | 截图: 3840x2160, 耗时=192ms
[2026-09-29 12:30:02] DEBUG | 截图: 3840x2160, 耗时=140ms
[2026-09-29 12:30:02] DEBUG | 匹配[未知], 最高=0.675, 439ms
[2026-09-29 12:30:02] DEBUG | 匹配[未知], 最高=0.675, 380ms
[2026-09-29 12:30:02] DEBUG | 匹配[未知], 最高=0.675, 377ms
[2026-09-29 12:30:03] DEBUG | 截图: 3840x2160, 耗时=227ms
[2026-09-29 12:30:03] DEBUG | 截图: 3840x2160, 耗时=136ms
[2026-09-29 12:30:03] DEBUG | 截图: 3840x2160, 耗时=190ms
[2026-09-29 12:30:03] DEBUG | 匹配[未知], 最高=0.675, 373ms
[2026-09-29 12:30:03] DEBUG | 匹配[未知], 最高=0.675, 375ms
[2026-09-29 12:30:03] DEBUG | 匹配[未知], 最高=0.675, 389ms
[2026-09-29 12:30:04] DEBUG | 截图: 3840x2160, 耗时=221ms
[2026-09-29 12:30:04] DEBUG | 截图: 3840x2160, 耗时=137ms
[2026-09-29 12:30:04] DEBUG | 截图: 3840x2160, 耗时=201ms
[2026-09-29 12:30:04] DEBUG | 匹配[未知], 最高=0.675, 327ms
[2026-09-29 12:30:04] DEBUG | 匹配[未知], 最高=0.675, 392ms
[2026-09-29 12:30:04] DEBUG | 匹配[未知], 最高=0.675, 378ms
[2026-09-29 12:30:04] DEBUG | 截图: 3840x2160, 耗时=188ms
[2026-09-29 12:30:04] DEBUG | 截图: 3840x2160, 耗时=108ms
[2026-09-29 12:30:05] DEBUG | 截图: 3840x2160, 耗时=168ms
[2026-09-29 12:30:05] INFO | === 已暂停 ===
[2026-09-29 12:30:05] DEBUG | 匹配[未知], 最高=0.675, 368ms
[2026-09-29 12:30:05] DEBUG | 匹配[未知], 最高=0.675, 318ms
[2026-09-29 12:30:05] DEBUG | 匹配[未知], 最高=0.675, 329ms
[2026-09-29 12:30:14] INFO | === 开始自动刷奖励 ===
[2026-09-29 12:30:14] WARNING | 无法激活窗口：窗口句柄无效
[2026-09-29 12:30:14] DEBUG | 检测线程启动
[2026-09-29 12:30:15] DEBUG | 截图: 3840x2160, 耗时=282ms
[2026-09-29 12:30:15] DEBUG | 截图: 3840x2160, 耗时=248ms
[2026-09-29 12:30:15] DEBUG | 截图: 3840x2160, 耗时=147ms
[2026-09-29 12:30:15] DEBUG | 截图: 3840x2160, 耗时=213ms
[2026-09-29 12:30:15] DEBUG | 匹配[全量]: 游戏中, conf=0.844, 333ms
[2026-09-29 12:30:15] DEBUG | 状态变化: 游戏中 (置信度=0.844)
[2026-09-29 12:30:15] DEBUG | 匹配[全量]: 游戏中, conf=0.844, 366ms
[2026-09-29 12:30:15] DEBUG | 匹配[全量]: 游戏中, conf=0.844, 342ms
[2026-09-29 12:30:15] DEBUG | 匹配[全量]: 游戏中, conf=0.844, 355ms
[2026-09-29 12:30:16] DEBUG | 截图: 3840x2160, 耗时=289ms
[2026-09-29 12:30:16] DEBUG | 截图: 3840x2160, 耗时=248ms
[2026-09-29 12:30:16] DEBUG | 截图: 3840x2160, 耗时=203ms
[2026-09-29 12:30:16] DEBUG | 截图: 3840x2160, 耗时=163ms
[2026-09-29 12:30:16] DEBUG | 匹配[快速]: 游戏中 (5游戏中2（中上）.png), conf=0.844, 43ms
[2026-09-29 12:30:16] INFO | [游戏中] 按I键
[2026-09-29 12:30:16] DEBUG | 按键 i: 三重发送开始 (scan=0x17, vk=0x49)
[2026-09-29 12:30:16] DEBUG | 匹配[快速]: 游戏中 (5游戏中2（中上）.png), conf=0.844, 57ms
[2026-09-29 12:30:16] DEBUG | 匹配[快速]: 游戏中 (5游戏中2（中上）.png), conf=0.844, 43ms
[2026-09-29 12:30:16] INFO | [游戏中] 按I键
[2026-09-29 12:30:16] INFO | [游戏中] 按I键
[2026-09-29 12:30:16] DEBUG | 按键 i: 三重发送开始 (scan=0x17, vk=0x49)
[2026-09-29 12:30:16] DEBUG | 按键 i: 三重发送开始 (scan=0x17, vk=0x49)
[2026-09-29 12:30:16] DEBUG | 匹配[快速]: 游戏中 (5游戏中2（中上）.png), conf=0.844, 38ms
[2026-09-29 12:30:16] INFO | [游戏中] 按I键
[2026-09-29 12:30:16] DEBUG | 按键 i: 三重发送开始 (scan=0x17, vk=0x49)
[2026-09-29 12:30:16] INFO | 按键: i(扫描码=0x17), 持续 0.3s
[2026-09-29 12:30:16] DEBUG | 循环#6 总耗时=604ms
[2026-09-29 12:30:16] INFO | 按键: i(扫描码=0x17), 持续 0.3s
[2026-09-29 12:30:16] DEBUG | 循环#18 总耗时=705ms
[2026-09-29 12:30:16] INFO | 按键: i(扫描码=0x17), 持续 0.3s
[2026-09-29 12:30:16] DEBUG | 循环#2 总耗时=655ms
[2026-09-29 12:30:16] INFO | 按键: i(扫描码=0x17), 持续 0.3s
[2026-09-29 12:30:16] DEBUG | 循环#39526 总耗时=676ms
[2026-09-29 12:30:16] DEBUG | 截图: 3840x2160, 耗时=250ms
[2026-09-29 12:30:16] DEBUG | 截图: 3840x2160, 耗时=214ms
[2026-09-29 12:30:16] DEBUG | 截图: 3840x2160, 耗时=185ms
[2026-09-29 12:30:16] DEBUG | 截图: 3840x2160, 耗时=128ms
[2026-09-29 12:30:16] DEBUG | 匹配[快速]: 游戏中 (5游戏中2（中上）.png), conf=0.844, 67ms
[2026-09-29 12:30:16] DEBUG | 循环#7 总耗时=320ms
[2026-09-29 12:30:16] DEBUG | 匹配[快速]: 游戏中 (5游戏中2（中上）.png), conf=0.844, 113ms
[2026-09-29 12:30:16] DEBUG | 循环#19 总耗时=331ms
[2026-09-29 12:30:16] DEBUG | 匹配[快速]: 游戏中 (5游戏中2（中上）.png), conf=0.844, 93ms
[2026-09-29 12:30:16] DEBUG | 循环#3 总耗时=342ms
[2026-09-29 12:30:16] DEBUG | 匹配[快速]: 游戏中 (5游戏中2（中上）.png), conf=0.844, 190ms
[2026-09-29 12:30:16] DEBUG | 循环#39527 总耗时=324ms
[2026-09-29 12:30:17] DEBUG | 截图: 3840x2160, 耗时=248ms
[2026-09-29 12:30:17] DEBUG | 截图: 3840x2160, 耗时=207ms
[2026-09-29 12:30:17] DEBUG | 截图: 3840x2160, 耗时=174ms
[2026-09-29 12:30:17] DEBUG | 截图: 3840x2160, 耗时=126ms
[2026-09-29 12:30:17] DEBUG | 匹配[快速]: 游戏中 (5游戏中2（中上）.png), conf=0.844, 72ms
[2026-09-29 12:30:17] DEBUG | 循环#8 总耗时=326ms
[2026-09-29 12:30:17] DEBUG | 匹配[快速]: 游戏中 (5游戏中2（中上）.png), conf=0.844, 108ms
[2026-09-29 12:30:17] DEBUG | 循环#20 总耗时=319ms
[2026-09-29 12:30:17] DEBUG | 匹配[快速]: 游戏中 (5游戏中2（中上）.png), conf=0.844, 147ms
[2026-09-29 12:30:17] DEBUG | 循环#4 总耗时=325ms
[2026-09-29 12:30:17] DEBUG | 截图: 3840x2160, 耗时=190ms
[2026-09-29 12:30:17] DEBUG | 匹配[快速]: 游戏中 (5游戏中2（中上）.png), conf=0.844, 204ms
[2026-09-29 12:30:17] DEBUG | 循环#39528 总耗时=334ms
[2026-09-29 12:30:17] DEBUG | 截图: 3840x2160, 耗时=199ms
[2026-09-29 12:30:17] DEBUG | 截图: 3840x2160, 耗时=173ms
[2026-09-29 12:30:17] DEBUG | 截图: 3840x2160, 耗时=114ms
[2026-09-29 12:30:17] DEBUG | 匹配[快速]: 游戏中 (5游戏中2（中上）.png), conf=0.844, 118ms
[2026-09-29 12:30:17] DEBUG | 循环#9 总耗时=316ms
[2026-09-29 12:30:17] DEBUG | 匹配[快速]: 游戏中 (5游戏中2（中上）.png), conf=0.844, 105ms
[2026-09-29 12:30:17] DEBUG | 循环#21 总耗时=311ms
[2026-09-29 12:30:17] DEBUG | 匹配[快速]: 游戏中 (5游戏中2（中上）.png), conf=0.844, 128ms
[2026-09-29 12:30:17] DEBUG | 循环#5 总耗时=307ms
[2026-09-29 12:30:17] DEBUG | 截图: 3840x2160, 耗时=174ms
[2026-09-29 12:30:17] DEBUG | 截图: 3840x2160, 耗时=156ms
[2026-09-29 12:30:17] DEBUG | 匹配[快速]: 游戏中 (5游戏中2（中上）.png), conf=0.844, 207ms
[2026-09-29 12:30:17] DEBUG | 循环#39529 总耗时=330ms
[2026-09-29 12:30:17] DEBUG | 截图: 3840x2160, 耗时=157ms
[2026-09-29 12:30:17] DEBUG | 匹配[快速]: 游戏中 (5游戏中2（中上）.png), conf=0.844, 109ms
[2026-09-29 12:30:17] DEBUG | 循环#10 总耗时=287ms
[2026-09-29 12:30:17] DEBUG | 截图: 3840x2160, 耗时=143ms
[2026-09-29 12:30:17] DEBUG | 匹配[快速]: 游戏中 (5游戏中2（中上）.png), conf=0.844, 145ms
[2026-09-29 12:30:17] DEBUG | 循环#22 总耗时=310ms
[2026-09-29 12:30:17] DEBUG | 匹配[快速]: 游戏中 (5游戏中2（中上）.png), conf=0.844, 145ms
[2026-09-29 12:30:17] DEBUG | 循环#6 总耗时=317ms
[2026-09-29 12:30:17] DEBUG | 截图: 3840x2160, 耗时=205ms
[2026-09-29 12:30:17] DEBUG | 截图: 3840x2160, 耗时=161ms
[2026-09-29 12:30:17] DEBUG | 匹配[快速]: 游戏中 (5游戏中2（中上）.png), conf=0.844, 185ms
[2026-09-29 12:30:17] DEBUG | 循环#39530 总耗时=331ms
[2026-09-29 12:30:18] DEBUG | 截图: 3840x2160, 耗时=169ms
[2026-09-29 12:30:18] DEBUG | 匹配[快速]: 游戏中 (5游戏中2（中上）.png), conf=0.844, 87ms
[2026-09-29 12:30:18] DEBUG | 循环#23 总耗时=263ms
[2026-09-29 12:30:18] DEBUG | 匹配[快速]: 游戏中 (5游戏中2（中上）.png), conf=0.844, 117ms
[2026-09-29 12:30:18] DEBUG | 循环#11 总耗时=329ms
[2026-09-29 12:30:18] DEBUG | 截图: 3840x2160, 耗时=188ms
[2026-09-29 12:30:18] DEBUG | 匹配[快速]: 游戏中 (5游戏中2（中上）.png), conf=0.844, 140ms
[2026-09-29 12:30:18] DEBUG | 循环#7 总耗时=313ms
[2026-09-29 12:30:18] DEBUG | 截图: 3840x2160, 耗时=148ms
[2026-09-29 12:30:18] DEBUG | 截图: 3840x2160, 耗时=209ms
[2026-09-29 12:30:18] DEBUG | 匹配[快速]: 游戏中 (5游戏中2（中上）.png), conf=0.844, 126ms
[2026-09-29 12:30:18] DEBUG | 循环#39531 总耗时=317ms
[2026-09-29 12:30:18] DEBUG | 截图: 3840x2160, 耗时=173ms
[2026-09-29 12:30:18] DEBUG | 匹配[快速]: 游戏中 (5游戏中2（中上）.png), conf=0.844, 104ms
[2026-09-29 12:30:18] DEBUG | 循环#24 总耗时=255ms
[2026-09-29 12:30:18] DEBUG | 匹配[快速]: 游戏中 (5游戏中2（中上）.png), conf=0.844, 96ms
[2026-09-29 12:30:18] DEBUG | 循环#12 总耗时=319ms
[2026-09-29 12:30:18] DEBUG | 截图: 3840x2160, 耗时=91ms
[2026-09-29 12:30:18] DEBUG | 匹配[快速]: 游戏中 (5游戏中2（中上）.png), conf=0.844, 137ms
[2026-09-29 12:30:18] DEBUG | 循环#8 总耗时=314ms
[2026-09-29 12:30:18] DEBUG | 截图: 3840x2160, 耗时=187ms
[2026-09-29 12:30:18] DEBUG | 截图: 3840x2160, 耗时=164ms
[2026-09-29 12:30:18] DEBUG | 截图: 3840x2160, 耗时=125ms
[2026-09-29 12:30:18] DEBUG | 匹配[快速]: 游戏中 (5游戏中2（中上）.png), conf=0.844, 177ms
[2026-09-29 12:30:18] DEBUG | 循环#39532 总耗时=324ms
[2026-09-29 12:30:18] DEBUG | 匹配[快速]: 游戏中 (5游戏中2（中上）.png), conf=0.844, 114ms
[2026-09-29 12:30:18] DEBUG | 循环#13 总耗时=310ms
[2026-09-29 12:30:18] DEBUG | 匹配[快速]: 游戏中 (5游戏中2（中上）.png), conf=0.844, 145ms
[2026-09-29 12:30:18] DEBUG | 截图: 3840x2160, 耗时=138ms
[2026-09-29 12:30:18] DEBUG | 循环#25 总耗时=322ms
[2026-09-29 12:30:18] DEBUG | 匹配[快速]: 游戏中 (5游戏中2（中上）.png), conf=0.844, 202ms
[2026-09-29 12:30:18] DEBUG | 循环#9 总耗时=330ms
[2026-09-29 12:30:18] DEBUG | 截图: 3840x2160, 耗时=196ms
[2026-09-29 12:30:18] DEBUG | 截图: 3840x2160, 耗时=157ms
[2026-09-29 12:30:18] DEBUG | 匹配[快速]: 游戏中 (5游戏中2（中上）.png), conf=0.844, 168ms
[2026-09-29 12:30:18] DEBUG | 循环#39533 总耗时=311ms
[2026-09-29 12:30:18] DEBUG | 截图: 3840x2160, 耗时=166ms
[2026-09-29 12:30:19] DEBUG | 匹配[快速]: 游戏中 (5游戏中2（中上）.png), conf=0.844, 110ms
[2026-09-29 12:30:19] DEBUG | 循环#14 总耗时=312ms
[2026-09-29 12:30:19] DEBUG | 匹配[快速]: 游戏中 (5游戏中2（中上）.png), conf=0.844, 146ms
[2026-09-29 12:30:19] DEBUG | 截图: 3840x2160, 耗时=141ms
[2026-09-29 12:30:19] DEBUG | 循环#26 总耗时=309ms
[2026-09-29 12:30:19] DEBUG | 匹配[快速]: 游戏中 (5游戏中2（中上）.png), conf=0.844, 152ms
[2026-09-29 12:30:19] DEBUG | 循环#10 总耗时=321ms
[2026-09-29 12:30:19] DEBUG | 截图: 3840x2160, 耗时=198ms
[2026-09-29 12:30:19] DEBUG | 截图: 3840x2160, 耗时=158ms
[2026-09-29 12:30:19] DEBUG | 匹配[快速]: 游戏中 (5游戏中2（中上）.png), conf=0.844, 178ms
[2026-09-29 12:30:19] DEBUG | 截图: 3840x2160, 耗时=113ms
[2026-09-29 12:30:19] INFO | [游戏中] 按I键
[2026-09-29 12:30:19] DEBUG | 按键 i: 三重发送开始 (scan=0x17, vk=0x49)
[2026-09-29 12:30:19] DEBUG | 匹配[快速]: 游戏中 (5游戏中2（中上）.png), conf=0.844, 61ms
[2026-09-29 12:30:19] INFO | [游戏中] 按I键
[2026-09-29 12:30:19] DEBUG | 按键 i: 三重发送开始 (scan=0x17, vk=0x49)
[2026-09-29 12:30:19] DEBUG | 匹配[快速]: 游戏中 (5游戏中2（中上）.png), conf=0.844, 38ms
[2026-09-29 12:30:19] INFO | [游戏中] 按I键
[2026-09-29 12:30:19] DEBUG | 按键 i: 三重发送开始 (scan=0x17, vk=0x49)
[2026-09-29 12:30:19] DEBUG | 匹配[快速]: 游戏中 (5游戏中2（中上）.png), conf=0.844, 29ms
[2026-09-29 12:30:19] INFO | [游戏中] 按I键
[2026-09-29 12:30:19] DEBUG | 按键 i: 三重发送开始 (scan=0x17, vk=0x49)
[2026-09-29 12:30:19] INFO | 按键: i(扫描码=0x17), 持续 0.3s
[2026-09-29 12:30:19] DEBUG | 循环#39534 总耗时=631ms
[2026-09-29 12:30:19] INFO | 按键: i(扫描码=0x17), 持续 0.3s
[2026-09-29 12:30:19] DEBUG | 循环#15 总耗时=606ms
[2026-09-29 12:30:19] INFO | 按键: i(扫描码=0x17), 持续 0.3s
[2026-09-29 12:30:19] INFO | 按键: i(扫描码=0x17), 持续 0.3s
[2026-09-29 12:30:19] DEBUG | 循环#11 总耗时=523ms
[2026-09-29 12:30:19] DEBUG | 循环#27 总耗时=588ms
[2026-09-29 12:30:19] DEBUG | 截图: 3840x2160, 耗时=257ms
[2026-09-29 12:30:19] DEBUG | 截图: 3840x2160, 耗时=231ms
[2026-09-29 12:30:19] DEBUG | 截图: 3840x2160, 耗时=189ms
[2026-09-29 12:30:19] DEBUG | 截图: 3840x2160, 耗时=132ms
[2026-09-29 12:30:19] DEBUG | 匹配[快速]: 游戏中 (5游戏中2（中上）.png), conf=0.844, 75ms
[2026-09-29 12:30:19] DEBUG | 循环#39535 总耗时=338ms
[2026-09-29 12:30:19] DEBUG | 匹配[快速]: 游戏中 (5游戏中2（中上）.png), conf=0.844, 101ms
[2026-09-29 12:30:19] DEBUG | 匹配[快速]: 游戏中 (5游戏中2（中上）.png), conf=0.844, 105ms
[2026-09-29 12:30:19] DEBUG | 循环#12 总耗时=293ms
[2026-09-29 12:30:19] DEBUG | 循环#16 总耗时=343ms
[2026-09-29 12:30:20] DEBUG | 匹配[快速]: 游戏中 (5游戏中2（中上）.png), conf=0.844, 202ms
[2026-09-29 12:30:20] DEBUG | 循环#28 总耗时=375ms
[2026-09-29 12:30:20] DEBUG | 截图: 3840x2160, 耗时=282ms
[2026-09-29 12:30:20] DEBUG | 截图: 3840x2160, 耗时=178ms
[2026-09-29 12:30:20] DEBUG | 截图: 3840x2160, 耗时=240ms
[2026-09-29 12:30:20] DEBUG | 截图: 3840x2160, 耗时=129ms
[2026-09-29 12:30:20] DEBUG | 匹配[快速]: 游戏中 (5游戏中2（中上）.png), conf=0.844, 66ms
[2026-09-29 12:30:20] DEBUG | 匹配[快速]: 游戏中 (5游戏中2（中上）.png), conf=0.844, 76ms
[2026-09-29 12:30:20] DEBUG | 循环#39536 总耗时=365ms
[2026-09-29 12:30:20] DEBUG | 循环#13 总耗时=252ms
[2026-09-29 12:30:20] DEBUG | 匹配[快速]: 游戏中 (5游戏中2（中上）.png), conf=0.844, 113ms
[2026-09-29 12:30:20] DEBUG | 循环#17 总耗时=357ms
[2026-09-29 12:30:20] DEBUG | 截图: 3840x2160, 耗时=198ms
[2026-09-29 12:30:20] DEBUG | 截图: 3840x2160, 耗时=107ms
[2026-09-29 12:30:20] DEBUG | 匹配[快速]: 游戏中 (5游戏中2（中上）.png), conf=0.844, 239ms
[2026-09-29 12:30:20] DEBUG | 截图: 3840x2160, 耗时=177ms
[2026-09-29 12:30:20] DEBUG | 循环#29 总耗时=375ms
[2026-09-29 12:30:20] DEBUG | 匹配[快速]: 游戏中 (5游戏中2（中上）.png), conf=0.844, 107ms
[2026-09-29 12:30:20] DEBUG | 匹配[快速]: 游戏中 (5游戏中2（中上）.png), conf=0.844, 98ms
[2026-09-29 12:30:20] DEBUG | 循环#39537 总耗时=309ms
[2026-09-29 12:30:20] DEBUG | 循环#14 总耗时=210ms
[2026-09-29 12:30:20] DEBUG | 截图: 3840x2160, 耗时=141ms
[2026-09-29 12:30:20] DEBUG | 匹配[快速]: 游戏中 (5游戏中2（中上）.png), conf=0.844, 153ms
[2026-09-29 12:30:20] DEBUG | 循环#18 总耗时=345ms
[2026-09-29 12:30:20] DEBUG | 截图: 3840x2160, 耗时=144ms
[2026-09-29 12:30:20] DEBUG | 匹配[快速]: 游戏中 (5游戏中2（中上）.png), conf=0.844, 152ms
[2026-09-29 12:30:20] DEBUG | 截图: 3840x2160, 耗时=135ms
[2026-09-29 12:30:20] DEBUG | 循环#30 总耗时=299ms
[2026-09-29 12:30:20] DEBUG | 截图: 3840x2160, 耗时=147ms
[2026-09-29 12:30:20] DEBUG | 匹配[快速]: 游戏中 (5游戏中2（中上）.png), conf=0.844, 162ms
[2026-09-29 12:30:20] DEBUG | 循环#39538 总耗时=310ms
[2026-09-29 12:30:20] DEBUG | 截图: 3840x2160, 耗时=142ms
[2026-09-29 12:30:20] DEBUG | 匹配[快速]: 游戏中 (5游戏中2（中上）.png), conf=0.844, 157ms
[2026-09-29 12:30:20] DEBUG | 循环#19 总耗时=299ms
[2026-09-29 12:30:21] DEBUG | 匹配[快速]: 游戏中 (5游戏中2（中上）.png), conf=0.844, 160ms
[2026-09-29 12:30:21] DEBUG | 截图: 3840x2160, 耗时=150ms
[2026-09-29 12:30:21] DEBUG | 循环#15 总耗时=314ms
[2026-09-29 12:30:21] DEBUG | 截图: 3840x2160, 耗时=151ms
[2026-09-29 12:30:21] DEBUG | 匹配[快速]: 游戏中 (5游戏中2（中上）.png), conf=0.844, 184ms
[2026-09-29 12:30:21] DEBUG | 循环#31 总耗时=333ms
[2026-09-29 12:30:21] DEBUG | 截图: 3840x2160, 耗时=154ms
[2026-09-29 12:30:21] DEBUG | 匹配[快速]: 游戏中 (5游戏中2（中上）.png), conf=0.844, 170ms
[2026-09-29 12:30:21] DEBUG | 循环#39539 总耗时=324ms
[2026-09-29 12:30:21] DEBUG | 截图: 3840x2160, 耗时=149ms
[2026-09-29 12:30:21] DEBUG | 匹配[快速]: 游戏中 (5游戏中2（中上）.png), conf=0.844, 178ms
[2026-09-29 12:30:21] DEBUG | 循环#20 总耗时=334ms
[2026-09-29 12:30:21] DEBUG | 匹配[快速]: 游戏中 (5游戏中2（中上）.png), conf=0.844, 170ms
[2026-09-29 12:30:21] DEBUG | 截图: 3840x2160, 耗时=160ms
[2026-09-29 12:30:21] DEBUG | 循环#16 总耗时=330ms
[2026-09-29 12:30:21] DEBUG | 匹配[快速]: 游戏中 (5游戏中2（中上）.png), conf=0.844, 165ms
[2026-09-29 12:30:21] DEBUG | 循环#32 总耗时=331ms
[2026-09-29 12:30:21] DEBUG | 截图: 3840x2160, 耗时=167ms
[2026-09-29 12:30:21] DEBUG | 截图: 3840x2160, 耗时=162ms
[2026-09-29 12:30:21] DEBUG | 匹配[快速]: 游戏中 (5游戏中2（中上）.png), conf=0.844, 175ms
[2026-09-29 12:30:21] DEBUG | 循环#39540 总耗时=338ms
[2026-09-29 12:30:21] DEBUG | 截图: 3840x2160, 耗时=145ms
[2026-09-29 12:30:21] DEBUG | 匹配[快速]: 游戏中 (5游戏中2（中上）.png), conf=0.844, 107ms
[2026-09-29 12:30:21] DEBUG | 循环#17 总耗时=276ms
[2026-09-29 12:30:21] DEBUG | 匹配[快速]: 游戏中 (5游戏中2（中上）.png), conf=0.844, 117ms
[2026-09-29 12:30:21] DEBUG | 截图: 3840x2160, 耗时=104ms
[2026-09-29 12:30:21] DEBUG | 循环#21 总耗时=349ms
[2026-09-29 12:30:21] DEBUG | 匹配[快速]: 游戏中 (5游戏中2（中上）.png), conf=0.844, 169ms
[2026-09-29 12:30:21] DEBUG | 循环#33 总耗时=321ms
[2026-09-29 12:30:21] DEBUG | 截图: 3840x2160, 耗时=199ms
[2026-09-29 12:30:21] DEBUG | 截图: 3840x2160, 耗时=165ms
[2026-09-29 12:30:21] DEBUG | 匹配[快速]: 游戏中 (5游戏中2（中上）.png), conf=0.844, 232ms
[2026-09-29 12:30:21] DEBUG | 循环#39541 总耗时=343ms
[2026-09-29 12:30:21] DEBUG | 截图: 3840x2160, 耗时=160ms
[2026-09-29 12:30:21] DEBUG | 匹配[快速]: 游戏中 (5游戏中2（中上）.png), conf=0.844, 123ms
[2026-09-29 12:30:21] DEBUG | 循环#22 总耗时=327ms
[2026-09-29 12:30:22] DEBUG | 匹配[快速]: 游戏中 (5游戏中2（中上）.png), conf=0.844, 161ms
[2026-09-29 12:30:22] DEBUG | 截图: 3840x2160, 耗时=148ms
[2026-09-29 12:30:22] DEBUG | 循环#18 总耗时=337ms
[2026-09-29 12:30:22] DEBUG | 匹配[快速]: 游戏中 (5游戏中2（中上）.png), conf=0.844, 155ms
[2026-09-29 12:30:22] DEBUG | 循环#34 总耗时=337ms
[2026-09-29 12:30:22] DEBUG | 截图: 3840x2160, 耗时=198ms
[2026-09-29 12:30:22] DEBUG | 截图: 3840x2160, 耗时=154ms
[2026-09-29 12:30:22] DEBUG | 匹配[快速]: 游戏中 (5游戏中2（中上）.png), conf=0.844, 181ms
[2026-09-29 12:30:22] DEBUG | 循环#39542 总耗时=334ms
[2026-09-29 12:30:22] DEBUG | 截图: 3840x2160, 耗时=148ms
[2026-09-29 12:30:22] DEBUG | 匹配[快速]: 游戏中 (5游戏中2（中上）.png), conf=0.844, 109ms
[2026-09-29 12:30:22] INFO | [游戏中] 按I键
[2026-09-29 12:30:22] DEBUG | 按键 i: 三重发送开始 (scan=0x17, vk=0x49)
[2026-09-29 12:30:22] DEBUG | 匹配[快速]: 游戏中 (5游戏中2（中上）.png), conf=0.844, 113ms
[2026-09-29 12:30:22] INFO | [游戏中] 按I键
[2026-09-29 12:30:22] DEBUG | 按键 i: 三重发送开始 (scan=0x17, vk=0x49)
[2026-09-29 12:30:22] DEBUG | 截图: 3840x2160, 耗时=96ms
[2026-09-29 12:30:22] DEBUG | 匹配[快速]: 游戏中 (5游戏中2（中上）.png), conf=0.844, 45ms
[2026-09-29 12:30:22] INFO | [游戏中] 按I键
[2026-09-29 12:30:22] DEBUG | 按键 i: 三重发送开始 (scan=0x17, vk=0x49)
[2026-09-29 12:30:22] DEBUG | 匹配[快速]: 游戏中 (5游戏中2（中上）.png), conf=0.844, 26ms
[2026-09-29 12:30:22] INFO | [游戏中] 按I键
[2026-09-29 12:30:22] DEBUG | 按键 i: 三重发送开始 (scan=0x17, vk=0x49)
[2026-09-29 12:30:22] INFO | 按键: i(扫描码=0x17), 持续 0.3s
[2026-09-29 12:30:22] DEBUG | 循环#23 总耗时=621ms
[2026-09-29 12:30:22] INFO | 按键: i(扫描码=0x17), 持续 0.3s
[2026-09-29 12:30:22] DEBUG | 循环#19 总耗时=616ms
[2026-09-29 12:30:22] INFO | 按键: i(扫描码=0x17), 持续 0.3s
[2026-09-29 12:30:22] INFO | 按键: i(扫描码=0x17), 持续 0.3s
[2026-09-29 12:30:22] DEBUG | 循环#35 总耗时=580ms
[2026-09-29 12:30:22] DEBUG | 循环#39543 总耗时=488ms
[2026-09-29 12:30:22] DEBUG | 截图: 3840x2160, 耗时=262ms
[2026-09-29 12:30:22] DEBUG | 截图: 3840x2160, 耗时=227ms
[2026-09-29 12:30:22] DEBUG | 截图: 3840x2160, 耗时=190ms
[2026-09-29 12:30:22] DEBUG | 截图: 3840x2160, 耗时=137ms
[2026-09-29 12:30:22] DEBUG | 匹配[快速]: 游戏中 (5游戏中2（中上）.png), conf=0.845, 52ms
[2026-09-29 12:30:22] DEBUG | 循环#20 总耗时=287ms
[2026-09-29 12:30:22] DEBUG | 匹配[快速]: 游戏中 (5游戏中2（中上）.png), conf=0.845, 58ms
[2026-09-29 12:30:22] DEBUG | 循环#24 总耗时=343ms
[2026-09-29 12:30:22] DEBUG | 匹配[快速]: 游戏中 (5游戏中2（中上）.png), conf=0.845, 43ms
[2026-09-29 12:30:23] DEBUG | 循环#36 总耗时=339ms
[2026-09-29 12:30:23] DEBUG | 匹配[快速]: 游戏中 (5游戏中2（中上）.png), conf=0.845, 184ms
[2026-09-29 12:30:23] DEBUG | 循环#39544 总耗时=325ms
[2026-09-29 12:30:23] DEBUG | 截图: 3840x2160, 耗时=213ms
[2026-09-29 12:30:23] DEBUG | 截图: 3840x2160, 耗时=283ms
[2026-09-29 12:30:23] DEBUG | 截图: 3840x2160, 耗时=193ms
[2026-09-29 12:30:23] DEBUG | 截图: 3840x2160, 耗时=142ms
[2026-09-29 12:30:23] DEBUG | 匹配[快速]: 游戏中 (5游戏中2（中上）.png), conf=0.845, 55ms
[2026-09-29 12:30:23] DEBUG | 循环#21 总耗时=275ms
[2026-09-29 12:30:23] DEBUG | 匹配[快速]: 游戏中 (5游戏中2（中上）.png), conf=0.845, 49ms
[2026-09-29 12:30:23] DEBUG | 循环#25 总耗时=335ms
[2026-09-29 12:30:23] DEBUG | 匹配[快速]: 游戏中 (5游戏中2（中上）.png), conf=0.845, 132ms
[2026-09-29 12:30:23] DEBUG | 循环#39545 总耗时=281ms
[2026-09-29 12:30:23] DEBUG | 匹配[快速]: 游戏中 (5游戏中2（中上）.png), conf=0.845, 144ms
[2026-09-29 12:30:23] DEBUG | 循环#37 总耗时=340ms
[2026-09-29 12:30:23] DEBUG | 截图: 3840x2160, 耗时=182ms
[2026-09-29 12:30:23] DEBUG | 截图: 3840x2160, 耗时=256ms
[2026-09-29 12:30:23] DEBUG | 截图: 3840x2160, 耗时=174ms
[2026-09-29 12:30:23] DEBUG | 截图: 3840x2160, 耗时=133ms
[2026-09-29 12:30:23] DEBUG | 匹配[快速]: 游戏中 (5游戏中2（中上）.png), conf=0.845, 76ms
[2026-09-29 12:30:23] DEBUG | 循环#22 总耗时=263ms
[2026-09-29 12:30:23] DEBUG | 匹配[快速]: 游戏中 (5游戏中2（中上）.png), conf=0.845, 62ms
[2026-09-29 12:30:23] DEBUG | 匹配[快速]: 游戏中 (5游戏中2（中上）.png), conf=0.846, 37ms
[2026-09-29 12:30:23] DEBUG | 循环#26 总耗时=325ms
[2026-09-29 12:30:23] DEBUG | 循环#38 总耗时=216ms
[2026-09-29 12:30:23] DEBUG | 匹配[快速]: 游戏中 (5游戏中2（中上）.png), conf=0.846, 155ms
[2026-09-29 12:30:23] DEBUG | 循环#39546 总耗时=294ms
[2026-09-29 12:30:23] DEBUG | 截图: 3840x2160, 耗时=194ms
[2026-09-29 12:30:23] DEBUG | 截图: 3840x2160, 耗时=205ms
[2026-09-29 12:30:23] DEBUG | 截图: 3840x2160, 耗时=115ms
[2026-09-29 12:30:23] DEBUG | 截图: 3840x2160, 耗时=181ms
[2026-09-29 12:30:23] DEBUG | 匹配[快速]: 游戏中 (5游戏中2（中上）.png), conf=0.847, 79ms
[2026-09-29 12:30:23] DEBUG | 循环#27 总耗时=330ms
[2026-09-29 12:30:24] DEBUG | 匹配[快速]: 游戏中 (5游戏中2（中上）.png), conf=0.847, 123ms
[2026-09-29 12:30:24] DEBUG | 循环#23 总耗时=333ms
[2026-09-29 12:30:24] DEBUG | 匹配[快速]: 游戏中 (5游戏中2（中上）.png), conf=0.847, 154ms
[2026-09-29 12:30:24] DEBUG | 循环#39 总耗时=274ms
[2026-09-29 12:30:24] DEBUG | 截图: 3840x2160, 耗时=146ms
[2026-09-29 12:30:24] DEBUG | 截图: 3840x2160, 耗时=110ms
[2026-09-29 12:30:24] DEBUG | 匹配[快速]: 游戏中 (5游戏中2（中上）.png), conf=0.847, 221ms
[2026-09-29 12:30:24] DEBUG | 循环#39547 总耗时=406ms
[2026-09-29 12:30:24] DEBUG | 截图: 3840x2160, 耗时=148ms
[2026-09-29 12:30:24] DEBUG | 匹配[快速]: 游戏中 (5游戏中2（中上）.png), conf=0.847, 164ms
[2026-09-29 12:30:24] DEBUG | 循环#28 总耗时=319ms
[2026-09-29 12:30:24] DEBUG | 截图: 3840x2160, 耗时=163ms
[2026-09-29 12:30:24] DEBUG | 匹配[快速]: 游戏中 (5游戏中2（中上）.png), conf=0.847, 231ms
[2026-09-29 12:30:24] DEBUG | 循环#24 总耗时=358ms
[2026-09-29 12:30:24] DEBUG | 截图: 3840x2160, 耗时=158ms
[2026-09-29 12:30:24] DEBUG | 匹配[快速]: 游戏中 (5游戏中2（中上）.png), conf=0.848, 175ms
[2026-09-29 12:30:24] DEBUG | 循环#40 总耗时=327ms
[2026-09-29 12:30:24] DEBUG | 匹配[快速]: 游戏中 (5游戏中2（中上）.png), conf=0.848, 160ms
[2026-09-29 12:30:24] DEBUG | 循环#39548 总耗时=327ms
[2026-09-29 12:30:24] DEBUG | 截图: 3840x2160, 耗时=196ms
[2026-09-29 12:30:24] DEBUG | 截图: 3840x2160, 耗时=152ms
[2026-09-29 12:30:24] DEBUG | 匹配[快速]: 游戏中 (5游戏中2（中上）.png), conf=0.848, 165ms
[2026-09-29 12:30:24] DEBUG | 循环#29 总耗时=333ms
[2026-09-29 12:30:24] DEBUG | 截图: 3840x2160, 耗时=158ms
[2026-09-29 12:30:24] DEBUG | 匹配[快速]: 游戏中 (5游戏中2（中上）.png), conf=0.848, 125ms
[2026-09-29 12:30:24] DEBUG | 循环#25 总耗时=326ms
[2026-09-29 12:30:24] DEBUG | 截图: 3840x2160, 耗时=142ms
[2026-09-29 12:30:24] DEBUG | 匹配[快速]: 游戏中 (5游戏中2（中上）.png), conf=0.848, 159ms
[2026-09-29 12:30:24] DEBUG | 匹配[快速]: 游戏中 (5游戏中2（中上）.png), conf=0.848, 100ms
[2026-09-29 12:30:24] DEBUG | 循环#41 总耗时=315ms
[2026-09-29 12:30:24] DEBUG | 循环#39549 总耗时=262ms
[2026-09-29 12:30:24] DEBUG | 截图: 3840x2160, 耗时=166ms
[2026-09-29 12:30:24] DEBUG | 匹配[快速]: 游戏中 (5游戏中2（中上）.png), conf=0.848, 159ms
[2026-09-29 12:30:24] DEBUG | 循环#30 总耗时=307ms
[2026-09-29 12:30:24] DEBUG | 截图: 3840x2160, 耗时=205ms
[2026-09-29 12:30:25] DEBUG | 截图: 3840x2160, 耗时=155ms
[2026-09-29 12:30:25] DEBUG | 截图: 3840x2160, 耗时=116ms
[2026-09-29 12:30:25] DEBUG | 匹配[快速]: 游戏中 (5游戏中2（中上）.png), conf=0.848, 180ms
[2026-09-29 12:30:25] DEBUG | 循环#26 总耗时=350ms
[2026-09-29 12:30:25] DEBUG | 匹配[快速]: 游戏中 (5游戏中2（中上）.png), conf=0.848, 126ms
[2026-09-29 12:30:25] DEBUG | 循环#42 总耗时=336ms
[2026-09-29 12:30:25] DEBUG | 匹配[快速]: 游戏中 (5游戏中2（中上）.png), conf=0.848, 156ms
[2026-09-29 12:30:25] DEBUG | 匹配[快速]: 游戏中 (5游戏中2（中上）.png), conf=0.848, 159ms
[2026-09-29 12:30:25] DEBUG | 循环#39550 总耗时=328ms
[2026-09-29 12:30:25] DEBUG | 循环#31 总耗时=279ms
[2026-09-29 12:30:25] DEBUG | 截图: 3840x2160, 耗时=209ms
[2026-09-29 12:30:25] DEBUG | 截图: 3840x2160, 耗时=163ms
[2026-09-29 12:30:25] DEBUG | 截图: 3840x2160, 耗时=145ms
[2026-09-29 12:30:25] DEBUG | 匹配[快速]: 游戏中 (5游戏中2（中上）.png), conf=0.848, 117ms
[2026-09-29 12:30:25] DEBUG | 截图: 3840x2160, 耗时=100ms
[2026-09-29 12:30:25] INFO | [游戏中] 按I键
[2026-09-29 12:30:25] DEBUG | 按键 i: 三重发送开始 (scan=0x17, vk=0x49)
[2026-09-29 12:30:25] DEBUG | 匹配[快速]: 游戏中 (5游戏中2（中上）.png), conf=0.848, 113ms
[2026-09-29 12:30:25] INFO | [游戏中] 按I键
[2026-09-29 12:30:25] DEBUG | 按键 i: 三重发送开始 (scan=0x17, vk=0x49)
[2026-09-29 12:30:25] DEBUG | 匹配[快速]: 游戏中 (5游戏中2（中上）.png), conf=0.848, 50ms
[2026-09-29 12:30:25] INFO | [游戏中] 按I键
[2026-09-29 12:30:25] DEBUG | 按键 i: 三重发送开始 (scan=0x17, vk=0x49)
[2026-09-29 12:30:25] DEBUG | 匹配[快速]: 游戏中 (5游戏中2（中上）.png), conf=0.848, 29ms
[2026-09-29 12:30:25] INFO | [游戏中] 按I键
[2026-09-29 12:30:25] DEBUG | 按键 i: 三重发送开始 (scan=0x17, vk=0x49)
[2026-09-29 12:30:25] INFO | 按键: i(扫描码=0x17), 持续 0.3s
[2026-09-29 12:30:25] DEBUG | 循环#27 总耗时=639ms
[2026-09-29 12:30:25] INFO | 按键: i(扫描码=0x17), 持续 0.3s
[2026-09-29 12:30:25] DEBUG | 循环#43 总耗时=631ms
[2026-09-29 12:30:25] INFO | 按键: i(扫描码=0x17), 持续 0.3s
[2026-09-29 12:30:25] INFO | 按键: i(扫描码=0x17), 持续 0.3s
[2026-09-29 12:30:25] DEBUG | 循环#32 总耗时=510ms
[2026-09-29 12:30:25] DEBUG | 循环#39551 总耗时=592ms
[2026-09-29 12:30:25] DEBUG | 截图: 3840x2160, 耗时=279ms
[2026-09-29 12:30:25] DEBUG | 截图: 3840x2160, 耗时=186ms
[2026-09-29 12:30:25] DEBUG | 截图: 3840x2160, 耗时=248ms
[2026-09-29 12:30:25] DEBUG | 截图: 3840x2160, 耗时=149ms
[2026-09-29 12:30:26] DEBUG | 匹配[快速]: 游戏中 (5游戏中2（中上）.png), conf=0.848, 63ms
[2026-09-29 12:30:26] DEBUG | 循环#28 总耗时=349ms
[2026-09-29 12:30:26] DEBUG | 匹配[快速]: 游戏中 (5游戏中2（中上）.png), conf=0.848, 47ms
[2026-09-29 12:30:26] DEBUG | 匹配[快速]: 游戏中 (5游戏中2（中上）.png), conf=0.848, 114ms
[2026-09-29 12:30:26] DEBUG | 循环#44 总耗时=359ms
[2026-09-29 12:30:26] DEBUG | 循环#33 总耗时=307ms
[2026-09-29 12:30:26] DEBUG | 匹配[快速]: 游戏中 (5游戏中2（中上）.png), conf=0.848, 152ms
[2026-09-29 12:30:26] DEBUG | 循环#39552 总耗时=369ms
[2026-09-29 12:30:26] DEBUG | 截图: 3840x2160, 耗时=274ms
[2026-09-29 12:30:26] DEBUG | 截图: 3840x2160, 耗时=239ms
[2026-09-29 12:30:26] DEBUG | 截图: 3840x2160, 耗时=198ms
[2026-09-29 12:30:26] DEBUG | 截图: 3840x2160, 耗时=144ms
[2026-09-29 12:30:26] DEBUG | 匹配[快速]: 游戏中 (5游戏中2（中上）.png), conf=0.848, 44ms
[2026-09-29 12:30:26] DEBUG | 匹配[快速]: 游戏中 (5游戏中2（中上）.png), conf=0.848, 63ms
[2026-09-29 12:30:26] DEBUG | 循环#29 总耗时=349ms
[2026-09-29 12:30:26] DEBUG | 循环#45 总耗时=288ms
[2026-09-29 12:30:26] DEBUG | 匹配[快速]: 游戏中 (5游戏中2（中上）.png), conf=0.848, 93ms
[2026-09-29 12:30:26] DEBUG | 循环#34 总耗时=296ms
[2026-09-29 12:30:26] DEBUG | 截图: 3840x2160, 耗时=194ms
[2026-09-29 12:30:26] DEBUG | 匹配[快速]: 游戏中 (5游戏中2（中上）.png), conf=0.848, 215ms
[2026-09-29 12:30:26] DEBUG | 循环#39553 总耗时=395ms
[2026-09-29 12:30:26] DEBUG | 截图: 3840x2160, 耗时=220ms
[2026-09-29 12:30:26] DEBUG | 截图: 3840x2160, 耗时=170ms
[2026-09-29 12:30:26] DEBUG | 匹配[快速]: 游戏中 (5游戏中2（中上）.png), conf=0.848, 131ms
[2026-09-29 12:30:26] DEBUG | 截图: 3840x2160, 耗时=106ms
[2026-09-29 12:30:26] DEBUG | 循环#30 总耗时=333ms
[2026-09-29 12:30:26] DEBUG | 匹配[快速]: 游戏中 (5游戏中2（中上）.png), conf=0.848, 102ms
[2026-09-29 12:30:26] DEBUG | 循环#46 总耗时=327ms
[2026-09-29 12:30:26] DEBUG | 匹配[快速]: 游戏中 (5游戏中2（中上）.png), conf=0.848, 154ms
[2026-09-29 12:30:26] DEBUG | 循环#35 总耗时=328ms
[2026-09-29 12:30:26] DEBUG | 截图: 3840x2160, 耗时=159ms
[2026-09-29 12:30:26] DEBUG | 截图: 3840x2160, 耗时=226ms
[2026-09-29 12:30:26] DEBUG | 截图: 3840x2160, 耗时=119ms
[2026-09-29 12:30:26] DEBUG | 匹配[快速]: 游戏中 (5游戏中2（中上）.png), conf=0.848, 243ms
[2026-09-29 12:30:26] DEBUG | 循环#39554 总耗时=354ms
[2026-09-29 12:30:27] DEBUG | 匹配[快速]: 游戏中 (5游戏中2（中上）.png), conf=0.848, 117ms
[2026-09-29 12:30:27] DEBUG | 循环#47 总耗时=280ms
[2026-09-29 12:30:27] DEBUG | 截图: 3840x2160, 耗时=99ms
[2026-09-29 12:30:27] DEBUG | 匹配[快速]: 游戏中 (5游戏中2（中上）.png), conf=0.848, 114ms
[2026-09-29 12:30:27] DEBUG | 匹配[快速]: 游戏中 (5游戏中2（中上）.png), conf=0.848, 108ms
[2026-09-29 12:30:27] DEBUG | 循环#31 总耗时=346ms
[2026-09-29 12:30:27] DEBUG | 循环#36 总耗时=230ms
[2026-09-29 12:30:27] DEBUG | 截图: 3840x2160, 耗时=142ms
[2026-09-29 12:30:27] DEBUG | 截图: 3840x2160, 耗时=103ms
[2026-09-29 12:30:27] DEBUG | 匹配[快速]: 游戏中 (5游戏中2（中上）.png), conf=0.848, 159ms
[2026-09-29 12:30:27] DEBUG | 循环#39555 总耗时=261ms
[2026-09-29 12:30:27] DEBUG | 匹配[快速]: 游戏中 (5游戏中2（中上）.png), conf=0.848, 141ms
[2026-09-29 12:30:27] DEBUG | 循环#32 总耗时=286ms
[2026-09-29 12:30:27] DEBUG | 匹配[快速]: 游戏中 (5游戏中2（中上）.png), conf=0.848, 209ms
[2026-09-29 12:30:27] DEBUG | 循环#48 总耗时=316ms
[2026-09-29 12:30:27] DEBUG | 截图: 3840x2160, 耗时=261ms
[2026-09-29 12:30:27] DEBUG | 截图: 3840x2160, 耗时=229ms
[2026-09-29 12:30:27] DEBUG | 截图: 3840x2160, 耗时=165ms
[2026-09-29 12:30:27] DEBUG | 截图: 3840x2160, 耗时=126ms
[2026-09-29 12:30:27] DEBUG | 匹配[快速]: 游戏中 (5游戏中2（中上）.png), conf=0.847, 72ms
[2026-09-29 12:30:27] DEBUG | 循环#37 总耗时=337ms
[2026-09-29 12:30:27] DEBUG | 匹配[快速]: 游戏中 (5游戏中2（中上）.png), conf=0.847, 105ms
[2026-09-29 12:30:27] DEBUG | 循环#39556 总耗时=342ms
[2026-09-29 12:30:27] DEBUG | 匹配[快速]: 游戏中 (5游戏中2（中上）.png), conf=0.847, 141ms
[2026-09-29 12:30:27] DEBUG | 循环#33 总耗时=312ms
[2026-09-29 12:30:27] DEBUG | 匹配[快速]: 游戏中 (5游戏中2（中上）.png), conf=0.847, 213ms
[2026-09-29 12:30:27] DEBUG | 截图: 3840x2160, 耗时=204ms
[2026-09-29 12:30:27] DEBUG | 循环#49 总耗时=346ms
[2026-09-29 12:30:27] DEBUG | 截图: 3840x2160, 耗时=224ms
[2026-09-29 12:30:27] DEBUG | 截图: 3840x2160, 耗时=185ms
[2026-09-29 12:30:27] DEBUG | 截图: 3840x2160, 耗时=122ms
[2026-09-29 12:30:27] DEBUG | 匹配[快速]: 游戏中 (5游戏中2（中上）.png), conf=0.847, 54ms
[2026-09-29 12:30:27] DEBUG | 循环#39557 总耗时=282ms
[2026-09-29 12:30:27] DEBUG | 匹配[快速]: 游戏中 (5游戏中2（中上）.png), conf=0.847, 132ms
[2026-09-29 12:30:27] DEBUG | 循环#38 总耗时=339ms
[2026-09-29 12:30:28] DEBUG | 匹配[快速]: 游戏中 (5游戏中2（中上）.png), conf=0.847, 159ms
[2026-09-29 12:30:28] DEBUG | 循环#34 总耗时=349ms
[2026-09-29 12:30:28] DEBUG | 截图: 3840x2160, 耗时=218ms
[2026-09-29 12:30:28] DEBUG | 截图: 3840x2160, 耗时=187ms
[2026-09-29 12:30:28] DEBUG | 匹配[快速]: 游戏中 (5游戏中2（中上）.png), conf=0.847, 248ms
[2026-09-29 12:30:28] DEBUG | 循环#50 总耗时=378ms
[2026-09-29 12:30:28] DEBUG | 截图: 3840x2160, 耗时=189ms
[2026-09-29 12:30:28] DEBUG | 匹配[快速]: 游戏中 (5游戏中2（中上）.png), conf=0.847, 119ms
[2026-09-29 12:30:28] DEBUG | 循环#39 总耗时=341ms
[2026-09-29 12:30:28] DEBUG | 截图: 3840x2160, 耗时=152ms
[2026-09-29 12:30:28] DEBUG | 匹配[快速]: 游戏中 (5游戏中2（中上）.png), conf=0.847, 162ms
[2026-09-29 12:30:28] DEBUG | 循环#39558 总耗时=352ms
[2026-09-29 12:30:28] DEBUG | 匹配[快速]: 游戏中 (5游戏中2（中上）.png), conf=0.847, 159ms
[2026-09-29 12:30:28] DEBUG | 循环#35 总耗时=353ms
[2026-09-29 12:30:28] DEBUG | 截图: 3840x2160, 耗时=201ms
[2026-09-29 12:30:28] DEBUG | 截图: 3840x2160, 耗时=165ms
[2026-09-29 12:30:28] DEBUG | 匹配[快速]: 游戏中 (5游戏中2（中上）.png), conf=0.847, 183ms
[2026-09-29 12:30:28] DEBUG | 截图: 3840x2160, 耗时=111ms
[2026-09-29 12:30:28] INFO | [游戏中] 按I键
[2026-09-29 12:30:28] DEBUG | 按键 i: 三重发送开始 (scan=0x17, vk=0x49)
[2026-09-29 12:30:28] DEBUG | 匹配[快速]: 游戏中 (5游戏中2（中上）.png), conf=0.847, 61ms
[2026-09-29 12:30:28] INFO | [游戏中] 按I键
[2026-09-29 12:30:28] DEBUG | 按键 i: 三重发送开始 (scan=0x17, vk=0x49)
[2026-09-29 12:30:28] DEBUG | 匹配[快速]: 游戏中 (5游戏中2（中上）.png), conf=0.847, 43ms
[2026-09-29 12:30:28] INFO | [游戏中] 按I键
[2026-09-29 12:30:28] DEBUG | 按键 i: 三重发送开始 (scan=0x17, vk=0x49)
[2026-09-29 12:30:28] DEBUG | 匹配[快速]: 游戏中 (5游戏中2（中上）.png), conf=0.847, 33ms
[2026-09-29 12:30:28] INFO | [游戏中] 按I键
[2026-09-29 12:30:28] DEBUG | 按键 i: 三重发送开始 (scan=0x17, vk=0x49)
[2026-09-29 12:30:28] INFO | 按键: i(扫描码=0x17), 持续 0.3s
[2026-09-29 12:30:28] DEBUG | 循环#51 总耗时=650ms
[2026-09-29 12:30:28] INFO | 按键: i(扫描码=0x17), 持续 0.3s
[2026-09-29 12:30:28] DEBUG | 循环#40 总耗时=607ms
[2026-09-29 12:30:28] INFO | 按键: i(扫描码=0x17), 持续 0.3s
[2026-09-29 12:30:28] DEBUG | 循环#39559 总耗时=598ms
[2026-09-29 12:30:28] INFO | 按键: i(扫描码=0x17), 持续 0.3s
[2026-09-29 12:30:28] DEBUG | 循环#36 总耗时=591ms
[2026-09-29 12:30:29] DEBUG | 截图: 3840x2160, 耗时=275ms
[2026-09-29 12:30:29] DEBUG | 截图: 3840x2160, 耗时=245ms
[2026-09-29 12:30:29] DEBUG | 截图: 3840x2160, 耗时=190ms
[2026-09-29 12:30:29] DEBUG | 截图: 3840x2160, 耗时=146ms
[2026-09-29 12:30:29] DEBUG | 匹配[快速]: 游戏中 (5游戏中2（中上）.png), conf=0.846, 69ms
[2026-09-29 12:30:29] DEBUG | 循环#52 总耗时=349ms
[2026-09-29 12:30:29] DEBUG | 匹配[快速]: 游戏中 (5游戏中2（中上）.png), conf=0.846, 107ms
[2026-09-29 12:30:29] DEBUG | 匹配[快速]: 游戏中 (5游戏中2（中上）.png), conf=0.846, 104ms
[2026-09-29 12:30:29] DEBUG | 循环#41 总耗时=358ms
[2026-09-29 12:30:29] DEBUG | 循环#39560 总耗时=302ms
[2026-09-29 12:30:29] DEBUG | 匹配[快速]: 游戏中 (5游戏中2（中上）.png), conf=0.846, 233ms
[2026-09-29 12:30:29] DEBUG | 循环#37 总耗时=398ms
[2026-09-29 12:30:29] DEBUG | 截图: 3840x2160, 耗时=224ms
[2026-09-29 12:30:29] DEBUG | 截图: 3840x2160, 耗时=235ms
[2026-09-29 12:30:29] DEBUG | 截图: 3840x2160, 耗时=188ms
[2026-09-29 12:30:29] DEBUG | 截图: 3840x2160, 耗时=123ms
[2026-09-29 12:30:29] DEBUG | 匹配[快速]: 游戏中 (5游戏中2（中上）.png), conf=0.846, 65ms
[2026-09-29 12:30:29] DEBUG | 循环#53 总耗时=363ms
[2026-09-29 12:30:29] DEBUG | 匹配[快速]: 游戏中 (5游戏中2（中上）.png), conf=0.846, 105ms
[2026-09-29 12:30:29] DEBUG | 匹配[快速]: 游戏中 (5游戏中2（中上）.png), conf=0.846, 112ms
[2026-09-29 12:30:29] DEBUG | 循环#39561 总耗时=298ms
[2026-09-29 12:30:29] DEBUG | 循环#42 总耗时=356ms
[2026-09-29 12:30:29] DEBUG | 截图: 3840x2160, 耗时=219ms
[2026-09-29 12:30:29] DEBUG | 截图: 3840x2160, 耗时=175ms
[2026-09-29 12:30:29] DEBUG | 匹配[快速]: 游戏中 (5游戏中2（中上）.png), conf=0.846, 254ms
[2026-09-29 12:30:29] DEBUG | 循环#38 总耗时=383ms
[2026-09-29 12:30:29] DEBUG | 截图: 3840x2160, 耗时=135ms
[2026-09-29 12:30:29] DEBUG | 匹配[快速]: 游戏中 (5游戏中2（中上）.png), conf=0.846, 115ms
[2026-09-29 12:30:29] DEBUG | 循环#43 总耗时=293ms
[2026-09-29 12:30:29] DEBUG | 匹配[快速]: 游戏中 (5游戏中2（中上）.png), conf=0.846, 135ms
[2026-09-29 12:30:29] DEBUG | 截图: 3840x2160, 耗时=172ms
[2026-09-29 12:30:29] DEBUG | 循环#54 总耗时=418ms
[2026-09-29 12:30:29] DEBUG | 匹配[快速]: 游戏中 (5游戏中2（中上）.png), conf=0.846, 167ms
[2026-09-29 12:30:29] DEBUG | 循环#39562 总耗时=369ms
[2026-09-29 12:30:30] DEBUG | 截图: 3840x2160, 耗时=225ms
[2026-09-29 12:30:30] DEBUG | 截图: 3840x2160, 耗时=174ms
[2026-09-29 12:30:30] DEBUG | 截图: 3840x2160, 耗时=128ms
[2026-09-29 12:30:30] DEBUG | 匹配[快速]: 游戏中 (5游戏中2（中上）.png), conf=0.846, 191ms
[2026-09-29 12:30:30] DEBUG | 循环#39 总耗时=367ms
[2026-09-29 12:30:30] DEBUG | 匹配[快速]: 游戏中 (5游戏中2（中上）.png), conf=0.846, 106ms
[2026-09-29 12:30:30] DEBUG | 循环#44 总耗时=335ms
[2026-09-29 12:30:30] DEBUG | 匹配[快速]: 游戏中 (5游戏中2（中上）.png), conf=0.845, 160ms
[2026-09-29 12:30:30] DEBUG | 截图: 3840x2160, 耗时=149ms
[2026-09-29 12:30:30] DEBUG | 循环#55 总耗时=340ms
[2026-09-29 12:30:30] DEBUG | 匹配[快速]: 游戏中 (5游戏中2（中上）.png), conf=0.845, 221ms
[2026-09-29 12:30:30] DEBUG | 循环#39563 总耗时=352ms
[2026-09-29 12:30:30] DEBUG | 截图: 3840x2160, 耗时=222ms
[2026-09-29 12:30:30] DEBUG | 截图: 3840x2160, 耗时=170ms
[2026-09-29 12:30:30] DEBUG | 匹配[快速]: 游戏中 (5游戏中2（中上）.png), conf=0.842, 185ms
[2026-09-29 12:30:30] DEBUG | 循环#40 总耗时=340ms
[2026-09-29 12:30:30] DEBUG | 截图: 3840x2160, 耗时=123ms
[2026-09-29 12:30:30] DEBUG | 匹配[快速]: 游戏中 (5游戏中2（中上）.png), conf=0.854, 118ms
[2026-09-29 12:30:30] DEBUG | 循环#45 总耗时=345ms
[2026-09-29 12:30:30] DEBUG | 匹配[快速]: 游戏中 (5游戏中2（中上）.png), conf=0.847, 153ms
[2026-09-29 12:30:30] DEBUG | 循环#56 总耗时=328ms
[2026-09-29 12:30:30] DEBUG | 截图: 3840x2160, 耗时=202ms
[2026-09-29 12:30:30] DEBUG | 匹配[快速]: 游戏中 (5游戏中2（中上）.png), conf=0.842, 152ms
[2026-09-29 12:30:30] DEBUG | 循环#39564 总耗时=335ms
[2026-09-29 12:30:30] DEBUG | 截图: 3840x2160, 耗时=174ms
[2026-09-29 12:30:30] DEBUG | 截图: 3840x2160, 耗时=244ms
[2026-09-29 12:30:30] DEBUG | 截图: 3840x2160, 耗时=132ms
[2026-09-29 12:30:30] DEBUG | 匹配[快速]: 游戏中 (5游戏中2（中上）.png), conf=0.844, 145ms
[2026-09-29 12:30:30] DEBUG | 循环#41 总耗时=352ms
[2026-09-29 12:30:30] DEBUG | 匹配[快速]: 游戏中 (5游戏中2（中上）.png), conf=0.845, 115ms
[2026-09-29 12:30:30] DEBUG | 循环#57 总耗时=293ms
[2026-09-29 12:30:30] DEBUG | 匹配[快速]: 游戏中 (5游戏中2（中上）.png), conf=0.843, 107ms
[2026-09-29 12:30:30] DEBUG | 循环#46 总耗时=355ms
[2026-09-29 12:30:31] DEBUG | 截图: 3840x2160, 耗时=201ms
[2026-09-29 12:30:31] DEBUG | 匹配[快速]: 游戏中 (5游戏中2（中上）.png), conf=0.846, 216ms
[2026-09-29 12:30:31] DEBUG | 循环#39565 总耗时=352ms
[2026-09-29 12:30:31] DEBUG | 截图: 3840x2160, 耗时=190ms
[2026-09-29 12:30:31] DEBUG | 截图: 3840x2160, 耗时=262ms
[2026-09-29 12:30:31] DEBUG | 截图: 3840x2160, 耗时=145ms
[2026-09-29 12:30:31] DEBUG | 匹配[快速]: 游戏中 (5游戏中2（中上）.png), conf=0.855, 157ms
[2026-09-29 12:30:31] DEBUG | 循环#42 总耗时=364ms
[2026-09-29 12:30:31] DEBUG | 匹配[快速]: 游戏中 (5游戏中2（中上）.png), conf=0.847, 115ms
[2026-09-29 12:30:31] DEBUG | 循环#58 总耗时=312ms
[2026-09-29 12:30:31] DEBUG | 匹配[快速]: 游戏中 (5游戏中2（中上）.png), conf=0.845, 155ms
[2026-09-29 12:30:31] DEBUG | 截图: 3840x2160, 耗时=152ms
[2026-09-29 12:30:31] DEBUG | 循环#39566 总耗时=305ms
[2026-09-29 12:30:31] DEBUG | 匹配[快速]: 游戏中 (5游戏中2（中上）.png), conf=0.850, 161ms
[2026-09-29 12:30:31] DEBUG | 循环#47 总耗时=485ms
[2026-09-29 12:30:31] DEBUG | 截图: 3840x2160, 耗时=219ms
[2026-09-29 12:30:31] DEBUG | 截图: 3840x2160, 耗时=167ms
[2026-09-29 12:30:31] DEBUG | 截图: 3840x2160, 耗时=125ms
[2026-09-29 12:30:31] DEBUG | 匹配[快速]: 游戏中 (5游戏中2（中上）.png), conf=0.845, 186ms
[2026-09-29 12:30:31] DEBUG | 循环#43 总耗时=343ms
[2026-09-29 12:30:31] DEBUG | 匹配[快速]: 游戏中 (5游戏中2（中上）.png), conf=0.845, 100ms
[2026-09-29 12:30:31] INFO | [游戏中] 按I键
[2026-09-29 12:30:31] DEBUG | 按键 i: 三重发送开始 (scan=0x17, vk=0x49)
[2026-09-29 12:30:31] DEBUG | 匹配[快速]: 游戏中 (5游戏中2（中上）.png), conf=0.845, 110ms
[2026-09-29 12:30:31] INFO | [游戏中] 按I键
[2026-09-29 12:30:31] DEBUG | 按键 i: 三重发送开始 (scan=0x17, vk=0x49)
[2026-09-29 12:30:31] DEBUG | 匹配[快速]: 游戏中 (5游戏中2（中上）.png), conf=0.846, 104ms
[2026-09-29 12:30:31] DEBUG | 截图: 3840x2160, 耗时=105ms
[2026-09-29 12:30:31] INFO | [游戏中] 按I键
[2026-09-29 12:30:31] DEBUG | 按键 i: 三重发送开始 (scan=0x17, vk=0x49)
[2026-09-29 12:30:31] DEBUG | 匹配[快速]: 游戏中 (5游戏中2（中上）.png), conf=0.851, 29ms
[2026-09-29 12:30:31] INFO | [游戏中] 按I键
[2026-09-29 12:30:31] DEBUG | 按键 i: 三重发送开始 (scan=0x17, vk=0x49)
[2026-09-29 12:30:31] INFO | 按键: i(扫描码=0x17), 持续 0.3s
[2026-09-29 12:30:31] DEBUG | 循环#59 总耗时=641ms
[2026-09-29 12:30:31] INFO | 按键: i(扫描码=0x17), 持续 0.3s
[2026-09-29 12:30:31] DEBUG | 循环#44 总耗时=446ms
[2026-09-29 12:30:31] INFO | 按键: i(扫描码=0x17), 持续 0.3s
[2026-09-29 12:30:31] INFO | 按键: i(扫描码=0x17), 持续 0.3s
[2026-09-29 12:30:32] DEBUG | 循环#39567 总耗时=691ms
[2026-09-29 12:30:32] DEBUG | 循环#48 总耗时=640ms
[2026-09-29 12:30:32] DEBUG | 截图: 3840x2160, 耗时=305ms
[2026-09-29 12:30:32] DEBUG | 截图: 3840x2160, 耗时=272ms
[2026-09-29 12:30:32] DEBUG | 截图: 3840x2160, 耗时=230ms
[2026-09-29 12:30:32] DEBUG | 截图: 3840x2160, 耗时=158ms
[2026-09-29 12:30:32] DEBUG | 匹配[快速]: 游戏中 (5游戏中2（中上）.png), conf=0.854, 63ms
[2026-09-29 12:30:32] DEBUG | 循环#60 总耗时=385ms
[2026-09-29 12:30:32] DEBUG | 匹配[快速]: 游戏中 (5游戏中2（中上）.png), conf=0.852, 102ms
[2026-09-29 12:30:32] DEBUG | 循环#45 总耗时=382ms
[2026-09-29 12:30:32] DEBUG | 匹配[快速]: 游戏中 (5游戏中2（中上）.png), conf=0.858, 132ms
[2026-09-29 12:30:32] DEBUG | 匹配[快速]: 游戏中 (5游戏中2（中上）.png), conf=0.851, 138ms
[2026-09-29 12:30:32] DEBUG | 循环#49 总耗时=298ms
[2026-09-29 12:30:32] DEBUG | 循环#39568 总耗时=373ms
[2026-09-29 12:30:32] DEBUG | 截图: 3840x2160, 耗时=277ms
[2026-09-29 12:30:32] DEBUG | 截图: 3840x2160, 耗时=234ms
[2026-09-29 12:30:32] DEBUG | 截图: 3840x2160, 耗时=201ms
[2026-09-29 12:30:32] DEBUG | 截图: 3840x2160, 耗时=153ms
[2026-09-29 12:30:32] DEBUG | 匹配[快速]: 游戏中 (5游戏中2（中上）.png), conf=0.853, 67ms
[2026-09-29 12:30:32] DEBUG | 循环#61 总耗时=353ms
[2026-09-29 12:30:32] DEBUG | 匹配[快速]: 游戏中 (5游戏中2（中上）.png), conf=0.856, 103ms
[2026-09-29 12:30:32] DEBUG | 匹配[快速]: 游戏中 (5游戏中2（中上）.png), conf=0.852, 90ms
[2026-09-29 12:30:32] DEBUG | 循环#39569 总耗时=314ms
[2026-09-29 12:30:32] DEBUG | 匹配[快速]: 游戏中 (5游戏中2（中上）.png), conf=0.853, 115ms
[2026-09-29 12:30:32] DEBUG | 循环#50 总耗时=248ms
[2026-09-29 12:30:32] DEBUG | 循环#46 总耗时=429ms
[2026-09-29 12:30:32] DEBUG | 截图: 3840x2160, 耗时=255ms
[2026-09-29 12:30:32] DEBUG | 截图: 3840x2160, 耗时=225ms
[2026-09-29 12:30:32] DEBUG | 截图: 3840x2160, 耗时=180ms
[2026-09-29 12:30:32] DEBUG | 截图: 3840x2160, 耗时=139ms
[2026-09-29 12:30:32] DEBUG | 匹配[快速]: 游戏中 (5游戏中2（中上）.png), conf=0.850, 67ms
[2026-09-29 12:30:32] DEBUG | 循环#62 总耗时=339ms
[2026-09-29 12:30:33] DEBUG | 匹配[快速]: 游戏中 (5游戏中2（中上）.png), conf=0.843, 100ms
[2026-09-29 12:30:33] DEBUG | 循环#39570 总耗时=330ms
[2026-09-29 12:30:33] DEBUG | 匹配[快速]: 游戏中 (5游戏中2（中上）.png), conf=0.846, 143ms
[2026-09-29 12:30:33] DEBUG | 循环#47 总耗时=342ms
[2026-09-29 12:30:33] DEBUG | 截图: 3840x2160, 耗时=201ms
[2026-09-29 12:30:33] DEBUG | 匹配[快速]: 游戏中 (5游戏中2（中上）.png), conf=0.842, 224ms
[2026-09-29 12:30:33] DEBUG | 循环#51 总耗时=376ms
[2026-09-29 12:30:33] DEBUG | 截图: 3840x2160, 耗时=217ms
[2026-09-29 12:30:33] DEBUG | 截图: 3840x2160, 耗时=155ms
[2026-09-29 12:30:33] DEBUG | 截图: 3840x2160, 耗时=110ms
[2026-09-29 12:30:33] DEBUG | 匹配[快速]: 游戏中 (5游戏中2（中上）.png), conf=0.842, 129ms
[2026-09-29 12:30:33] DEBUG | 循环#63 总耗时=335ms
[2026-09-29 12:30:33] DEBUG | 匹配[快速]: 游戏中 (5游戏中2（中上）.png), conf=0.842, 110ms
[2026-09-29 12:30:33] DEBUG | 循环#39571 总耗时=331ms
[2026-09-29 12:30:33] DEBUG | 匹配[快速]: 游戏中 (5游戏中2（中上）.png), conf=0.843, 97ms
[2026-09-29 12:30:33] DEBUG | 循环#48 总耗时=311ms
[2026-09-29 12:30:33] DEBUG | 截图: 3840x2160, 耗时=198ms
[2026-09-29 12:30:33] DEBUG | 截图: 3840x2160, 耗时=169ms
[2026-09-29 12:30:33] DEBUG | 匹配[快速]: 游戏中 (5游戏中2（中上）.png), conf=0.842, 224ms
[2026-09-29 12:30:33] DEBUG | 循环#52 总耗时=343ms
[2026-09-29 12:30:33] DEBUG | 截图: 3840x2160, 耗时=179ms
[2026-09-29 12:30:33] DEBUG | 截图: 3840x2160, 耗时=103ms
[2026-09-29 12:30:33] DEBUG | 匹配[快速]: 游戏中 (5游戏中2（中上）.png), conf=0.843, 106ms
[2026-09-29 12:30:33] DEBUG | 匹配[快速]: 游戏中 (5游戏中2（中上）.png), conf=0.843, 112ms
[2026-09-29 12:30:33] DEBUG | 循环#39572 总耗时=284ms
[2026-09-29 12:30:33] DEBUG | 循环#64 总耗时=336ms
[2026-09-29 12:30:33] DEBUG | 匹配[快速]: 游戏中 (5游戏中2（中上）.png), conf=0.843, 152ms
[2026-09-29 12:30:33] DEBUG | 循环#49 总耗时=336ms
[2026-09-29 12:30:33] DEBUG | 截图: 3840x2160, 耗时=218ms
[2026-09-29 12:30:33] DEBUG | 截图: 3840x2160, 耗时=181ms
[2026-09-29 12:30:33] DEBUG | 匹配[快速]: 游戏中 (5游戏中2（中上）.png), conf=0.856, 235ms
[2026-09-29 12:30:33] DEBUG | 循环#53 总耗时=344ms
[2026-09-29 12:30:33] DEBUG | 截图: 3840x2160, 耗时=124ms
[2026-09-29 12:30:34] DEBUG | 截图: 3840x2160, 耗时=101ms
[2026-09-29 12:30:34] DEBUG | 匹配[快速]: 游戏中 (5游戏中2（中上）.png), conf=0.857, 120ms
[2026-09-29 12:30:34] DEBUG | 匹配[快速]: 游戏中 (5游戏中2（中上）.png), conf=0.857, 107ms
[2026-09-29 12:30:34] DEBUG | 匹配[快速]: 游戏中 (5游戏中2（中上）.png), conf=0.857, 111ms
[2026-09-29 12:30:34] DEBUG | 循环#65 总耗时=344ms
[2026-09-29 12:30:34] DEBUG | 循环#50 总耗时=239ms
[2026-09-29 12:30:34] DEBUG | 循环#39573 总耗时=297ms
[2026-09-29 12:30:34] DEBUG | 截图: 3840x2160, 耗时=225ms
[2026-09-29 12:30:34] DEBUG | 匹配[快速]: 游戏中 (5游戏中2（中上）.png), conf=0.853, 243ms
[2026-09-29 12:30:34] DEBUG | 截图: 3840x2160, 耗时=118ms
[2026-09-29 12:30:34] DEBUG | 循环#54 总耗时=350ms
[2026-09-29 12:30:34] DEBUG | 截图: 3840x2160, 耗时=239ms
[2026-09-29 12:30:34] DEBUG | 截图: 3840x2160, 耗时=104ms
[2026-09-29 12:30:34] DEBUG | 匹配[快速]: 游戏中 (5游戏中2（中上）.png), conf=0.857, 122ms
[2026-09-29 12:30:34] DEBUG | 循环#66 总耗时=354ms
[2026-09-29 12:30:34] DEBUG | 匹配[快速]: 游戏中 (5游戏中2（中上）.png), conf=0.857, 167ms
[2026-09-29 12:30:34] DEBUG | 循环#51 总耗时=289ms
[2026-09-29 12:30:34] DEBUG | 匹配[快速]: 游戏中 (5游戏中2（中上）.png), conf=0.858, 111ms
[2026-09-29 12:30:34] DEBUG | 循环#39574 总耗时=354ms
[2026-09-29 12:30:34] DEBUG | 截图: 3840x2160, 耗时=217ms
[2026-09-29 12:30:34] DEBUG | 截图: 3840x2160, 耗时=171ms
[2026-09-29 12:30:34] DEBUG | 匹配[快速]: 游戏中 (5游戏中2（中上）.png), conf=0.857, 243ms
[2026-09-29 12:30:34] DEBUG | 截图: 3840x2160, 耗时=128ms
[2026-09-29 12:30:34] DEBUG | 循环#55 总耗时=352ms
[2026-09-29 12:30:34] DEBUG | 匹配[快速]: 游戏中 (5游戏中2（中上）.png), conf=0.859, 104ms
[2026-09-29 12:30:34] INFO | [游戏中] 按I键
[2026-09-29 12:30:34] DEBUG | 按键 i: 三重发送开始 (scan=0x17, vk=0x49)
[2026-09-29 12:30:34] DEBUG | 截图: 3840x2160, 耗时=93ms
[2026-09-29 12:30:34] DEBUG | 匹配[快速]: 游戏中 (5游戏中2（中上）.png), conf=0.860, 113ms
[2026-09-29 12:30:34] INFO | [游戏中] 按I键
[2026-09-29 12:30:34] DEBUG | 按键 i: 三重发送开始 (scan=0x17, vk=0x49)
[2026-09-29 12:30:34] DEBUG | 匹配[快速]: 游戏中 (5游戏中2（中上）.png), conf=0.860, 105ms
[2026-09-29 12:30:34] INFO | [游戏中] 按I键
[2026-09-29 12:30:34] DEBUG | 按键 i: 三重发送开始 (scan=0x17, vk=0x49)
[2026-09-29 12:30:34] DEBUG | 匹配[快速]: 游戏中 (5游戏中2（中上）.png), conf=0.859, 25ms
[2026-09-29 12:30:34] INFO | [游戏中] 按I键
[2026-09-29 12:30:34] DEBUG | 按键 i: 三重发送开始 (scan=0x17, vk=0x49)
[2026-09-29 12:30:34] INFO | 按键: i(扫描码=0x17), 持续 0.3s
[2026-09-29 12:30:34] DEBUG | 循环#67 总耗时=633ms
[2026-09-29 12:30:35] INFO | 按键: i(扫描码=0x17), 持续 0.3s
[2026-09-29 12:30:35] DEBUG | 循环#52 总耗时=573ms
[2026-09-29 12:30:35] INFO | 按键: i(扫描码=0x17), 持续 0.3s
[2026-09-29 12:30:35] INFO | 按键: i(扫描码=0x17), 持续 0.3s
[2026-09-29 12:30:35] DEBUG | 循环#39575 总耗时=679ms
[2026-09-29 12:30:35] DEBUG | 循环#56 总耗时=491ms
[2026-09-29 12:30:35] DEBUG | 截图: 3840x2160, 耗时=266ms
[2026-09-29 12:30:35] DEBUG | 截图: 3840x2160, 耗时=229ms
[2026-09-29 12:30:35] DEBUG | 截图: 3840x2160, 耗时=195ms
[2026-09-29 12:30:35] DEBUG | 截图: 3840x2160, 耗时=143ms
[2026-09-29 12:30:35] DEBUG | 匹配[快速]: 游戏中 (5游戏中2（中上）.png), conf=0.858, 42ms
[2026-09-29 12:30:35] DEBUG | 循环#53 总耗时=286ms
[2026-09-29 12:30:35] DEBUG | 匹配[快速]: 游戏中 (5游戏中2（中上）.png), conf=0.858, 70ms
[2026-09-29 12:30:35] DEBUG | 循环#68 总耗时=345ms
[2026-09-29 12:30:35] DEBUG | 匹配[快速]: 游戏中 (5游戏中2（中上）.png), conf=0.855, 150ms
[2026-09-29 12:30:35] DEBUG | 循环#39576 总耗时=350ms
[2026-09-29 12:30:35] DEBUG | 匹配[快速]: 游戏中 (5游戏中2（中上）.png), conf=0.857, 192ms
[2026-09-29 12:30:35] DEBUG | 循环#57 总耗时=339ms
[2026-09-29 12:30:35] DEBUG | 截图: 3840x2160, 耗时=214ms
[2026-09-29 12:30:35] DEBUG | 截图: 3840x2160, 耗时=279ms
[2026-09-29 12:30:35] DEBUG | 截图: 3840x2160, 耗时=192ms
[2026-09-29 12:30:35] DEBUG | 截图: 3840x2160, 耗时=151ms
[2026-09-29 12:30:35] DEBUG | 匹配[快速]: 游戏中 (5游戏中2（中上）.png), conf=0.861, 47ms
[2026-09-29 12:30:35] DEBUG | 匹配[快速]: 游戏中 (5游戏中2（中上）.png), conf=0.861, 71ms
[2026-09-29 12:30:35] DEBUG | 循环#54 总耗时=293ms
[2026-09-29 12:30:35] DEBUG | 循环#69 总耗时=348ms
[2026-09-29 12:30:35] DEBUG | 匹配[快速]: 游戏中 (5游戏中2（中上）.png), conf=0.860, 145ms
[2026-09-29 12:30:35] DEBUG | 循环#39577 总耗时=342ms
[2026-09-29 12:30:35] DEBUG | 匹配[快速]: 游戏中 (5游戏中2（中上）.png), conf=0.860, 197ms
[2026-09-29 12:30:35] DEBUG | 循环#58 总耗时=390ms
[2026-09-29 12:30:35] DEBUG | 截图: 3840x2160, 耗时=180ms
[2026-09-29 12:30:35] DEBUG | 截图: 3840x2160, 耗时=246ms
[2026-09-29 12:30:36] DEBUG | 截图: 3840x2160, 耗时=310ms
[2026-09-29 12:30:36] DEBUG | 截图: 3840x2160, 耗时=132ms
[2026-09-29 12:30:36] DEBUG | 匹配[快速]: 游戏中 (5游戏中2（中上）.png), conf=0.861, 69ms
[2026-09-29 12:30:36] DEBUG | 循环#39578 总耗时=254ms
[2026-09-29 12:30:36] DEBUG | 匹配[快速]: 游戏中 (5游戏中2（中上）.png), conf=0.860, 59ms
[2026-09-29 12:30:36] DEBUG | 循环#55 总耗时=310ms
[2026-09-29 12:30:36] DEBUG | 匹配[快速]: 游戏中 (5游戏中2（中上）.png), conf=0.860, 162ms
[2026-09-29 12:30:36] DEBUG | 循环#70 总耗时=484ms
[2026-09-29 12:30:36] DEBUG | 截图: 3840x2160, 耗时=165ms
[2026-09-29 12:30:36] DEBUG | 匹配[快速]: 游戏中 (5游戏中2（中上）.png), conf=0.860, 250ms
[2026-09-29 12:30:36] DEBUG | 循环#59 总耗时=389ms
[2026-09-29 12:30:36] DEBUG | 截图: 3840x2160, 耗时=238ms
[2026-09-29 12:30:36] DEBUG | 截图: 3840x2160, 耗时=182ms
[2026-09-29 12:30:36] DEBUG | 截图: 3840x2160, 耗时=106ms
[2026-09-29 12:30:36] DEBUG | 匹配[快速]: 游戏中 (5游戏中2（中上）.png), conf=0.860, 120ms
[2026-09-29 12:30:36] DEBUG | 循环#39579 总耗时=290ms
[2026-09-29 12:30:36] DEBUG | 匹配[快速]: 游戏中 (5游戏中2（中上）.png), conf=0.860, 55ms
[2026-09-29 12:30:36] DEBUG | 循环#56 总耗时=355ms
[2026-09-29 12:30:36] DEBUG | 匹配[快速]: 游戏中 (5游戏中2（中上）.png), conf=0.859, 158ms
[2026-09-29 12:30:36] DEBUG | 循环#71 总耗时=343ms
[2026-09-29 12:30:36] DEBUG | 截图: 3840x2160, 耗时=172ms
[2026-09-29 12:30:36] DEBUG | 匹配[快速]: 游戏中 (5游戏中2（中上）.png), conf=0.860, 239ms
[2026-09-29 12:30:36] DEBUG | 循环#60 总耗时=350ms
[2026-09-29 12:30:36] DEBUG | 截图: 3840x2160, 耗时=288ms
[2026-09-29 12:30:36] DEBUG | 截图: 3840x2160, 耗时=181ms
[2026-09-29 12:30:36] DEBUG | 匹配[快速]: 游戏中 (5游戏中2（中上）.png), conf=0.861, 99ms
[2026-09-29 12:30:36] DEBUG | 循环#39580 总耗时=279ms
[2026-09-29 12:30:36] DEBUG | 截图: 3840x2160, 耗时=101ms
[2026-09-29 12:30:36] DEBUG | 匹配[快速]: 游戏中 (5游戏中2（中上）.png), conf=0.860, 55ms
[2026-09-29 12:30:36] DEBUG | 循环#57 总耗时=346ms
[2026-09-29 12:30:36] DEBUG | 匹配[快速]: 游戏中 (5游戏中2（中上）.png), conf=0.861, 165ms
[2026-09-29 12:30:36] DEBUG | 循环#72 总耗时=353ms
[2026-09-29 12:30:36] DEBUG | 匹配[快速]: 游戏中 (5游戏中2（中上）.png), conf=0.860, 230ms
[2026-09-29 12:30:36] DEBUG | 截图: 3840x2160, 耗时=226ms
[2026-09-29 12:30:36] DEBUG | 循环#61 总耗时=346ms
[2026-09-29 12:30:37] DEBUG | 截图: 3840x2160, 耗时=178ms
[2026-09-29 12:30:37] DEBUG | 截图: 3840x2160, 耗时=248ms
[2026-09-29 12:30:37] DEBUG | 截图: 3840x2160, 耗时=118ms
[2026-09-29 12:30:37] DEBUG | 匹配[快速]: 游戏中 (5游戏中2（中上）.png), conf=0.859, 130ms
[2026-09-29 12:30:37] DEBUG | 匹配[快速]: 游戏中 (5游戏中2（中上）.png), conf=0.860, 64ms
[2026-09-29 12:30:37] DEBUG | 循环#73 总耗时=250ms
[2026-09-29 12:30:37] DEBUG | 循环#58 总耗时=362ms
[2026-09-29 12:30:37] DEBUG | 匹配[快速]: 游戏中 (5游戏中2（中上）.png), conf=0.859, 110ms
[2026-09-29 12:30:37] DEBUG | 循环#39581 总耗时=417ms
[2026-09-29 12:30:37] DEBUG | 截图: 3840x2160, 耗时=209ms
[2026-09-29 12:30:37] DEBUG | 截图: 3840x2160, 耗时=168ms
[2026-09-29 12:30:37] DEBUG | 匹配[快速]: 游戏中 (5游戏中2（中上）.png), conf=0.859, 233ms
[2026-09-29 12:30:37] DEBUG | 循环#62 总耗时=356ms
[2026-09-29 12:30:37] DEBUG | 截图: 3840x2160, 耗时=175ms
[2026-09-29 12:30:37] DEBUG | 截图: 3840x2160, 耗时=99ms
[2026-09-29 12:30:37] DEBUG | 匹配[快速]: 游戏中 (5游戏中2（中上）.png), conf=0.853, 115ms
[2026-09-29 12:30:37] DEBUG | 循环#59 总耗时=330ms
[2026-09-29 12:30:37] DEBUG | 匹配[快速]: 游戏中 (5游戏中2（中上）.png), conf=0.852, 103ms
[2026-09-29 12:30:37] DEBUG | 匹配[快速]: 游戏中 (5游戏中2（中上）.png), conf=0.844, 164ms
[2026-09-29 12:30:37] DEBUG | 循环#39582 总耗时=281ms
[2026-09-29 12:30:37] DEBUG | 循环#74 总耗时=338ms
[2026-09-29 12:30:37] DEBUG | 截图: 3840x2160, 耗时=196ms
[2026-09-29 12:30:37] DEBUG | 匹配[快速]: 游戏中 (5游戏中2（中上）.png), conf=0.846, 228ms
[2026-09-29 12:30:37] DEBUG | 截图: 3840x2160, 耗时=120ms
[2026-09-29 12:30:37] DEBUG | 循环#63 总耗时=341ms
[2026-09-29 12:30:37] DEBUG | 截图: 3840x2160, 耗时=235ms
[2026-09-29 12:30:37] DEBUG | 匹配[快速]: 游戏中 (5游戏中2（中上）.png), conf=0.841, 113ms
[2026-09-29 12:30:37] INFO | [游戏中] 按I键
[2026-09-29 12:30:37] DEBUG | 按键 i: 三重发送开始 (scan=0x17, vk=0x49)
[2026-09-29 12:30:37] DEBUG | 截图: 3840x2160, 耗时=101ms
[2026-09-29 12:30:37] DEBUG | 匹配[快速]: 游戏中 (5游戏中2（中上）.png), conf=0.841, 113ms
[2026-09-29 12:30:37] INFO | [游戏中] 按I键
[2026-09-29 12:30:37] DEBUG | 按键 i: 三重发送开始 (scan=0x17, vk=0x49)
[2026-09-29 12:30:37] DEBUG | 匹配[快速]: 游戏中 (5游戏中2（中上）.png), conf=0.841, 55ms
[2026-09-29 12:30:37] INFO | [游戏中] 按I键
[2026-09-29 12:30:37] DEBUG | 按键 i: 三重发送开始 (scan=0x17, vk=0x49)
[2026-09-29 12:30:37] DEBUG | 匹配[快速]: 游戏中 (5游戏中2（中上）.png), conf=0.841, 30ms
[2026-09-29 12:30:37] INFO | [游戏中] 按I键
[2026-09-29 12:30:37] DEBUG | 按键 i: 三重发送开始 (scan=0x17, vk=0x49)
[2026-09-29 12:30:38] INFO | 按键: i(扫描码=0x17), 持续 0.3s
[2026-09-29 12:30:38] DEBUG | 循环#60 总耗时=634ms
[2026-09-29 12:30:38] INFO | 按键: i(扫描码=0x17), 持续 0.3s
[2026-09-29 12:30:38] DEBUG | 循环#39583 总耗时=568ms
[2026-09-29 12:30:38] INFO | 按键: i(扫描码=0x17), 持续 0.3s
[2026-09-29 12:30:38] DEBUG | 循环#75 总耗时=679ms
[2026-09-29 12:30:38] INFO | 按键: i(扫描码=0x17), 持续 0.3s
[2026-09-29 12:30:38] DEBUG | 循环#64 总耗时=568ms
[2026-09-29 12:30:38] DEBUG | 截图: 3840x2160, 耗时=260ms
[2026-09-29 12:30:38] DEBUG | 截图: 3840x2160, 耗时=245ms
[2026-09-29 12:30:38] DEBUG | 截图: 3840x2160, 耗时=191ms
[2026-09-29 12:30:38] DEBUG | 截图: 3840x2160, 耗时=142ms
[2026-09-29 12:30:38] DEBUG | 匹配[快速]: 游戏中 (5游戏中2（中上）.png), conf=0.841, 74ms
[2026-09-29 12:30:38] DEBUG | 循环#61 总耗时=341ms
[2026-09-29 12:30:38] DEBUG | 匹配[快速]: 游戏中 (5游戏中2（中上）.png), conf=0.841, 94ms
[2026-09-29 12:30:38] DEBUG | 匹配[快速]: 游戏中 (5游戏中2（中上）.png), conf=0.841, 90ms
[2026-09-29 12:30:38] DEBUG | 循环#39584 总耗时=347ms
[2026-09-29 12:30:38] DEBUG | 循环#76 总耗时=290ms
[2026-09-29 12:30:38] DEBUG | 匹配[快速]: 游戏中 (5游戏中2（中上）.png), conf=0.841, 136ms
[2026-09-29 12:30:38] DEBUG | 循环#65 总耗时=284ms
[2026-09-29 12:30:38] DEBUG | 截图: 3840x2160, 耗时=259ms
[2026-09-29 12:30:38] DEBUG | 截图: 3840x2160, 耗时=227ms
[2026-09-29 12:30:38] DEBUG | 截图: 3840x2160, 耗时=172ms
[2026-09-29 12:30:38] DEBUG | 截图: 3840x2160, 耗时=134ms
[2026-09-29 12:30:38] DEBUG | 匹配[快速]: 游戏中 (5游戏中2（中上）.png), conf=0.842, 70ms
[2026-09-29 12:30:38] DEBUG | 循环#62 总耗时=340ms
[2026-09-29 12:30:38] DEBUG | 匹配[快速]: 游戏中 (5游戏中2（中上）.png), conf=0.842, 88ms
[2026-09-29 12:30:38] DEBUG | 循环#77 总耗时=272ms
[2026-09-29 12:30:38] DEBUG | 匹配[快速]: 游戏中 (5游戏中2（中上）.png), conf=0.842, 102ms
[2026-09-29 12:30:38] DEBUG | 循环#39585 总耗时=342ms
[2026-09-29 12:30:38] DEBUG | 匹配[快速]: 游戏中 (5游戏中2（中上）.png), conf=0.842, 185ms
[2026-09-29 12:30:38] DEBUG | 截图: 3840x2160, 耗时=172ms
[2026-09-29 12:30:38] DEBUG | 循环#66 总耗时=325ms
[2026-09-29 12:30:39] DEBUG | 截图: 3840x2160, 耗时=219ms
[2026-09-29 12:30:39] DEBUG | 截图: 3840x2160, 耗时=177ms
[2026-09-29 12:30:39] DEBUG | 截图: 3840x2160, 耗时=125ms
[2026-09-29 12:30:39] DEBUG | 匹配[快速]: 游戏中 (5游戏中2（中上）.png), conf=0.842, 135ms
[2026-09-29 12:30:39] DEBUG | 循环#63 总耗时=312ms
[2026-09-29 12:30:39] DEBUG | 匹配[快速]: 游戏中 (5游戏中2（中上）.png), conf=0.842, 112ms
[2026-09-29 12:30:39] DEBUG | 匹配[快速]: 游戏中 (5游戏中2（中上）.png), conf=0.842, 98ms
[2026-09-29 12:30:39] DEBUG | 循环#39586 总耗时=335ms
[2026-09-29 12:30:39] DEBUG | 循环#78 总耗时=332ms
[2026-09-29 12:30:39] DEBUG | 截图: 3840x2160, 耗时=189ms
[2026-09-29 12:30:39] DEBUG | 匹配[快速]: 游戏中 (5游戏中2（中上）.png), conf=0.842, 217ms
[2026-09-29 12:30:39] DEBUG | 循环#67 总耗时=346ms
[2026-09-29 12:30:39] DEBUG | 截图: 3840x2160, 耗时=216ms
[2026-09-29 12:30:39] DEBUG | 截图: 3840x2160, 耗时=187ms
[2026-09-29 12:30:39] DEBUG | 截图: 3840x2160, 耗时=131ms
[2026-09-29 12:30:39] DEBUG | 匹配[快速]: 游戏中 (5游戏中2（中上）.png), conf=0.842, 159ms
[2026-09-29 12:30:39] DEBUG | 循环#64 总耗时=353ms
[2026-09-29 12:30:39] DEBUG | 匹配[快速]: 游戏中 (5游戏中2（中上）.png), conf=0.843, 110ms
[2026-09-29 12:30:39] DEBUG | 循环#39587 总耗时=334ms
[2026-09-29 12:30:39] DEBUG | 匹配[快速]: 游戏中 (5游戏中2（中上）.png), conf=0.843, 160ms
[2026-09-29 12:30:39] DEBUG | 循环#79 总耗时=352ms
[2026-09-29 12:30:39] DEBUG | 截图: 3840x2160, 耗时=207ms
[2026-09-29 12:30:39] DEBUG | 匹配[快速]: 游戏中 (5游戏中2（中上）.png), conf=0.844, 231ms
[2026-09-29 12:30:39] DEBUG | 截图: 3840x2160, 耗时=164ms
[2026-09-29 12:30:39] DEBUG | 循环#68 总耗时=369ms
[2026-09-29 12:30:39] DEBUG | 截图: 3840x2160, 耗时=155ms
[2026-09-29 12:30:39] DEBUG | 匹配[快速]: 游戏中 (5游戏中2（中上）.png), conf=0.844, 117ms
[2026-09-29 12:30:39] DEBUG | 循环#65 总耗时=329ms
[2026-09-29 12:30:39] DEBUG | 截图: 3840x2160, 耗时=147ms
[2026-09-29 12:30:39] DEBUG | 匹配[快速]: 游戏中 (5游戏中2（中上）.png), conf=0.843, 163ms
[2026-09-29 12:30:39] DEBUG | 循环#39588 总耗时=331ms
[2026-09-29 12:30:39] DEBUG | 匹配[快速]: 游戏中 (5游戏中2（中上）.png), conf=0.843, 174ms
[2026-09-29 12:30:39] DEBUG | 截图: 3840x2160, 耗时=151ms
[2026-09-29 12:30:39] DEBUG | 循环#80 总耗时=348ms
[2026-09-29 12:30:39] DEBUG | 匹配[快速]: 游戏中 (5游戏中2（中上）.png), conf=0.843, 177ms
[2026-09-29 12:30:39] DEBUG | 截图: 3840x2160, 耗时=175ms
[2026-09-29 12:30:39] DEBUG | 循环#69 总耗时=331ms
[2026-09-29 12:30:40] DEBUG | 截图: 3840x2160, 耗时=156ms
[2026-09-29 12:30:40] DEBUG | 匹配[快速]: 游戏中 (5游戏中2（中上）.png), conf=0.843, 169ms
[2026-09-29 12:30:40] DEBUG | 循环#66 总耗时=339ms
[2026-09-29 12:30:40] DEBUG | 截图: 3840x2160, 耗时=160ms
[2026-09-29 12:30:40] DEBUG | 匹配[快速]: 游戏中 (5游戏中2（中上）.png), conf=0.843, 171ms
[2026-09-29 12:30:40] DEBUG | 循环#39589 总耗时=358ms
[2026-09-29 12:30:40] DEBUG | 截图: 3840x2160, 耗时=149ms
[2026-09-29 12:30:40] DEBUG | 匹配[快速]: 游戏中 (5游戏中2（中上）.png), conf=0.843, 174ms
[2026-09-29 12:30:40] DEBUG | 循环#81 总耗时=342ms
[2026-09-29 12:30:40] DEBUG | 匹配[快速]: 游戏中 (5游戏中2（中上）.png), conf=0.843, 157ms
[2026-09-29 12:30:40] DEBUG | 循环#70 总耗时=322ms
[2026-09-29 12:30:40] DEBUG | 截图: 3840x2160, 耗时=204ms
[2026-09-29 12:30:40] DEBUG | 匹配[快速]: 游戏中 (5游戏中2（中上）.png), conf=0.843, 170ms
[2026-09-29 12:30:40] DEBUG | 循环#67 总耗时=324ms
[2026-09-29 12:30:40] DEBUG | 截图: 3840x2160, 耗时=206ms
[2026-09-29 12:30:40] DEBUG | 截图: 3840x2160, 耗时=166ms
[2026-09-29 12:30:40] DEBUG | 匹配[快速]: 游戏中 (5游戏中2（中上）.png), conf=0.843, 109ms
[2026-09-29 12:30:40] DEBUG | 循环#39590 总耗时=317ms
[2026-09-29 12:30:40] DEBUG | 截图: 3840x2160, 耗时=168ms
[2026-09-29 12:30:40] DEBUG | 截图: 3840x2160, 耗时=110ms
[2026-09-29 12:30:40] DEBUG | 匹配[快速]: 游戏中 (5游戏中2（中上）.png), conf=0.849, 128ms
[2026-09-29 12:30:40] DEBUG | 匹配[快速]: 游戏中 (5游戏中2（中上）.png), conf=0.843, 143ms
[2026-09-29 12:30:40] DEBUG | 循环#71 总耗时=297ms
[2026-09-29 12:30:40] DEBUG | 循环#82 总耗时=352ms
[2026-09-29 12:30:40] DEBUG | 匹配[快速]: 游戏中 (5游戏中2（中上）.png), conf=0.855, 153ms
[2026-09-29 12:30:40] DEBUG | 循环#68 总耗时=325ms
[2026-09-29 12:30:40] DEBUG | 匹配[快速]: 游戏中 (5游戏中2（中上）.png), conf=0.854, 229ms
[2026-09-29 12:30:40] DEBUG | 截图: 3840x2160, 耗时=164ms
[2026-09-29 12:30:40] INFO | [游戏中] 按I键
[2026-09-29 12:30:40] DEBUG | 按键 i: 三重发送开始 (scan=0x17, vk=0x49)
[2026-09-29 12:30:40] DEBUG | 截图: 3840x2160, 耗时=235ms
[2026-09-29 12:30:40] DEBUG | 截图: 3840x2160, 耗时=126ms
[2026-09-29 12:30:40] DEBUG | 匹配[快速]: 游戏中 (5游戏中2（中上）.png), conf=0.854, 50ms
[2026-09-29 12:30:40] INFO | [游戏中] 按I键
[2026-09-29 12:30:40] DEBUG | 按键 i: 三重发送开始 (scan=0x17, vk=0x49)
[2026-09-29 12:30:40] DEBUG | 匹配[快速]: 游戏中 (5游戏中2（中上）.png), conf=0.854, 39ms
[2026-09-29 12:30:40] INFO | [游戏中] 按I键
[2026-09-29 12:30:40] DEBUG | 按键 i: 三重发送开始 (scan=0x17, vk=0x49)
[2026-09-29 12:30:40] DEBUG | 匹配[快速]: 游戏中 (5游戏中2（中上）.png), conf=0.854, 30ms
[2026-09-29 12:30:40] INFO | [游戏中] 按I键
[2026-09-29 12:30:40] DEBUG | 按键 i: 三重发送开始 (scan=0x17, vk=0x49)
[2026-09-29 12:30:41] INFO | 按键: i(扫描码=0x17), 持续 0.3s
[2026-09-29 12:30:41] DEBUG | 循环#39591 总耗时=658ms
[2026-09-29 12:30:41] INFO | 按键: i(扫描码=0x17), 持续 0.3s
[2026-09-29 12:30:41] DEBUG | 循环#72 总耗时=533ms
[2026-09-29 12:30:41] INFO | 按键: i(扫描码=0x17), 持续 0.3s
[2026-09-29 12:30:41] DEBUG | 循环#83 总耗时=645ms
[2026-09-29 12:30:41] INFO | 按键: i(扫描码=0x17), 持续 0.3s
[2026-09-29 12:30:41] DEBUG | 循环#69 总耗时=601ms
[2026-09-29 12:30:41] DEBUG | 截图: 3840x2160, 耗时=222ms
[2026-09-29 12:30:41] DEBUG | 截图: 3840x2160, 耗时=285ms
[2026-09-29 12:30:41] DEBUG | 截图: 3840x2160, 耗时=185ms
[2026-09-29 12:30:41] DEBUG | 截图: 3840x2160, 耗时=139ms
[2026-09-29 12:30:41] DEBUG | 匹配[快速]: 游戏中 (5游戏中2（中上）.png), conf=0.852, 57ms
[2026-09-29 12:30:41] DEBUG | 循环#39592 总耗时=347ms
[2026-09-29 12:30:41] DEBUG | 匹配[快速]: 游戏中 (5游戏中2（中上）.png), conf=0.848, 98ms
[2026-09-29 12:30:41] DEBUG | 匹配[快速]: 游戏中 (5游戏中2（中上）.png), conf=0.850, 120ms
[2026-09-29 12:30:41] DEBUG | 循环#84 总耗时=288ms
[2026-09-29 12:30:41] DEBUG | 循环#73 总耗时=347ms
[2026-09-29 12:30:41] DEBUG | 截图: 3840x2160, 耗时=216ms
[2026-09-29 12:30:41] DEBUG | 匹配[快速]: 游戏中 (5游戏中2（中上）.png), conf=0.846, 229ms
[2026-09-29 12:30:41] DEBUG | 循环#70 总耗时=383ms
[2026-09-29 12:30:41] DEBUG | 截图: 3840x2160, 耗时=176ms
[2026-09-29 12:30:41] DEBUG | 截图: 3840x2160, 耗时=182ms
[2026-09-29 12:30:41] DEBUG | 截图: 3840x2160, 耗时=103ms
[2026-09-29 12:30:41] DEBUG | 匹配[快速]: 游戏中 (5游戏中2（中上）.png), conf=0.845, 118ms
[2026-09-29 12:30:41] DEBUG | 循环#39593 总耗时=340ms
[2026-09-29 12:30:41] DEBUG | 匹配[快速]: 游戏中 (5游戏中2（中上）.png), conf=0.845, 109ms
[2026-09-29 12:30:41] DEBUG | 循环#74 总耗时=342ms
[2026-09-29 12:30:41] DEBUG | 匹配[快速]: 游戏中 (5游戏中2（中上）.png), conf=0.845, 157ms
[2026-09-29 12:30:41] DEBUG | 循环#85 总耗时=344ms
[2026-09-29 12:30:42] DEBUG | 截图: 3840x2160, 耗时=205ms
[2026-09-29 12:30:42] DEBUG | 截图: 3840x2160, 耗时=160ms
[2026-09-29 12:30:42] DEBUG | 匹配[快速]: 游戏中 (5游戏中2（中上）.png), conf=0.845, 224ms
[2026-09-29 12:30:42] DEBUG | 循环#71 总耗时=335ms
[2026-09-29 12:30:42] DEBUG | 截图: 3840x2160, 耗时=172ms
[2026-09-29 12:30:42] DEBUG | 截图: 3840x2160, 耗时=101ms
[2026-09-29 12:30:42] DEBUG | 匹配[快速]: 游戏中 (5游戏中2（中上）.png), conf=0.846, 121ms
[2026-09-29 12:30:42] DEBUG | 循环#39594 总耗时=332ms
[2026-09-29 12:30:42] DEBUG | 匹配[快速]: 游戏中 (5游戏中2（中上）.png), conf=0.847, 159ms
[2026-09-29 12:30:42] DEBUG | 循环#75 总耗时=326ms
[2026-09-29 12:30:42] DEBUG | 匹配[快速]: 游戏中 (5游戏中2（中上）.png), conf=0.848, 146ms
[2026-09-29 12:30:42] DEBUG | 循环#86 总耗时=323ms
[2026-09-29 12:30:42] DEBUG | 截图: 3840x2160, 耗时=194ms
[2026-09-29 12:30:42] DEBUG | 截图: 3840x2160, 耗时=164ms
[2026-09-29 12:30:42] DEBUG | 截图: 3840x2160, 耗时=115ms
[2026-09-29 12:30:42] DEBUG | 匹配[快速]: 游戏中 (5游戏中2（中上）.png), conf=0.852, 232ms
[2026-09-29 12:30:42] DEBUG | 循环#72 总耗时=337ms
[2026-09-29 12:30:42] DEBUG | 匹配[快速]: 游戏中 (5游戏中2（中上）.png), conf=0.852, 100ms
[2026-09-29 12:30:42] DEBUG | 循环#39595 总耗时=298ms
[2026-09-29 12:30:42] DEBUG | 截图: 3840x2160, 耗时=137ms
[2026-09-29 12:30:42] DEBUG | 匹配[快速]: 游戏中 (5游戏中2（中上）.png), conf=0.852, 153ms
[2026-09-29 12:30:42] DEBUG | 循环#87 总耗时=274ms
[2026-09-29 12:30:42] DEBUG | 匹配[快速]: 游戏中 (5游戏中2（中上）.png), conf=0.852, 158ms
[2026-09-29 12:30:42] DEBUG | 循环#76 总耗时=326ms
[2026-09-29 12:30:42] DEBUG | 截图: 3840x2160, 耗时=189ms
[2026-09-29 12:30:42] DEBUG | 匹配[快速]: 游戏中 (5游戏中2（中上）.png), conf=0.852, 171ms
[2026-09-29 12:30:42] DEBUG | 截图: 3840x2160, 耗时=113ms
[2026-09-29 12:30:42] DEBUG | 循环#73 总耗时=314ms
[2026-09-29 12:30:42] DEBUG | 截图: 3840x2160, 耗时=230ms
[2026-09-29 12:30:42] DEBUG | 匹配[快速]: 游戏中 (5游戏中2（中上）.png), conf=0.852, 123ms
[2026-09-29 12:30:42] DEBUG | 循环#39596 总耗时=315ms
[2026-09-29 12:30:42] DEBUG | 截图: 3840x2160, 耗时=157ms
[2026-09-29 12:30:42] DEBUG | 匹配[快速]: 游戏中 (5游戏中2（中上）.png), conf=0.852, 175ms
[2026-09-29 12:30:42] DEBUG | 循环#88 总耗时=292ms
[2026-09-29 12:30:42] DEBUG | 匹配[快速]: 游戏中 (5游戏中2（中上）.png), conf=0.852, 112ms
[2026-09-29 12:30:42] DEBUG | 循环#77 总耗时=347ms
[2026-09-29 12:30:43] DEBUG | 截图: 3840x2160, 耗时=194ms
[2026-09-29 12:30:43] DEBUG | 截图: 3840x2160, 耗时=153ms
[2026-09-29 12:30:43] DEBUG | 匹配[快速]: 游戏中 (5游戏中2（中上）.png), conf=0.852, 174ms
[2026-09-29 12:30:43] DEBUG | 截图: 3840x2160, 耗时=114ms
[2026-09-29 12:30:43] DEBUG | 循环#74 总耗时=336ms
[2026-09-29 12:30:43] DEBUG | 匹配[快速]: 游戏中 (5游戏中2（中上）.png), conf=0.852, 136ms
[2026-09-29 12:30:43] DEBUG | 循环#39597 总耗时=336ms
[2026-09-29 12:30:43] DEBUG | 截图: 3840x2160, 耗时=138ms
[2026-09-29 12:30:43] DEBUG | 匹配[快速]: 游戏中 (5游戏中2（中上）.png), conf=0.847, 166ms
[2026-09-29 12:30:43] DEBUG | 循环#78 总耗时=322ms
[2026-09-29 12:30:43] DEBUG | 匹配[快速]: 游戏中 (5游戏中2（中上）.png), conf=0.833, 207ms
[2026-09-29 12:30:43] DEBUG | 循环#89 总耗时=326ms
[2026-09-29 12:30:43] DEBUG | 截图: 3840x2160, 耗时=186ms
[2026-09-29 12:30:43] DEBUG | 匹配[快速]: 游戏中 (5游戏中2（中上）.png), conf=0.834, 166ms
[2026-09-29 12:30:43] DEBUG | 循环#75 总耗时=308ms
[2026-09-29 12:30:43] DEBUG | 截图: 3840x2160, 耗时=212ms
[2026-09-29 12:30:43] DEBUG | 截图: 3840x2160, 耗时=168ms
[2026-09-29 12:30:43] DEBUG | 匹配[快速]: 游戏中 (5游戏中2（中上）.png), conf=0.837, 125ms
[2026-09-29 12:30:43] DEBUG | 循环#39598 总耗时=316ms
[2026-09-29 12:30:43] DEBUG | 截图: 3840x2160, 耗时=156ms
[2026-09-29 12:30:43] DEBUG | 匹配[快速]: 游戏中 (5游戏中2（中上）.png), conf=0.837, 119ms
[2026-09-29 12:30:43] DEBUG | 循环#79 总耗时=335ms
[2026-09-29 12:30:43] DEBUG | 匹配[快速]: 游戏中 (5游戏中2（中上）.png), conf=0.836, 162ms
[2026-09-29 12:30:43] DEBUG | 循环#90 总耗时=334ms
[2026-09-29 12:30:43] DEBUG | 截图: 3840x2160, 耗时=206ms
[2026-09-29 12:30:43] DEBUG | 匹配[快速]: 游戏中 (5游戏中2（中上）.png), conf=0.837, 178ms
[2026-09-29 12:30:43] DEBUG | 截图: 3840x2160, 耗时=162ms
[2026-09-29 12:30:43] DEBUG | 循环#76 总耗时=345ms
[2026-09-29 12:30:43] DEBUG | 截图: 3840x2160, 耗时=176ms
[2026-09-29 12:30:43] DEBUG | 匹配[快速]: 游戏中 (5游戏中2（中上）.png), conf=0.838, 136ms
[2026-09-29 12:30:43] DEBUG | 循环#39599 总耗时=346ms
[2026-09-29 12:30:43] DEBUG | 截图: 3840x2160, 耗时=149ms
[2026-09-29 12:30:43] DEBUG | 匹配[快速]: 游戏中 (5游戏中2（中上）.png), conf=0.835, 158ms
[2026-09-29 12:30:43] DEBUG | 循环#80 总耗时=323ms
[2026-09-29 12:30:43] DEBUG | 匹配[快速]: 游戏中 (5游戏中2（中上）.png), conf=0.836, 149ms
[2026-09-29 12:30:43] INFO | [游戏中] 按I键
[2026-09-29 12:30:43] DEBUG | 按键 i: 三重发送开始 (scan=0x17, vk=0x49)
[2026-09-29 12:30:43] DEBUG | 截图: 3840x2160, 耗时=158ms
[2026-09-29 12:30:43] DEBUG | 匹配[快速]: 游戏中 (5游戏中2（中上）.png), conf=0.841, 106ms
[2026-09-29 12:30:43] DEBUG | 截图: 3840x2160, 耗时=102ms
[2026-09-29 12:30:43] INFO | [游戏中] 按I键
[2026-09-29 12:30:43] DEBUG | 按键 i: 三重发送开始 (scan=0x17, vk=0x49)
[2026-09-29 12:30:44] DEBUG | 匹配[快速]: 游戏中 (5游戏中2（中上）.png), conf=0.842, 38ms
[2026-09-29 12:30:44] INFO | [游戏中] 按I键
[2026-09-29 12:30:44] DEBUG | 按键 i: 三重发送开始 (scan=0x17, vk=0x49)
[2026-09-29 12:30:44] DEBUG | 匹配[快速]: 游戏中 (5游戏中2（中上）.png), conf=0.842, 36ms
[2026-09-29 12:30:44] INFO | [游戏中] 按I键
[2026-09-29 12:30:44] DEBUG | 按键 i: 三重发送开始 (scan=0x17, vk=0x49)
[2026-09-29 12:30:44] INFO | 按键: i(扫描码=0x17), 持续 0.3s
[2026-09-29 12:30:44] DEBUG | 循环#91 总耗时=639ms
[2026-09-29 12:30:44] INFO | 按键: i(扫描码=0x17), 持续 0.3s
[2026-09-29 12:30:44] DEBUG | 循环#77 总耗时=580ms
[2026-09-29 12:30:44] INFO | 按键: i(扫描码=0x17), 持续 0.3s
[2026-09-29 12:30:44] DEBUG | 循环#81 总耗时=474ms
[2026-09-29 12:30:44] INFO | 按键: i(扫描码=0x17), 持续 0.3s
[2026-09-29 12:30:44] DEBUG | 循环#39600 总耗时=616ms
[2026-09-29 12:30:44] DEBUG | 截图: 3840x2160, 耗时=263ms
[2026-09-29 12:30:44] DEBUG | 截图: 3840x2160, 耗时=240ms
[2026-09-29 12:30:44] DEBUG | 截图: 3840x2160, 耗时=189ms
[2026-09-29 12:30:44] DEBUG | 截图: 3840x2160, 耗时=143ms
[2026-09-29 12:30:44] DEBUG | 匹配[快速]: 游戏中 (5游戏中2（中上）.png), conf=0.843, 78ms
[2026-09-29 12:30:44] DEBUG | 循环#92 总耗时=345ms
[2026-09-29 12:30:44] DEBUG | 匹配[快速]: 游戏中 (5游戏中2（中上）.png), conf=0.843, 103ms
[2026-09-29 12:30:44] DEBUG | 循环#78 总耗时=349ms
[2026-09-29 12:30:44] DEBUG | 匹配[快速]: 游戏中 (5游戏中2（中上）.png), conf=0.839, 99ms
[2026-09-29 12:30:44] DEBUG | 循环#82 总耗时=353ms
[2026-09-29 12:30:44] DEBUG | 匹配[快速]: 游戏中 (5游戏中2（中上）.png), conf=0.843, 185ms
[2026-09-29 12:30:44] DEBUG | 循环#39601 总耗时=335ms
[2026-09-29 12:30:44] DEBUG | 截图: 3840x2160, 耗时=231ms
[2026-09-29 12:30:44] DEBUG | 截图: 3840x2160, 耗时=195ms
[2026-09-29 12:30:44] DEBUG | 截图: 3840x2160, 耗时=171ms
[2026-09-29 12:30:44] DEBUG | 截图: 3840x2160, 耗时=137ms
[2026-09-29 12:30:44] DEBUG | 匹配[快速]: 游戏中 (5游戏中2（中上）.png), conf=0.846, 75ms
[2026-09-29 12:30:44] DEBUG | 循环#93 总耗时=311ms
[2026-09-29 12:30:44] DEBUG | 匹配[快速]: 游戏中 (5游戏中2（中上）.png), conf=0.849, 112ms
[2026-09-29 12:30:44] DEBUG | 循环#79 总耗时=312ms
[2026-09-29 12:30:45] DEBUG | 匹配[快速]: 游戏中 (5游戏中2（中上）.png), conf=0.849, 151ms
[2026-09-29 12:30:45] DEBUG | 循环#83 总耗时=328ms
[2026-09-29 12:30:45] DEBUG | 截图: 3840x2160, 耗时=201ms
[2026-09-29 12:30:45] DEBUG | 匹配[快速]: 游戏中 (5游戏中2（中上）.png), conf=0.853, 217ms
[2026-09-29 12:30:45] DEBUG | 截图: 3840x2160, 耗时=165ms
[2026-09-29 12:30:45] DEBUG | 循环#39602 总耗时=372ms
[2026-09-29 12:30:45] DEBUG | 截图: 3840x2160, 耗时=163ms
[2026-09-29 12:30:45] DEBUG | 匹配[快速]: 游戏中 (5游戏中2（中上）.png), conf=0.849, 117ms
[2026-09-29 12:30:45] DEBUG | 循环#94 总耗时=322ms
[2026-09-29 12:30:45] DEBUG | 截图: 3840x2160, 耗时=145ms
[2026-09-29 12:30:45] DEBUG | 匹配[快速]: 游戏中 (5游戏中2（中上）.png), conf=0.847, 153ms
[2026-09-29 12:30:45] DEBUG | 循环#80 总耗时=324ms
[2026-09-29 12:30:45] DEBUG | 匹配[快速]: 游戏中 (5游戏中2（中上）.png), conf=0.841, 181ms
[2026-09-29 12:30:45] DEBUG | 循环#84 总耗时=350ms
[2026-09-29 12:30:45] DEBUG | 截图: 3840x2160, 耗时=218ms
[2026-09-29 12:30:45] DEBUG | 截图: 3840x2160, 耗时=171ms
[2026-09-29 12:30:45] DEBUG | 匹配[快速]: 游戏中 (5游戏中2（中上）.png), conf=0.836, 185ms
[2026-09-29 12:30:45] DEBUG | 循环#39603 总耗时=336ms
[2026-09-29 12:30:45] DEBUG | 截图: 3840x2160, 耗时=148ms
[2026-09-29 12:30:45] DEBUG | 匹配[快速]: 游戏中 (5游戏中2（中上）.png), conf=0.838, 112ms
[2026-09-29 12:30:45] DEBUG | 循环#95 总耗时=335ms
[2026-09-29 12:30:45] DEBUG | 匹配[快速]: 游戏中 (5游戏中2（中上）.png), conf=0.836, 155ms
[2026-09-29 12:30:45] DEBUG | 截图: 3840x2160, 耗时=148ms
[2026-09-29 12:30:45] DEBUG | 循环#81 总耗时=331ms
[2026-09-29 12:30:45] DEBUG | 匹配[快速]: 游戏中 (5游戏中2（中上）.png), conf=0.835, 174ms
[2026-09-29 12:30:45] DEBUG | 循环#85 总耗时=327ms
[2026-09-29 12:30:45] DEBUG | 截图: 3840x2160, 耗时=156ms
[2026-09-29 12:30:45] DEBUG | 截图: 3840x2160, 耗时=230ms
[2026-09-29 12:30:45] DEBUG | 匹配[快速]: 游戏中 (5游戏中2（中上）.png), conf=0.839, 180ms
[2026-09-29 12:30:45] DEBUG | 循环#39604 总耗时=333ms
[2026-09-29 12:30:45] DEBUG | 截图: 3840x2160, 耗时=157ms
[2026-09-29 12:30:45] DEBUG | 匹配[快速]: 游戏中 (5游戏中2（中上）.png), conf=0.838, 112ms
[2026-09-29 12:30:45] DEBUG | 循环#82 总耗时=272ms
[2026-09-29 12:30:45] DEBUG | 截图: 3840x2160, 耗时=100ms
[2026-09-29 12:30:45] DEBUG | 匹配[快速]: 游戏中 (5游戏中2（中上）.png), conf=0.836, 109ms
[2026-09-29 12:30:45] DEBUG | 循环#96 总耗时=351ms
[2026-09-29 12:30:46] DEBUG | 匹配[快速]: 游戏中 (5游戏中2（中上）.png), conf=0.838, 158ms
[2026-09-29 12:30:46] DEBUG | 循环#86 总耗时=321ms
[2026-09-29 12:30:46] DEBUG | 截图: 3840x2160, 耗时=208ms
[2026-09-29 12:30:46] DEBUG | 截图: 3840x2160, 耗时=172ms
[2026-09-29 12:30:46] DEBUG | 截图: 3840x2160, 耗时=122ms
[2026-09-29 12:30:46] DEBUG | 匹配[快速]: 游戏中 (5游戏中2（中上）.png), conf=0.840, 250ms
[2026-09-29 12:30:46] DEBUG | 循环#39605 总耗时=355ms
[2026-09-29 12:30:46] DEBUG | 匹配[快速]: 游戏中 (5游戏中2（中上）.png), conf=0.841, 94ms
[2026-09-29 12:30:46] DEBUG | 循环#83 总耗时=273ms
[2026-09-29 12:30:46] DEBUG | 匹配[快速]: 游戏中 (5游戏中2（中上）.png), conf=0.841, 114ms
[2026-09-29 12:30:46] DEBUG | 循环#97 总耗时=336ms
[2026-09-29 12:30:46] DEBUG | 截图: 3840x2160, 耗时=197ms
[2026-09-29 12:30:46] DEBUG | 匹配[快速]: 游戏中 (5游戏中2（中上）.png), conf=0.841, 199ms
[2026-09-29 12:30:46] DEBUG | 循环#87 总耗时=330ms
[2026-09-29 12:30:46] DEBUG | 截图: 3840x2160, 耗时=216ms
[2026-09-29 12:30:46] DEBUG | 截图: 3840x2160, 耗时=113ms
[2026-09-29 12:30:46] DEBUG | 截图: 3840x2160, 耗时=182ms
[2026-09-29 12:30:46] DEBUG | 匹配[快速]: 游戏中 (5游戏中2（中上）.png), conf=0.840, 139ms
[2026-09-29 12:30:46] DEBUG | 循环#39606 总耗时=340ms
[2026-09-29 12:30:46] DEBUG | 匹配[快速]: 游戏中 (5游戏中2（中上）.png), conf=0.841, 101ms
[2026-09-29 12:30:46] DEBUG | 循环#98 总耗时=321ms
[2026-09-29 12:30:46] DEBUG | 匹配[快速]: 游戏中 (5游戏中2（中上）.png), conf=0.841, 146ms
[2026-09-29 12:30:46] DEBUG | 循环#88 总耗时=264ms
[2026-09-29 12:30:46] DEBUG | 匹配[快速]: 游戏中 (5游戏中2（中上）.png), conf=0.841, 146ms
[2026-09-29 12:30:46] DEBUG | 循环#84 总耗时=332ms
[2026-09-29 12:30:46] DEBUG | 截图: 3840x2160, 耗时=254ms
[2026-09-29 12:30:46] DEBUG | 截图: 3840x2160, 耗时=198ms
[2026-09-29 12:30:46] DEBUG | 截图: 3840x2160, 耗时=171ms
[2026-09-29 12:30:46] DEBUG | 截图: 3840x2160, 耗时=125ms
[2026-09-29 12:30:46] DEBUG | 匹配[快速]: 游戏中 (5游戏中2（中上）.png), conf=0.841, 77ms
[2026-09-29 12:30:46] DEBUG | 循环#39607 总耗时=337ms
[2026-09-29 12:30:46] DEBUG | 匹配[快速]: 游戏中 (5游戏中2（中上）.png), conf=0.841, 108ms
[2026-09-29 12:30:46] DEBUG | 循环#99 总耗时=320ms
[2026-09-29 12:30:46] DEBUG | 匹配[快速]: 游戏中 (5游戏中2（中上）.png), conf=0.841, 152ms
[2026-09-29 12:30:46] DEBUG | 匹配[快速]: 游戏中 (5游戏中2（中上）.png), conf=0.841, 157ms
[2026-09-29 12:30:46] DEBUG | 循环#85 总耗时=342ms
[2026-09-29 12:30:46] DEBUG | 循环#89 总耗时=286ms
[2026-09-29 12:30:47] DEBUG | 截图: 3840x2160, 耗时=205ms
[2026-09-29 12:30:47] DEBUG | 截图: 3840x2160, 耗时=164ms
[2026-09-29 12:30:47] DEBUG | 截图: 3840x2160, 耗时=156ms
[2026-09-29 12:30:47] DEBUG | 截图: 3840x2160, 耗时=108ms
[2026-09-29 12:30:47] DEBUG | 匹配[快速]: 游戏中 (5游戏中2（中上）.png), conf=0.841, 122ms
[2026-09-29 12:30:47] INFO | [游戏中] 按I键
[2026-09-29 12:30:47] DEBUG | 按键 i: 三重发送开始 (scan=0x17, vk=0x49)
[2026-09-29 12:30:47] DEBUG | 匹配[快速]: 游戏中 (5游戏中2（中上）.png), conf=0.841, 118ms
[2026-09-29 12:30:47] INFO | [游戏中] 按I键
[2026-09-29 12:30:47] DEBUG | 按键 i: 三重发送开始 (scan=0x17, vk=0x49)
[2026-09-29 12:30:47] DEBUG | 匹配[快速]: 游戏中 (5游戏中2（中上）.png), conf=0.841, 45ms
[2026-09-29 12:30:47] INFO | [游戏中] 按I键
[2026-09-29 12:30:47] DEBUG | 按键 i: 三重发送开始 (scan=0x17, vk=0x49)
[2026-09-29 12:30:47] DEBUG | 匹配[快速]: 游戏中 (5游戏中2（中上）.png), conf=0.841, 34ms
[2026-09-29 12:30:47] INFO | [游戏中] 按I键
[2026-09-29 12:30:47] DEBUG | 按键 i: 三重发送开始 (scan=0x17, vk=0x49)
[2026-09-29 12:30:47] INFO | 按键: i(扫描码=0x17), 持续 0.3s
[2026-09-29 12:30:47] DEBUG | 循环#39608 总耗时=636ms
[2026-09-29 12:30:47] INFO | 按键: i(扫描码=0x17), 持续 0.3s
[2026-09-29 12:30:47] DEBUG | 循环#90 总耗时=477ms
[2026-09-29 12:30:47] INFO | 按键: i(扫描码=0x17), 持续 0.3s
[2026-09-29 12:30:47] DEBUG | 循环#86 总耗时=603ms
[2026-09-29 12:30:47] INFO | 按键: i(扫描码=0x17), 持续 0.3s
[2026-09-29 12:30:47] DEBUG | 循环#100 总耗时=768ms
[2026-09-29 12:30:47] DEBUG | 截图: 3840x2160, 耗时=256ms
[2026-09-29 12:30:47] DEBUG | 截图: 3840x2160, 耗时=207ms
[2026-09-29 12:30:47] DEBUG | 截图: 3840x2160, 耗时=176ms
[2026-09-29 12:30:47] DEBUG | 截图: 3840x2160, 耗时=124ms
[2026-09-29 12:30:47] DEBUG | 匹配[快速]: 游戏中 (5游戏中2（中上）.png), conf=0.841, 56ms
[2026-09-29 12:30:47] DEBUG | 循环#91 总耗时=266ms
[2026-09-29 12:30:47] DEBUG | 匹配[快速]: 游戏中 (5游戏中2（中上）.png), conf=0.841, 68ms
[2026-09-29 12:30:47] DEBUG | 循环#39609 总耗时=328ms
[2026-09-29 12:30:47] DEBUG | 匹配[快速]: 游戏中 (5游戏中2（中上）.png), conf=0.841, 144ms
[2026-09-29 12:30:47] DEBUG | 循环#87 总耗时=323ms
[2026-09-29 12:30:48] DEBUG | 匹配[快速]: 游戏中 (5游戏中2（中上）.png), conf=0.841, 218ms
[2026-09-29 12:30:48] DEBUG | 循环#101 总耗时=347ms
[2026-09-29 12:30:48] DEBUG | 截图: 3840x2160, 耗时=221ms
[2026-09-29 12:30:48] DEBUG | 截图: 3840x2160, 耗时=282ms
[2026-09-29 12:30:48] DEBUG | 截图: 3840x2160, 耗时=196ms
[2026-09-29 12:30:48] DEBUG | 截图: 3840x2160, 耗时=124ms
[2026-09-29 12:30:48] DEBUG | 匹配[快速]: 游戏中 (5游戏中2（中上）.png), conf=0.871, 68ms
[2026-09-29 12:30:48] DEBUG | 循环#92 总耗时=294ms
[2026-09-29 12:30:48] DEBUG | 匹配[快速]: 游戏中 (5游戏中2（中上）.png), conf=0.871, 39ms
[2026-09-29 12:30:48] DEBUG | 循环#88 总耗时=245ms
[2026-09-29 12:30:48] DEBUG | 匹配[快速]: 游戏中 (5游戏中2（中上）.png), conf=0.871, 65ms
[2026-09-29 12:30:48] DEBUG | 循环#39610 总耗时=350ms
[2026-09-29 12:30:48] DEBUG | 匹配[快速]: 游戏中 (5游戏中2（中上）.png), conf=0.871, 239ms
[2026-09-29 12:30:48] DEBUG | 循环#102 总耗时=378ms
[2026-09-29 12:30:48] DEBUG | 截图: 3840x2160, 耗时=297ms
[2026-09-29 12:30:48] DEBUG | 截图: 3840x2160, 耗时=182ms
[2026-09-29 12:30:48] DEBUG | 截图: 3840x2160, 耗时=254ms
[2026-09-29 12:30:48] DEBUG | 匹配[快速]: 游戏中 (5游戏中2（中上）.png), conf=0.871, 44ms
[2026-09-29 12:30:48] DEBUG | 截图: 3840x2160, 耗时=115ms
[2026-09-29 12:30:48] DEBUG | 循环#39611 总耗时=348ms
[2026-09-29 12:30:48] DEBUG | 匹配[快速]: 游戏中 (5游戏中2（中上）.png), conf=0.871, 99ms
[2026-09-29 12:30:48] DEBUG | 循环#89 总耗时=292ms
[2026-09-29 12:30:48] DEBUG | 匹配[快速]: 游戏中 (5游戏中2（中上）.png), conf=0.871, 97ms
[2026-09-29 12:30:48] DEBUG | 循环#93 总耗时=355ms
[2026-09-29 12:30:48] DEBUG | 截图: 3840x2160, 耗时=216ms
[2026-09-29 12:30:48] DEBUG | 截图: 3840x2160, 耗时=169ms
[2026-09-29 12:30:48] DEBUG | 匹配[快速]: 游戏中 (5游戏中2（中上）.png), conf=0.871, 236ms
[2026-09-29 12:30:48] DEBUG | 循环#103 总耗时=357ms
[2026-09-29 12:30:48] DEBUG | 截图: 3840x2160, 耗时=127ms
[2026-09-29 12:30:48] DEBUG | 匹配[快速]: 游戏中 (5游戏中2（中上）.png), conf=0.871, 88ms
[2026-09-29 12:30:48] DEBUG | 循环#39612 总耗时=309ms
[2026-09-29 12:30:48] DEBUG | 匹配[快速]: 游戏中 (5游戏中2（中上）.png), conf=0.871, 147ms
[2026-09-29 12:30:48] DEBUG | 匹配[快速]: 游戏中 (5游戏中2（中上）.png), conf=0.871, 86ms
[2026-09-29 12:30:48] DEBUG | 循环#94 总耗时=320ms
[2026-09-29 12:30:48] DEBUG | 循环#90 总耗时=270ms
[2026-09-29 12:30:48] DEBUG | 截图: 3840x2160, 耗时=207ms
[2026-09-29 12:30:48] DEBUG | 截图: 3840x2160, 耗时=158ms
[2026-09-29 12:30:49] DEBUG | 匹配[快速]: 游戏中 (5游戏中2（中上）.png), conf=0.871, 102ms
[2026-09-29 12:30:49] DEBUG | 循环#104 总耗时=313ms
[2026-09-29 12:30:49] DEBUG | 截图: 3840x2160, 耗时=172ms
[2026-09-29 12:30:49] DEBUG | 截图: 3840x2160, 耗时=148ms
[2026-09-29 12:30:49] DEBUG | 匹配[快速]: 游戏中 (5游戏中2（中上）.png), conf=0.871, 160ms
[2026-09-29 12:30:49] DEBUG | 循环#39613 总耗时=336ms
[2026-09-29 12:30:49] DEBUG | 截图: 3840x2160, 耗时=154ms
[2026-09-29 12:30:49] DEBUG | 匹配[快速]: 游戏中 (5游戏中2（中上）.png), conf=0.871, 98ms
[2026-09-29 12:30:49] DEBUG | 循环#95 总耗时=332ms
[2026-09-29 12:30:49] DEBUG | 匹配[快速]: 游戏中 (5游戏中2（中上）.png), conf=0.871, 156ms
[2026-09-29 12:30:49] DEBUG | 循环#91 总耗时=309ms
[2026-09-29 12:30:49] DEBUG | 截图: 3840x2160, 耗时=207ms
[2026-09-29 12:30:49] DEBUG | 匹配[快速]: 游戏中 (5游戏中2（中上）.png), conf=0.871, 153ms
[2026-09-29 12:30:49] DEBUG | 循环#105 总耗时=311ms
[2026-09-29 12:30:49] DEBUG | 截图: 3840x2160, 耗时=226ms
[2026-09-29 12:30:49] DEBUG | 截图: 3840x2160, 耗时=166ms
[2026-09-29 12:30:49] DEBUG | 匹配[快速]: 游戏中 (5游戏中2（中上）.png), conf=0.871, 121ms
[2026-09-29 12:30:49] DEBUG | 循环#39614 总耗时=332ms
[2026-09-29 12:30:49] DEBUG | 截图: 3840x2160, 耗时=172ms
[2026-09-29 12:30:49] DEBUG | 匹配[快速]: 游戏中 (5游戏中2（中上）.png), conf=0.871, 98ms
[2026-09-29 12:30:49] DEBUG | 循环#96 总耗时=330ms
[2026-09-29 12:30:49] DEBUG | 匹配[快速]: 游戏中 (5游戏中2（中上）.png), conf=0.871, 160ms
[2026-09-29 12:30:49] DEBUG | 循环#92 总耗时=344ms
[2026-09-29 12:30:49] DEBUG | 截图: 3840x2160, 耗时=223ms
[2026-09-29 12:30:49] DEBUG | 匹配[快速]: 游戏中 (5游戏中2（中上）.png), conf=0.871, 165ms
[2026-09-29 12:30:49] DEBUG | 循环#106 总耗时=345ms
[2026-09-29 12:30:49] DEBUG | 截图: 3840x2160, 耗时=167ms
[2026-09-29 12:30:49] DEBUG | 截图: 3840x2160, 耗时=165ms
[2026-09-29 12:30:49] DEBUG | 匹配[快速]: 游戏中 (5游戏中2（中上）.png), conf=0.871, 108ms
[2026-09-29 12:30:49] DEBUG | 循环#39615 总耗时=337ms
[2026-09-29 12:30:49] DEBUG | 截图: 3840x2160, 耗时=157ms
[2026-09-29 12:30:49] DEBUG | 匹配[快速]: 游戏中 (5游戏中2（中上）.png), conf=0.871, 93ms
[2026-09-29 12:30:49] DEBUG | 循环#97 总耗时=331ms
[2026-09-29 12:30:49] DEBUG | 匹配[快速]: 游戏中 (5游戏中2（中上）.png), conf=0.870, 156ms
[2026-09-29 12:30:49] DEBUG | 循环#93 总耗时=326ms
[2026-09-29 12:30:50] DEBUG | 截图: 3840x2160, 耗时=208ms
[2026-09-29 12:30:50] DEBUG | 截图: 3840x2160, 耗时=164ms
[2026-09-29 12:30:50] DEBUG | 匹配[快速]: 游戏中 (5游戏中2（中上）.png), conf=0.870, 170ms
[2026-09-29 12:30:50] DEBUG | 循环#107 总耗时=334ms
[2026-09-29 12:30:50] DEBUG | 截图: 3840x2160, 耗时=176ms
[2026-09-29 12:30:50] DEBUG | 匹配[快速]: 游戏中 (5游戏中2（中上）.png), conf=0.870, 116ms
[2026-09-29 12:30:50] DEBUG | 循环#39616 总耗时=334ms
[2026-09-29 12:30:50] DEBUG | 截图: 3840x2160, 耗时=160ms
[2026-09-29 12:30:50] DEBUG | 匹配[快速]: 游戏中 (5游戏中2（中上）.png), conf=0.870, 166ms
[2026-09-29 12:30:50] INFO | [游戏中] 按I键
[2026-09-29 12:30:50] DEBUG | 按键 i: 三重发送开始 (scan=0x17, vk=0x49)
[2026-09-29 12:30:50] DEBUG | 匹配[快速]: 游戏中 (5游戏中2（中上）.png), conf=0.871, 94ms
[2026-09-29 12:30:50] INFO | [游戏中] 按I键
[2026-09-29 12:30:50] DEBUG | 按键 i: 三重发送开始 (scan=0x17, vk=0x49)
[2026-09-29 12:30:50] DEBUG | 截图: 3840x2160, 耗时=95ms
[2026-09-29 12:30:50] DEBUG | 匹配[快速]: 游戏中 (5游戏中2（中上）.png), conf=0.867, 42ms
[2026-09-29 12:30:50] INFO | [游戏中] 按I键
[2026-09-29 12:30:50] DEBUG | 按键 i: 三重发送开始 (scan=0x17, vk=0x49)
[2026-09-29 12:30:50] DEBUG | 匹配[快速]: 游戏中 (5游戏中2（中上）.png), conf=0.868, 18ms
[2026-09-29 12:30:50] INFO | [游戏中] 按I键
[2026-09-29 12:30:50] DEBUG | 按键 i: 三重发送开始 (scan=0x17, vk=0x49)
[2026-09-29 12:30:50] INFO | 按键: i(扫描码=0x17), 持续 0.3s
[2026-09-29 12:30:50] DEBUG | 循环#98 总耗时=638ms
[2026-09-29 12:30:50] INFO | 按键: i(扫描码=0x17), 持续 0.3s
[2026-09-29 12:30:50] DEBUG | 循环#94 总耗时=603ms
[2026-09-29 12:30:50] INFO | 按键: i(扫描码=0x17), 持续 0.3s
[2026-09-29 12:30:50] DEBUG | 循环#108 总耗时=575ms
[2026-09-29 12:30:50] INFO | 按键: i(扫描码=0x17), 持续 0.3s
[2026-09-29 12:30:50] DEBUG | 循环#39617 总耗时=553ms
[2026-09-29 12:30:50] DEBUG | 截图: 3840x2160, 耗时=259ms
[2026-09-29 12:30:50] DEBUG | 截图: 3840x2160, 耗时=231ms
[2026-09-29 12:30:50] DEBUG | 截图: 3840x2160, 耗时=202ms
[2026-09-29 12:30:50] DEBUG | 截图: 3840x2160, 耗时=130ms
[2026-09-29 12:30:50] DEBUG | 匹配[快速]: 游戏中 (5游戏中2（中上）.png), conf=0.871, 66ms
[2026-09-29 12:30:50] DEBUG | 循环#99 总耗时=330ms
[2026-09-29 12:30:50] DEBUG | 匹配[快速]: 游戏中 (5游戏中2（中上）.png), conf=0.871, 95ms
[2026-09-29 12:30:50] DEBUG | 循环#95 总耗时=332ms
[2026-09-29 12:30:50] DEBUG | 匹配[快速]: 游戏中 (5游戏中2（中上）.png), conf=0.871, 139ms
[2026-09-29 12:30:50] DEBUG | 循环#109 总耗时=359ms
[2026-09-29 12:30:51] DEBUG | 截图: 3840x2160, 耗时=197ms
[2026-09-29 12:30:51] DEBUG | 匹配[快速]: 游戏中 (5游戏中2（中上）.png), conf=0.871, 206ms
[2026-09-29 12:30:51] DEBUG | 循环#39618 总耗时=343ms
[2026-09-29 12:30:51] DEBUG | 截图: 3840x2160, 耗时=206ms
[2026-09-29 12:30:51] DEBUG | 截图: 3840x2160, 耗时=172ms
[2026-09-29 12:30:51] DEBUG | 匹配[快速]: 游戏中 (5游戏中2（中上）.png), conf=0.870, 111ms
[2026-09-29 12:30:51] DEBUG | 循环#100 总耗时=314ms
[2026-09-29 12:30:51] DEBUG | 匹配[快速]: 游戏中 (5游戏中2（中上）.png), conf=0.870, 103ms
[2026-09-29 12:30:51] DEBUG | 截图: 3840x2160, 耗时=164ms
[2026-09-29 12:30:51] DEBUG | 循环#96 总耗时=317ms
[2026-09-29 12:30:51] DEBUG | 截图: 3840x2160, 耗时=162ms
[2026-09-29 12:30:51] DEBUG | 匹配[快速]: 游戏中 (5游戏中2（中上）.png), conf=0.870, 168ms
[2026-09-29 12:30:51] DEBUG | 循环#110 总耗时=345ms
[2026-09-29 12:30:51] DEBUG | 匹配[快速]: 游戏中 (5游戏中2（中上）.png), conf=0.870, 165ms
[2026-09-29 12:30:51] DEBUG | 截图: 3840x2160, 耗时=164ms
[2026-09-29 12:30:51] DEBUG | 循环#39619 总耗时=335ms
[2026-09-29 12:30:51] DEBUG | 匹配[快速]: 游戏中 (5游戏中2（中上）.png), conf=0.870, 163ms
[2026-09-29 12:30:51] DEBUG | 截图: 3840x2160, 耗时=165ms
[2026-09-29 12:30:51] DEBUG | 循环#101 总耗时=333ms
[2026-09-29 12:30:51] DEBUG | 截图: 3840x2160, 耗时=161ms
[2026-09-29 12:30:51] DEBUG | 匹配[快速]: 游戏中 (5游戏中2（中上）.png), conf=0.870, 162ms
[2026-09-29 12:30:51] DEBUG | 循环#97 总耗时=335ms
[2026-09-29 12:30:51] DEBUG | 截图: 3840x2160, 耗时=162ms
[2026-09-29 12:30:51] DEBUG | 匹配[快速]: 游戏中 (5游戏中2（中上）.png), conf=0.870, 164ms
[2026-09-29 12:30:51] DEBUG | 循环#111 总耗时=337ms
[2026-09-29 12:30:51] DEBUG | 匹配[快速]: 游戏中 (5游戏中2（中上）.png), conf=0.870, 165ms
[2026-09-29 12:30:51] DEBUG | 循环#39620 总耗时=333ms
[2026-09-29 12:30:51] DEBUG | 截图: 3840x2160, 耗时=219ms
[2026-09-29 12:30:51] DEBUG | 截图: 3840x2160, 耗时=157ms
[2026-09-29 12:30:51] DEBUG | 截图: 3840x2160, 耗时=111ms
[2026-09-29 12:30:51] DEBUG | 匹配[快速]: 游戏中 (5游戏中2（中上）.png), conf=0.870, 174ms
[2026-09-29 12:30:51] DEBUG | 循环#102 总耗时=343ms
[2026-09-29 12:30:51] DEBUG | 匹配[快速]: 游戏中 (5游戏中2（中上）.png), conf=0.871, 113ms
[2026-09-29 12:30:51] DEBUG | 循环#98 总耗时=343ms
[2026-09-29 12:30:51] DEBUG | 匹配[快速]: 游戏中 (5游戏中2（中上）.png), conf=0.871, 139ms
[2026-09-29 12:30:51] DEBUG | 循环#112 总耗时=303ms
[2026-09-29 12:30:52] DEBUG | 截图: 3840x2160, 耗时=196ms
[2026-09-29 12:30:52] DEBUG | 截图: 3840x2160, 耗时=163ms
[2026-09-29 12:30:52] DEBUG | 匹配[快速]: 游戏中 (5游戏中2（中上）.png), conf=0.870, 227ms
[2026-09-29 12:30:52] DEBUG | 循环#39621 总耗时=346ms
[2026-09-29 12:30:52] DEBUG | 匹配[快速]: 游戏中 (5游戏中2（中上）.png), conf=0.870, 93ms
[2026-09-29 12:30:52] DEBUG | 循环#103 总耗时=296ms
[2026-09-29 12:30:52] DEBUG | 截图: 3840x2160, 耗时=170ms
[2026-09-29 12:30:52] DEBUG | 匹配[快速]: 游戏中 (5游戏中2（中上）.png), conf=0.870, 145ms
[2026-09-29 12:30:52] DEBUG | 循环#99 总耗时=313ms
[2026-09-29 12:30:52] DEBUG | 截图: 3840x2160, 耗时=218ms
[2026-09-29 12:30:52] DEBUG | 截图: 3840x2160, 耗时=174ms
[2026-09-29 12:30:52] DEBUG | 匹配[快速]: 游戏中 (5游戏中2（中上）.png), conf=0.870, 181ms
[2026-09-29 12:30:52] DEBUG | 循环#113 总耗时=355ms
[2026-09-29 12:30:52] DEBUG | 截图: 3840x2160, 耗时=168ms
[2026-09-29 12:30:52] DEBUG | 匹配[快速]: 游戏中 (5游戏中2（中上）.png), conf=0.870, 99ms
[2026-09-29 12:30:52] DEBUG | 循环#39622 总耗时=322ms
[2026-09-29 12:30:52] DEBUG | 匹配[快速]: 游戏中 (5游戏中2（中上）.png), conf=0.870, 145ms
[2026-09-29 12:30:52] DEBUG | 循环#104 总耗时=326ms
[2026-09-29 12:30:52] DEBUG | 截图: 3840x2160, 耗时=216ms
[2026-09-29 12:30:52] DEBUG | 匹配[快速]: 游戏中 (5游戏中2（中上）.png), conf=0.870, 163ms
[2026-09-29 12:30:52] DEBUG | 循环#100 总耗时=337ms
[2026-09-29 12:30:52] DEBUG | 截图: 3840x2160, 耗时=160ms
[2026-09-29 12:30:52] DEBUG | 截图: 3840x2160, 耗时=157ms
[2026-09-29 12:30:52] DEBUG | 匹配[快速]: 游戏中 (5游戏中2（中上）.png), conf=0.870, 113ms
[2026-09-29 12:30:52] DEBUG | 循环#114 总耗时=334ms
[2026-09-29 12:30:52] DEBUG | 匹配[快速]: 游戏中 (5游戏中2（中上）.png), conf=0.870, 94ms
[2026-09-29 12:30:52] DEBUG | 循环#39623 总耗时=325ms
[2026-09-29 12:30:52] DEBUG | 截图: 3840x2160, 耗时=223ms
[2026-09-29 12:30:52] DEBUG | 截图: 3840x2160, 耗时=141ms
[2026-09-29 12:30:52] DEBUG | 匹配[快速]: 游戏中 (5游戏中2（中上）.png), conf=0.870, 163ms
[2026-09-29 12:30:52] DEBUG | 循环#105 总耗时=328ms
[2026-09-29 12:30:52] DEBUG | 匹配[快速]: 游戏中 (5游戏中2（中上）.png), conf=0.870, 89ms
[2026-09-29 12:30:52] DEBUG | 循环#101 总耗时=317ms
[2026-09-29 12:30:52] DEBUG | 截图: 3840x2160, 耗时=210ms
[2026-09-29 12:30:52] DEBUG | 匹配[快速]: 游戏中 (5游戏中2（中上）.png), conf=0.870, 176ms
[2026-09-29 12:30:52] DEBUG | 循环#115 总耗时=324ms
[2026-09-29 12:30:52] DEBUG | 截图: 3840x2160, 耗时=171ms
[2026-09-29 12:30:53] DEBUG | 截图: 3840x2160, 耗时=172ms
[2026-09-29 12:30:53] DEBUG | 匹配[快速]: 游戏中 (5游戏中2（中上）.png), conf=0.870, 123ms
[2026-09-29 12:30:53] DEBUG | 循环#39624 总耗时=338ms
[2026-09-29 12:30:53] DEBUG | 匹配[快速]: 游戏中 (5游戏中2（中上）.png), conf=0.869, 95ms
[2026-09-29 12:30:53] DEBUG | 截图: 3840x2160, 耗时=162ms
[2026-09-29 12:30:53] DEBUG | 循环#102 总耗时=281ms
[2026-09-29 12:30:53] DEBUG | 匹配[快速]: 游戏中 (5游戏中2（中上）.png), conf=0.870, 115ms
[2026-09-29 12:30:53] DEBUG | 循环#106 总耗时=347ms
[2026-09-29 12:30:53] DEBUG | 截图: 3840x2160, 耗时=222ms
[2026-09-29 12:30:53] DEBUG | 匹配[快速]: 游戏中 (5游戏中2（中上）.png), conf=0.870, 159ms
[2026-09-29 12:30:53] DEBUG | 截图: 3840x2160, 耗时=165ms
[2026-09-29 12:30:53] INFO | [游戏中] 按I键
[2026-09-29 12:30:53] DEBUG | 按键 i: 三重发送开始 (scan=0x17, vk=0x49)
[2026-09-29 12:30:53] DEBUG | 截图: 3840x2160, 耗时=120ms
[2026-09-29 12:30:53] DEBUG | 匹配[快速]: 游戏中 (5游戏中2（中上）.png), conf=0.870, 63ms
[2026-09-29 12:30:53] INFO | [游戏中] 按I键
[2026-09-29 12:30:53] DEBUG | 按键 i: 三重发送开始 (scan=0x17, vk=0x49)
[2026-09-29 12:30:53] DEBUG | 匹配[快速]: 游戏中 (5游戏中2（中上）.png), conf=0.870, 30ms
[2026-09-29 12:30:53] INFO | [游戏中] 按I键
[2026-09-29 12:30:53] DEBUG | 按键 i: 三重发送开始 (scan=0x17, vk=0x49)
[2026-09-29 12:30:53] DEBUG | 匹配[快速]: 游戏中 (5游戏中2（中上）.png), conf=0.870, 24ms
[2026-09-29 12:30:53] INFO | [游戏中] 按I键
[2026-09-29 12:30:53] DEBUG | 按键 i: 三重发送开始 (scan=0x17, vk=0x49)
[2026-09-29 12:30:53] INFO | 按键: i(扫描码=0x17), 持续 0.3s
[2026-09-29 12:30:53] DEBUG | 循环#116 总耗时=647ms
[2026-09-29 12:30:53] INFO | 按键: i(扫描码=0x17), 持续 0.3s
[2026-09-29 12:30:53] DEBUG | 循环#39625 总耗时=626ms
[2026-09-29 12:30:53] INFO | 按键: i(扫描码=0x17), 持续 0.3s
[2026-09-29 12:30:53] INFO | 按键: i(扫描码=0x17), 持续 0.3s
[2026-09-29 12:30:53] DEBUG | 循环#103 总耗时=523ms
[2026-09-29 12:30:53] DEBUG | 循环#107 总耗时=659ms
[2026-09-29 12:30:53] DEBUG | 截图: 3840x2160, 耗时=253ms
[2026-09-29 12:30:53] DEBUG | 截图: 3840x2160, 耗时=220ms
[2026-09-29 12:30:53] DEBUG | 截图: 3840x2160, 耗时=192ms
[2026-09-29 12:30:53] DEBUG | 截图: 3840x2160, 耗时=131ms
[2026-09-29 12:30:53] DEBUG | 匹配[快速]: 游戏中 (5游戏中2（中上）.png), conf=0.871, 68ms
[2026-09-29 12:30:53] DEBUG | 循环#117 总耗时=326ms
[2026-09-29 12:30:54] DEBUG | 匹配[快速]: 游戏中 (5游戏中2（中上）.png), conf=0.871, 101ms
[2026-09-29 12:30:54] DEBUG | 循环#39626 总耗时=326ms
[2026-09-29 12:30:54] DEBUG | 匹配[快速]: 游戏中 (5游戏中2（中上）.png), conf=0.871, 159ms
[2026-09-29 12:30:54] DEBUG | 循环#104 总耗时=364ms
[2026-09-29 12:30:54] DEBUG | 截图: 3840x2160, 耗时=150ms
[2026-09-29 12:30:54] DEBUG | 匹配[快速]: 游戏中 (5游戏中2（中上）.png), conf=0.871, 209ms
[2026-09-29 12:30:54] DEBUG | 循环#108 总耗时=352ms
[2026-09-29 12:30:54] DEBUG | 截图: 3840x2160, 耗时=275ms
[2026-09-29 12:30:54] DEBUG | 截图: 3840x2160, 耗时=153ms
[2026-09-29 12:30:54] DEBUG | 匹配[快速]: 游戏中 (5游戏中2（中上）.png), conf=0.871, 103ms
[2026-09-29 12:30:54] DEBUG | 循环#39627 总耗时=258ms
[2026-09-29 12:30:54] DEBUG | 匹配[快速]: 游戏中 (5游戏中2（中上）.png), conf=0.871, 34ms
[2026-09-29 12:30:54] DEBUG | 循环#118 总耗时=315ms
[2026-09-29 12:30:54] DEBUG | 截图: 3840x2160, 耗时=211ms
[2026-09-29 12:30:54] DEBUG | 匹配[快速]: 游戏中 (5游戏中2（中上）.png), conf=0.871, 140ms
[2026-09-29 12:30:54] DEBUG | 循环#105 总耗时=299ms
[2026-09-29 12:30:54] DEBUG | 截图: 3840x2160, 耗时=217ms
[2026-09-29 12:30:54] DEBUG | 截图: 3840x2160, 耗时=193ms
[2026-09-29 12:30:54] DEBUG | 匹配[快速]: 游戏中 (5游戏中2（中上）.png), conf=0.871, 134ms
[2026-09-29 12:30:54] DEBUG | 循环#109 总耗时=349ms
[2026-09-29 12:30:54] DEBUG | 截图: 3840x2160, 耗时=171ms
[2026-09-29 12:30:54] DEBUG | 匹配[快速]: 游戏中 (5游戏中2（中上）.png), conf=0.871, 105ms
[2026-09-29 12:30:54] DEBUG | 循环#119 总耗时=326ms
[2026-09-29 12:30:54] DEBUG | 匹配[快速]: 游戏中 (5游戏中2（中上）.png), conf=0.871, 137ms
[2026-09-29 12:30:54] DEBUG | 循环#39628 总耗时=339ms
[2026-09-29 12:30:54] DEBUG | 截图: 3840x2160, 耗时=193ms
[2026-09-29 12:30:54] DEBUG | 匹配[快速]: 游戏中 (5游戏中2（中上）.png), conf=0.871, 143ms
[2026-09-29 12:30:54] DEBUG | 循环#106 总耗时=320ms
[2026-09-29 12:30:54] DEBUG | 截图: 3840x2160, 耗时=214ms
[2026-09-29 12:30:54] DEBUG | 截图: 3840x2160, 耗时=162ms
[2026-09-29 12:30:54] DEBUG | 匹配[快速]: 游戏中 (5游戏中2（中上）.png), conf=0.871, 121ms
[2026-09-29 12:30:54] DEBUG | 循环#110 总耗时=318ms
[2026-09-29 12:30:54] DEBUG | 截图: 3840x2160, 耗时=172ms
[2026-09-29 12:30:54] DEBUG | 匹配[快速]: 游戏中 (5游戏中2（中上）.png), conf=0.871, 97ms
[2026-09-29 12:30:54] DEBUG | 匹配[快速]: 游戏中 (5游戏中2（中上）.png), conf=0.871, 107ms
[2026-09-29 12:30:54] DEBUG | 循环#120 总耗时=325ms
[2026-09-29 12:30:54] DEBUG | 循环#39629 总耗时=263ms
[2026-09-29 12:30:54] DEBUG | 截图: 3840x2160, 耗时=147ms
[2026-09-29 12:30:55] DEBUG | 匹配[快速]: 游戏中 (5游戏中2（中上）.png), conf=0.871, 95ms
[2026-09-29 12:30:55] DEBUG | 循环#107 总耗时=272ms
[2026-09-29 12:30:55] DEBUG | 截图: 3840x2160, 耗时=148ms
[2026-09-29 12:30:55] DEBUG | 匹配[快速]: 游戏中 (5游戏中2（中上）.png), conf=0.871, 145ms
[2026-09-29 12:30:55] DEBUG | 循环#111 总耗时=295ms
[2026-09-29 12:30:55] DEBUG | 截图: 3840x2160, 耗时=213ms
[2026-09-29 12:30:55] DEBUG | 截图: 3840x2160, 耗时=170ms
[2026-09-29 12:30:55] DEBUG | 匹配[快速]: 游戏中 (5游戏中2（中上）.png), conf=0.871, 183ms
[2026-09-29 12:30:55] DEBUG | 循环#121 总耗时=336ms
[2026-09-29 12:30:55] DEBUG | 截图: 3840x2160, 耗时=182ms
[2026-09-29 12:30:55] DEBUG | 匹配[快速]: 游戏中 (5游戏中2（中上）.png), conf=0.871, 111ms
[2026-09-29 12:30:55] DEBUG | 循环#39630 总耗时=327ms
[2026-09-29 12:30:55] DEBUG | 匹配[快速]: 游戏中 (5游戏中2（中上）.png), conf=0.871, 148ms
[2026-09-29 12:30:55] DEBUG | 截图: 3840x2160, 耗时=149ms
[2026-09-29 12:30:55] DEBUG | 循环#108 总耗时=333ms
[2026-09-29 12:30:55] DEBUG | 匹配[快速]: 游戏中 (5游戏中2（中上）.png), conf=0.871, 144ms
[2026-09-29 12:30:55] DEBUG | 循环#112 总耗时=330ms
[2026-09-29 12:30:55] DEBUG | 截图: 3840x2160, 耗时=207ms
[2026-09-29 12:30:55] DEBUG | 截图: 3840x2160, 耗时=160ms
[2026-09-29 12:30:55] DEBUG | 匹配[快速]: 游戏中 (5游戏中2（中上）.png), conf=0.871, 175ms
[2026-09-29 12:30:55] DEBUG | 循环#122 总耗时=327ms
[2026-09-29 12:30:55] DEBUG | 截图: 3840x2160, 耗时=164ms
[2026-09-29 12:30:55] DEBUG | 匹配[快速]: 游戏中 (5游戏中2（中上）.png), conf=0.871, 99ms
[2026-09-29 12:30:55] DEBUG | 循环#39631 总耗时=310ms
[2026-09-29 12:30:55] DEBUG | 匹配[快速]: 游戏中 (5游戏中2（中上）.png), conf=0.871, 137ms
[2026-09-29 12:30:55] DEBUG | 循环#109 总耗时=302ms
[2026-09-29 12:30:55] DEBUG | 截图: 3840x2160, 耗时=189ms
[2026-09-29 12:30:55] DEBUG | 匹配[快速]: 游戏中 (5游戏中2（中上）.png), conf=0.871, 144ms
[2026-09-29 12:30:55] DEBUG | 循环#113 总耗时=327ms
[2026-09-29 12:30:55] DEBUG | 截图: 3840x2160, 耗时=208ms
[2026-09-29 12:30:55] DEBUG | 截图: 3840x2160, 耗时=160ms
[2026-09-29 12:30:55] DEBUG | 匹配[快速]: 游戏中 (5游戏中2（中上）.png), conf=0.871, 112ms
[2026-09-29 12:30:55] DEBUG | 循环#123 总耗时=312ms
[2026-09-29 12:30:55] DEBUG | 截图: 3840x2160, 耗时=155ms
[2026-09-29 12:30:55] DEBUG | 匹配[快速]: 游戏中 (5游戏中2（中上）.png), conf=0.871, 98ms
[2026-09-29 12:30:55] DEBUG | 循环#39632 总耗时=310ms
[2026-09-29 12:30:56] DEBUG | 匹配[快速]: 游戏中 (5游戏中2（中上）.png), conf=0.871, 160ms
[2026-09-29 12:30:56] DEBUG | 循环#110 总耗时=324ms
[2026-09-29 12:30:56] DEBUG | 截图: 3840x2160, 耗时=199ms
[2026-09-29 12:30:56] DEBUG | 截图: 3840x2160, 耗时=167ms
[2026-09-29 12:30:56] DEBUG | 匹配[快速]: 游戏中 (5游戏中2（中上）.png), conf=0.871, 171ms
[2026-09-29 12:30:56] DEBUG | 循环#114 总耗时=335ms
[2026-09-29 12:30:56] DEBUG | 截图: 3840x2160, 耗时=164ms
[2026-09-29 12:30:56] DEBUG | 匹配[快速]: 游戏中 (5游戏中2（中上）.png), conf=0.871, 106ms
[2026-09-29 12:30:56] DEBUG | 循环#124 总耗时=318ms
[2026-09-29 12:30:56] DEBUG | 匹配[快速]: 游戏中 (5游戏中2（中上）.png), conf=0.871, 151ms
[2026-09-29 12:30:56] DEBUG | 循环#39633 总耗时=323ms
[2026-09-29 12:30:56] DEBUG | 截图: 3840x2160, 耗时=211ms
[2026-09-29 12:30:56] DEBUG | 匹配[快速]: 游戏中 (5游戏中2（中上）.png), conf=0.871, 142ms
[2026-09-29 12:30:56] DEBUG | 循环#111 总耗时=316ms
[2026-09-29 12:30:56] DEBUG | 截图: 3840x2160, 耗时=203ms
[2026-09-29 12:30:56] DEBUG | 截图: 3840x2160, 耗时=171ms
[2026-09-29 12:30:56] DEBUG | 匹配[快速]: 游戏中 (5游戏中2（中上）.png), conf=0.871, 118ms
[2026-09-29 12:30:56] DEBUG | 截图: 3840x2160, 耗时=117ms
[2026-09-29 12:30:56] INFO | [游戏中] 按I键
[2026-09-29 12:30:56] DEBUG | 按键 i: 三重发送开始 (scan=0x17, vk=0x49)
[2026-09-29 12:30:56] DEBUG | 匹配[快速]: 游戏中 (5游戏中2（中上）.png), conf=0.871, 52ms
[2026-09-29 12:30:56] INFO | [游戏中] 按I键
[2026-09-29 12:30:56] DEBUG | 按键 i: 三重发送开始 (scan=0x17, vk=0x49)
[2026-09-29 12:30:56] DEBUG | 匹配[快速]: 游戏中 (5游戏中2（中上）.png), conf=0.871, 32ms
[2026-09-29 12:30:56] INFO | [游戏中] 按I键
[2026-09-29 12:30:56] DEBUG | 按键 i: 三重发送开始 (scan=0x17, vk=0x49)
[2026-09-29 12:30:56] DEBUG | 匹配[快速]: 游戏中 (5游戏中2（中上）.png), conf=0.871, 25ms
[2026-09-29 12:30:56] INFO | [游戏中] 按I键
[2026-09-29 12:30:56] DEBUG | 按键 i: 三重发送开始 (scan=0x17, vk=0x49)
[2026-09-29 12:30:56] INFO | 按键: i(扫描码=0x17), 持续 0.3s
[2026-09-29 12:30:56] DEBUG | 循环#115 总耗时=641ms
[2026-09-29 12:30:56] INFO | 按键: i(扫描码=0x17), 持续 0.3s
[2026-09-29 12:30:56] DEBUG | 循环#125 总耗时=618ms
[2026-09-29 12:30:56] INFO | 按键: i(扫描码=0x17), 持续 0.3s
[2026-09-29 12:30:56] INFO | 按键: i(扫描码=0x17), 持续 0.3s
[2026-09-29 12:30:56] DEBUG | 循环#39634 总耗时=607ms
[2026-09-29 12:30:56] DEBUG | 循环#112 总耗时=540ms
[2026-09-29 12:30:57] DEBUG | 截图: 3840x2160, 耗时=250ms
[2026-09-29 12:30:57] DEBUG | 截图: 3840x2160, 耗时=230ms
[2026-09-29 12:30:57] DEBUG | 截图: 3840x2160, 耗时=183ms
[2026-09-29 12:30:57] DEBUG | 截图: 3840x2160, 耗时=135ms
[2026-09-29 12:30:57] DEBUG | 匹配[快速]: 游戏中 (5游戏中2（中上）.png), conf=0.871, 63ms
[2026-09-29 12:30:57] DEBUG | 循环#116 总耗时=318ms
[2026-09-29 12:30:57] DEBUG | 匹配[快速]: 游戏中 (5游戏中2（中上）.png), conf=0.872, 91ms
[2026-09-29 12:30:57] DEBUG | 循环#126 总耗时=325ms
[2026-09-29 12:30:57] DEBUG | 匹配[快速]: 游戏中 (5游戏中2（中上）.png), conf=0.872, 134ms
[2026-09-29 12:30:57] DEBUG | 循环#39635 总耗时=332ms
[2026-09-29 12:30:57] DEBUG | 匹配[快速]: 游戏中 (5游戏中2（中上）.png), conf=0.872, 198ms
[2026-09-29 12:30:57] DEBUG | 循环#113 总耗时=339ms
[2026-09-29 12:30:57] DEBUG | 截图: 3840x2160, 耗时=260ms
[2026-09-29 12:30:57] DEBUG | 截图: 3840x2160, 耗时=218ms
[2026-09-29 12:30:57] DEBUG | 截图: 3840x2160, 耗时=189ms
[2026-09-29 12:30:57] DEBUG | 截图: 3840x2160, 耗时=129ms
[2026-09-29 12:30:57] DEBUG | 匹配[快速]: 游戏中 (5游戏中2（中上）.png), conf=0.872, 75ms
[2026-09-29 12:30:57] DEBUG | 循环#117 总耗时=340ms
[2026-09-29 12:30:57] DEBUG | 匹配[快速]: 游戏中 (5游戏中2（中上）.png), conf=0.872, 104ms
[2026-09-29 12:30:57] DEBUG | 循环#127 总耗时=328ms
[2026-09-29 12:30:57] DEBUG | 匹配[快速]: 游戏中 (5游戏中2（中上）.png), conf=0.872, 128ms
[2026-09-29 12:30:57] DEBUG | 循环#39636 总耗时=321ms
[2026-09-29 12:30:57] DEBUG | 匹配[快速]: 游戏中 (5游戏中2（中上）.png), conf=0.872, 187ms
[2026-09-29 12:30:57] DEBUG | 循环#114 总耗时=322ms
[2026-09-29 12:30:57] DEBUG | 截图: 3840x2160, 耗时=264ms
[2026-09-29 12:30:57] DEBUG | 截图: 3840x2160, 耗时=228ms
[2026-09-29 12:30:57] DEBUG | 截图: 3840x2160, 耗时=192ms
[2026-09-29 12:30:57] DEBUG | 截图: 3840x2160, 耗时=138ms
[2026-09-29 12:30:57] DEBUG | 匹配[快速]: 游戏中 (5游戏中2（中上）.png), conf=0.872, 60ms
[2026-09-29 12:30:57] DEBUG | 循环#118 总耗时=330ms
[2026-09-29 12:30:57] DEBUG | 匹配[快速]: 游戏中 (5游戏中2（中上）.png), conf=0.872, 82ms
[2026-09-29 12:30:57] DEBUG | 匹配[快速]: 游戏中 (5游戏中2（中上）.png), conf=0.872, 90ms
[2026-09-29 12:30:57] DEBUG | 循环#39637 总耗时=280ms
[2026-09-29 12:30:57] DEBUG | 循环#128 总耗时=337ms
[2026-09-29 12:30:57] DEBUG | 匹配[快速]: 游戏中 (5游戏中2（中上）.png), conf=0.873, 194ms
[2026-09-29 12:30:57] DEBUG | 循环#115 总耗时=337ms
[2026-09-29 12:30:58] DEBUG | 截图: 3840x2160, 耗时=269ms
[2026-09-29 12:30:58] DEBUG | 截图: 3840x2160, 耗时=170ms
[2026-09-29 12:30:58] DEBUG | 截图: 3840x2160, 耗时=250ms
[2026-09-29 12:30:58] DEBUG | 截图: 3840x2160, 耗时=144ms
[2026-09-29 12:30:58] DEBUG | 匹配[快速]: 游戏中 (5游戏中2（中上）.png), conf=0.873, 64ms
[2026-09-29 12:30:58] DEBUG | 循环#119 总耗时=342ms
[2026-09-29 12:30:58] DEBUG | 匹配[快速]: 游戏中 (5游戏中2（中上）.png), conf=0.873, 81ms
[2026-09-29 12:30:58] DEBUG | 匹配[快速]: 游戏中 (5游戏中2（中上）.png), conf=0.873, 106ms
[2026-09-29 12:30:58] DEBUG | 循环#129 总耗时=338ms
[2026-09-29 12:30:58] DEBUG | 循环#39638 总耗时=281ms
[2026-09-29 12:30:58] DEBUG | 匹配[快速]: 游戏中 (5游戏中2（中上）.png), conf=0.873, 131ms
[2026-09-29 12:30:58] DEBUG | 循环#116 总耗时=279ms
[2026-09-29 12:30:58] DEBUG | 截图: 3840x2160, 耗时=129ms
[2026-09-29 12:30:58] DEBUG | 截图: 3840x2160, 耗时=230ms
[2026-09-29 12:30:58] DEBUG | 截图: 3840x2160, 耗时=169ms
[2026-09-29 12:30:58] DEBUG | 截图: 3840x2160, 耗时=129ms
[2026-09-29 12:30:58] DEBUG | 匹配[快速]: 游戏中 (5游戏中2（中上）.png), conf=0.873, 190ms
[2026-09-29 12:30:58] DEBUG | 循环#120 总耗时=324ms
[2026-09-29 12:30:58] DEBUG | 匹配[快速]: 游戏中 (5游戏中2（中上）.png), conf=0.878, 81ms
[2026-09-29 12:30:58] DEBUG | 循环#39639 总耗时=255ms
[2026-09-29 12:30:58] DEBUG | 匹配[快速]: 游戏中 (5游戏中2（中上）.png), conf=0.878, 77ms
[2026-09-29 12:30:58] DEBUG | 匹配[快速]: 游戏中 (5游戏中2（中上）.png), conf=0.873, 103ms
[2026-09-29 12:30:58] DEBUG | 循环#117 总耗时=211ms
[2026-09-29 12:30:58] DEBUG | 循环#130 总耗时=345ms
[2026-09-29 12:30:58] DEBUG | 截图: 3840x2160, 耗时=250ms
[2026-09-29 12:30:58] DEBUG | 截图: 3840x2160, 耗时=178ms
[2026-09-29 12:30:58] DEBUG | 截图: 3840x2160, 耗时=240ms
[2026-09-29 12:30:58] DEBUG | 截图: 3840x2160, 耗时=136ms
[2026-09-29 12:30:58] DEBUG | 匹配[快速]: 游戏中 (5游戏中2（中上）.png), conf=0.873, 81ms
[2026-09-29 12:30:58] DEBUG | 循环#121 总耗时=335ms
[2026-09-29 12:30:58] DEBUG | 匹配[快速]: 游戏中 (5游戏中2（中上）.png), conf=0.873, 98ms
[2026-09-29 12:30:58] DEBUG | 循环#39640 总耗时=283ms
[2026-09-29 12:30:58] DEBUG | 匹配[快速]: 游戏中 (5游戏中2（中上）.png), conf=0.873, 91ms
[2026-09-29 12:30:58] DEBUG | 循环#118 总耗时=230ms
[2026-09-29 12:30:58] DEBUG | 匹配[快速]: 游戏中 (5游戏中2（中上）.png), conf=0.873, 98ms
[2026-09-29 12:30:58] DEBUG | 循环#131 总耗时=344ms
[2026-09-29 12:30:59] DEBUG | 截图: 3840x2160, 耗时=264ms
[2026-09-29 12:30:59] DEBUG | 截图: 3840x2160, 耗时=174ms
[2026-09-29 12:30:59] DEBUG | 截图: 3840x2160, 耗时=240ms
[2026-09-29 12:30:59] DEBUG | 截图: 3840x2160, 耗时=143ms
[2026-09-29 12:30:59] DEBUG | 匹配[快速]: 游戏中 (5游戏中2（中上）.png), conf=0.873, 79ms
[2026-09-29 12:30:59] DEBUG | 循环#122 总耗时=352ms
[2026-09-29 12:30:59] DEBUG | 匹配[快速]: 游戏中 (5游戏中2（中上）.png), conf=0.873, 84ms
[2026-09-29 12:30:59] DEBUG | 循环#39641 总耗时=266ms
[2026-09-29 12:30:59] DEBUG | 匹配[快速]: 游戏中 (5游戏中2（中上）.png), conf=0.873, 83ms
[2026-09-29 12:30:59] DEBUG | 循环#132 总耗时=327ms
[2026-09-29 12:30:59] DEBUG | 匹配[快速]: 游戏中 (5游戏中2（中上）.png), conf=0.873, 195ms
[2026-09-29 12:30:59] DEBUG | 循环#119 总耗时=344ms
[2026-09-29 12:30:59] DEBUG | 截图: 3840x2160, 耗时=204ms
[2026-09-29 12:30:59] DEBUG | 截图: 3840x2160, 耗时=174ms
[2026-09-29 12:30:59] DEBUG | 截图: 3840x2160, 耗时=236ms
[2026-09-29 12:30:59] DEBUG | 匹配[快速]: 游戏中 (5游戏中2（中上）.png), conf=0.873, 51ms
[2026-09-29 12:30:59] DEBUG | 截图: 3840x2160, 耗时=115ms
[2026-09-29 12:30:59] DEBUG | 匹配[快速]: 游戏中 (5游戏中2（中上）.png), conf=0.873, 39ms
[2026-09-29 12:30:59] DEBUG | 循环#123 总耗时=336ms
[2026-09-29 12:30:59] DEBUG | 匹配[快速]: 游戏中 (5游戏中2（中上）.png), conf=0.873, 52ms
[2026-09-29 12:30:59] DEBUG | 循环#133 总耗时=280ms
[2026-09-29 12:30:59] INFO | [游戏中] 按I键
[2026-09-29 12:30:59] DEBUG | 按键 i: 三重发送开始 (scan=0x17, vk=0x49)
[2026-09-29 12:30:59] DEBUG | 匹配[快速]: 游戏中 (5游戏中2（中上）.png), conf=0.872, 146ms
[2026-09-29 12:30:59] INFO | [游戏中] 按I键
[2026-09-29 12:30:59] DEBUG | 按键 i: 三重发送开始 (scan=0x17, vk=0x49)
[2026-09-29 12:30:59] DEBUG | 截图: 3840x2160, 耗时=167ms
[2026-09-29 12:30:59] DEBUG | 截图: 3840x2160, 耗时=105ms
[2026-09-29 12:30:59] DEBUG | 匹配[快速]: 游戏中 (5游戏中2（中上）.png), conf=0.872, 29ms
[2026-09-29 12:30:59] INFO | [游戏中] 按I键
[2026-09-29 12:30:59] DEBUG | 按键 i: 三重发送开始 (scan=0x17, vk=0x49)
[2026-09-29 12:30:59] DEBUG | 匹配[快速]: 游戏中 (5游戏中2（中上）.png), conf=0.872, 24ms
[2026-09-29 12:30:59] INFO | [游戏中] 按I键
[2026-09-29 12:30:59] DEBUG | 按键 i: 三重发送开始 (scan=0x17, vk=0x49)
[2026-09-29 12:30:59] INFO | 按键: i(扫描码=0x17), 持续 0.3s
[2026-09-29 12:30:59] DEBUG | 循环#39642 总耗时=585ms
[2026-09-29 12:30:59] DEBUG | 截图: 3840x2160, 耗时=80ms
[2026-09-29 12:30:59] INFO | 按键: i(扫描码=0x17), 持续 0.3s
[2026-09-29 12:30:59] DEBUG | 循环#120 总耗时=569ms
[2026-09-29 12:30:59] INFO | 按键: i(扫描码=0x17), 持续 0.3s
[2026-09-29 12:30:59] DEBUG | 循环#124 总耗时=503ms
[2026-09-29 12:31:00] INFO | 按键: i(扫描码=0x17), 持续 0.3s
[2026-09-29 12:31:00] DEBUG | 循环#134 总耗时=489ms
[2026-09-29 12:31:00] DEBUG | 匹配[快速]: 游戏中 (5游戏中2（中上）.png), conf=0.869, 198ms
[2026-09-29 12:31:00] DEBUG | 循环#39643 总耗时=282ms
[2026-09-29 12:31:00] DEBUG | 截图: 3840x2160, 耗时=203ms
[2026-09-29 12:31:00] DEBUG | 截图: 3840x2160, 耗时=237ms
[2026-09-29 12:31:00] DEBUG | 截图: 3840x2160, 耗时=204ms
[2026-09-29 12:31:00] DEBUG | 匹配[快速]: 游戏中 (5游戏中2（中上）.png), conf=0.880, 122ms
[2026-09-29 12:31:00] DEBUG | 循环#121 总耗时=334ms
[2026-09-29 12:31:00] DEBUG | 截图: 3840x2160, 耗时=177ms
[2026-09-29 12:31:00] DEBUG | 匹配[快速]: 游戏中 (5游戏中2（中上）.png), conf=0.866, 104ms
[2026-09-29 12:31:00] DEBUG | 循环#125 总耗时=347ms
[2026-09-29 12:31:00] DEBUG | 匹配[快速]: 游戏中 (5游戏中2（中上）.png), conf=0.870, 162ms
[2026-09-29 12:31:00] DEBUG | 循环#135 总耗时=372ms
[2026-09-29 12:31:00] DEBUG | 截图: 3840x2160, 耗时=219ms
[2026-09-29 12:31:00] DEBUG | 匹配[快速]: 游戏中 (5游戏中2（中上）.png), conf=0.871, 159ms
[2026-09-29 12:31:00] DEBUG | 循环#39644 总耗时=342ms
[2026-09-29 12:31:00] DEBUG | 截图: 3840x2160, 耗时=211ms
[2026-09-29 12:31:00] DEBUG | 匹配[快速]: 游戏中 (5游戏中2（中上）.png), conf=0.871, 101ms
[2026-09-29 12:31:00] DEBUG | 循环#122 总耗时=329ms
[2026-09-29 12:31:00] DEBUG | 截图: 3840x2160, 耗时=173ms
[2026-09-29 12:31:00] DEBUG | 截图: 3840x2160, 耗时=162ms
[2026-09-29 12:31:00] DEBUG | 匹配[快速]: 游戏中 (5游戏中2（中上）.png), conf=0.871, 112ms
[2026-09-29 12:31:00] DEBUG | 循环#126 总耗时=328ms
[2026-09-29 12:31:00] DEBUG | 截图: 3840x2160, 耗时=163ms
[2026-09-29 12:31:00] DEBUG | 匹配[快速]: 游戏中 (5游戏中2（中上）.png), conf=0.871, 108ms
[2026-09-29 12:31:00] DEBUG | 循环#136 总耗时=340ms
[2026-09-29 12:31:00] DEBUG | 匹配[快速]: 游戏中 (5游戏中2（中上）.png), conf=0.871, 153ms
[2026-09-29 12:31:00] DEBUG | 循环#39645 总耗时=323ms
[2026-09-29 12:31:00] DEBUG | 截图: 3840x2160, 耗时=206ms
[2026-09-29 12:31:00] DEBUG | 匹配[快速]: 游戏中 (5游戏中2（中上）.png), conf=0.871, 144ms
[2026-09-29 12:31:00] DEBUG | 截图: 3840x2160, 耗时=152ms
[2026-09-29 12:31:00] DEBUG | 循环#123 总耗时=324ms
[2026-09-29 12:31:00] DEBUG | 匹配[快速]: 游戏中 (5游戏中2（中上）.png), conf=0.871, 111ms
[2026-09-29 12:31:00] DEBUG | 循环#127 总耗时=324ms
[2026-09-29 12:31:01] DEBUG | 截图: 3840x2160, 耗时=222ms
[2026-09-29 12:31:01] DEBUG | 匹配[快速]: 游戏中 (5游戏中2（中上）.png), conf=0.871, 161ms
[2026-09-29 12:31:01] DEBUG | 截图: 3840x2160, 耗时=162ms
[2026-09-29 12:31:01] DEBUG | 循环#137 总耗时=320ms
[2026-09-29 12:31:01] DEBUG | 匹配[快速]: 游戏中 (5游戏中2（中上）.png), conf=0.871, 104ms
[2026-09-29 12:31:01] DEBUG | 循环#39646 总耗时=333ms
[2026-09-29 12:31:01] DEBUG | 截图: 3840x2160, 耗时=165ms
[2026-09-29 12:31:01] DEBUG | 截图: 3840x2160, 耗时=148ms
[2026-09-29 12:31:01] DEBUG | 匹配[快速]: 游戏中 (5游戏中2（中上）.png), conf=0.871, 162ms
[2026-09-29 12:31:01] DEBUG | 循环#124 总耗时=329ms
[2026-09-29 12:31:01] DEBUG | 匹配[快速]: 游戏中 (5游戏中2（中上）.png), conf=0.871, 92ms
[2026-09-29 12:31:01] DEBUG | 循环#128 总耗时=322ms
[2026-09-29 12:31:01] DEBUG | 截图: 3840x2160, 耗时=217ms
[2026-09-29 12:31:01] DEBUG | 匹配[快速]: 游戏中 (5游戏中2（中上）.png), conf=0.872, 148ms
[2026-09-29 12:31:01] DEBUG | 循环#138 总耗时=303ms
[2026-09-29 12:31:01] DEBUG | 截图: 3840x2160, 耗时=223ms
[2026-09-29 12:31:01] DEBUG | 匹配[快速]: 游戏中 (5游戏中2（中上）.png), conf=0.872, 119ms
[2026-09-29 12:31:01] DEBUG | 循环#39647 总耗时=343ms
[2026-09-29 12:31:01] DEBUG | 截图: 3840x2160, 耗时=184ms
[2026-09-29 12:31:01] DEBUG | 截图: 3840x2160, 耗时=179ms
[2026-09-29 12:31:01] DEBUG | 匹配[快速]: 游戏中 (5游戏中2（中上）.png), conf=0.872, 115ms
[2026-09-29 12:31:01] DEBUG | 循环#125 总耗时=345ms
[2026-09-29 12:31:01] DEBUG | 截图: 3840x2160, 耗时=161ms
[2026-09-29 12:31:01] DEBUG | 匹配[快速]: 游戏中 (5游戏中2（中上）.png), conf=0.874, 110ms
[2026-09-29 12:31:01] DEBUG | 循环#129 总耗时=356ms
[2026-09-29 12:31:01] DEBUG | 匹配[快速]: 游戏中 (5游戏中2（中上）.png), conf=0.873, 156ms
[2026-09-29 12:31:01] DEBUG | 循环#139 总耗时=340ms
[2026-09-29 12:31:01] DEBUG | 截图: 3840x2160, 耗时=212ms
[2026-09-29 12:31:01] DEBUG | 匹配[快速]: 游戏中 (5游戏中2（中上）.png), conf=0.871, 151ms
[2026-09-29 12:31:01] DEBUG | 循环#39648 总耗时=320ms
[2026-09-29 12:31:01] DEBUG | 截图: 3840x2160, 耗时=221ms
[2026-09-29 12:31:01] DEBUG | 截图: 3840x2160, 耗时=172ms
[2026-09-29 12:31:01] DEBUG | 截图: 3840x2160, 耗时=110ms
[2026-09-29 12:31:01] DEBUG | 匹配[快速]: 游戏中 (5游戏中2（中上）.png), conf=0.873, 131ms
[2026-09-29 12:31:01] DEBUG | 匹配[快速]: 游戏中 (5游戏中2（中上）.png), conf=0.873, 51ms
[2026-09-29 12:31:01] DEBUG | 循环#126 总耗时=349ms
[2026-09-29 12:31:01] DEBUG | 循环#130 总耗时=275ms
[2026-09-29 12:31:01] DEBUG | 匹配[快速]: 游戏中 (5游戏中2（中上）.png), conf=0.874, 93ms
[2026-09-29 12:31:01] DEBUG | 循环#140 总耗时=270ms
[2026-09-29 12:31:02] DEBUG | 截图: 3840x2160, 耗时=211ms
[2026-09-29 12:31:02] DEBUG | 匹配[快速]: 游戏中 (5游戏中2（中上）.png), conf=0.873, 225ms
[2026-09-29 12:31:02] DEBUG | 循环#39649 总耗时=340ms
[2026-09-29 12:31:02] DEBUG | 截图: 3840x2160, 耗时=248ms
[2026-09-29 12:31:02] DEBUG | 匹配[快速]: 游戏中 (5游戏中2（中上）.png), conf=0.871, 124ms
[2026-09-29 12:31:02] DEBUG | 循环#127 总耗时=341ms
[2026-09-29 12:31:02] DEBUG | 截图: 3840x2160, 耗时=198ms
[2026-09-29 12:31:02] DEBUG | 截图: 3840x2160, 耗时=179ms
[2026-09-29 12:31:02] DEBUG | 匹配[快速]: 游戏中 (5游戏中2（中上）.png), conf=0.871, 104ms
[2026-09-29 12:31:02] DEBUG | 循环#131 总耗时=360ms
[2026-09-29 12:31:02] DEBUG | 匹配[快速]: 游戏中 (5游戏中2（中上）.png), conf=0.873, 82ms
[2026-09-29 12:31:02] DEBUG | 循环#39650 总耗时=271ms
[2026-09-29 12:31:02] DEBUG | 截图: 3840x2160, 耗时=153ms
[2026-09-29 12:31:02] DEBUG | 匹配[快速]: 游戏中 (5游戏中2（中上）.png), conf=0.872, 101ms
[2026-09-29 12:31:02] DEBUG | 循环#141 总耗时=366ms
[2026-09-29 12:31:02] DEBUG | 截图: 3840x2160, 耗时=227ms
[2026-09-29 12:31:02] DEBUG | 截图: 3840x2160, 耗时=117ms
[2026-09-29 12:31:02] DEBUG | 匹配[快速]: 游戏中 (5游戏中2（中上）.png), conf=0.874, 187ms
[2026-09-29 12:31:02] DEBUG | 循环#128 总耗时=345ms
[2026-09-29 12:31:02] DEBUG | 截图: 3840x2160, 耗时=245ms
[2026-09-29 12:31:02] DEBUG | 匹配[快速]: 游戏中 (5游戏中2（中上）.png), conf=0.874, 107ms
[2026-09-29 12:31:02] INFO | [游戏中] 按I键
[2026-09-29 12:31:02] DEBUG | 按键 i: 三重发送开始 (scan=0x17, vk=0x49)
[2026-09-29 12:31:02] DEBUG | 匹配[快速]: 游戏中 (5游戏中2（中上）.png), conf=0.874, 108ms
[2026-09-29 12:31:02] DEBUG | 截图: 3840x2160, 耗时=103ms
[2026-09-29 12:31:02] INFO | [游戏中] 按I键
[2026-09-29 12:31:02] DEBUG | 按键 i: 三重发送开始 (scan=0x17, vk=0x49)
[2026-09-29 12:31:02] DEBUG | 匹配[快速]: 游戏中 (5游戏中2（中上）.png), conf=0.874, 41ms
[2026-09-29 12:31:02] INFO | [游戏中] 按I键
[2026-09-29 12:31:02] DEBUG | 按键 i: 三重发送开始 (scan=0x17, vk=0x49)
[2026-09-29 12:31:02] DEBUG | 匹配[快速]: 游戏中 (5游戏中2（中上）.png), conf=0.874, 22ms
[2026-09-29 12:31:02] INFO | [游戏中] 按I键
[2026-09-29 12:31:02] DEBUG | 按键 i: 三重发送开始 (scan=0x17, vk=0x49)
[2026-09-29 12:31:03] INFO | 按键: i(扫描码=0x17), 持续 0.3s
[2026-09-29 12:31:03] DEBUG | 循环#132 总耗时=642ms
[2026-09-29 12:31:03] INFO | 按键: i(扫描码=0x17), 持续 0.3s
[2026-09-29 12:31:03] DEBUG | 循环#129 总耗时=446ms
[2026-09-29 12:31:03] INFO | 按键: i(扫描码=0x17), 持续 0.3s
[2026-09-29 12:31:03] INFO | 按键: i(扫描码=0x17), 持续 0.3s
[2026-09-29 12:31:03] DEBUG | 循环#142 总耗时=682ms
[2026-09-29 12:31:03] DEBUG | 循环#39651 总耗时=628ms
[2026-09-29 12:31:03] DEBUG | 截图: 3840x2160, 耗时=277ms
[2026-09-29 12:31:03] DEBUG | 截图: 3840x2160, 耗时=231ms
[2026-09-29 12:31:03] DEBUG | 截图: 3840x2160, 耗时=195ms
[2026-09-29 12:31:03] DEBUG | 截图: 3840x2160, 耗时=149ms
[2026-09-29 12:31:03] DEBUG | 匹配[快速]: 游戏中 (5游戏中2（中上）.png), conf=0.874, 49ms
[2026-09-29 12:31:03] DEBUG | 循环#133 总耗时=334ms
[2026-09-29 12:31:03] DEBUG | 匹配[快速]: 游戏中 (5游戏中2（中上）.png), conf=0.874, 80ms
[2026-09-29 12:31:03] DEBUG | 匹配[快速]: 游戏中 (5游戏中2（中上）.png), conf=0.874, 103ms
[2026-09-29 12:31:03] DEBUG | 循环#143 总耗时=284ms
[2026-09-29 12:31:03] DEBUG | 循环#130 总耗时=338ms
[2026-09-29 12:31:03] DEBUG | 截图: 3840x2160, 耗时=215ms
[2026-09-29 12:31:03] DEBUG | 匹配[快速]: 游戏中 (5游戏中2（中上）.png), conf=0.874, 218ms
[2026-09-29 12:31:03] DEBUG | 循环#39652 总耗时=382ms
[2026-09-29 12:31:03] DEBUG | 截图: 3840x2160, 耗时=183ms
[2026-09-29 12:31:03] DEBUG | 截图: 3840x2160, 耗时=235ms
[2026-09-29 12:31:03] DEBUG | 匹配[快速]: 游戏中 (5游戏中2（中上）.png), conf=0.874, 120ms
[2026-09-29 12:31:03] DEBUG | 循环#134 总耗时=340ms
[2026-09-29 12:31:03] DEBUG | 截图: 3840x2160, 耗时=175ms
[2026-09-29 12:31:03] DEBUG | 匹配[快速]: 游戏中 (5游戏中2（中上）.png), conf=0.874, 109ms
[2026-09-29 12:31:03] DEBUG | 循环#131 总耗时=352ms
[2026-09-29 12:31:03] DEBUG | 匹配[快速]: 游戏中 (5游戏中2（中上）.png), conf=0.874, 182ms
[2026-09-29 12:31:03] DEBUG | 循环#144 总耗时=369ms
[2026-09-29 12:31:03] DEBUG | 截图: 3840x2160, 耗时=206ms
[2026-09-29 12:31:03] DEBUG | 截图: 3840x2160, 耗时=175ms
[2026-09-29 12:31:03] DEBUG | 匹配[快速]: 游戏中 (5游戏中2（中上）.png), conf=0.874, 180ms
[2026-09-29 12:31:03] DEBUG | 循环#39653 总耗时=363ms
[2026-09-29 12:31:03] DEBUG | 截图: 3840x2160, 耗时=169ms
[2026-09-29 12:31:04] DEBUG | 匹配[快速]: 游戏中 (5游戏中2（中上）.png), conf=0.873, 99ms
[2026-09-29 12:31:04] DEBUG | 循环#135 总耗时=320ms
[2026-09-29 12:31:04] DEBUG | 截图: 3840x2160, 耗时=152ms
[2026-09-29 12:31:04] DEBUG | 匹配[快速]: 游戏中 (5游戏中2（中上）.png), conf=0.873, 154ms
[2026-09-29 12:31:04] DEBUG | 循环#132 总耗时=344ms
[2026-09-29 12:31:04] DEBUG | 匹配[快速]: 游戏中 (5游戏中2（中上）.png), conf=0.873, 160ms
[2026-09-29 12:31:04] DEBUG | 循环#145 总耗时=334ms
[2026-09-29 12:31:04] DEBUG | 截图: 3840x2160, 耗时=216ms
[2026-09-29 12:31:04] DEBUG | 匹配[快速]: 游戏中 (5游戏中2（中上）.png), conf=0.871, 173ms
[2026-09-29 12:31:04] DEBUG | 循环#39654 总耗时=336ms
[2026-09-29 12:31:04] DEBUG | 截图: 3840x2160, 耗时=173ms
[2026-09-29 12:31:04] DEBUG | 匹配[快速]: 游戏中 (5游戏中2（中上）.png), conf=0.871, 113ms
[2026-09-29 12:31:04] DEBUG | 循环#136 总耗时=333ms
[2026-09-29 12:31:04] DEBUG | 截图: 3840x2160, 耗时=238ms
[2026-09-29 12:31:04] DEBUG | 截图: 3840x2160, 耗时=159ms
[2026-09-29 12:31:04] DEBUG | 匹配[快速]: 游戏中 (5游戏中2（中上）.png), conf=0.871, 114ms
[2026-09-29 12:31:04] DEBUG | 循环#133 总耗时=347ms
[2026-09-29 12:31:04] DEBUG | 匹配[快速]: 游戏中 (5游戏中2（中上）.png), conf=0.872, 93ms
[2026-09-29 12:31:04] DEBUG | 循环#146 总耗时=349ms
[2026-09-29 12:31:04] DEBUG | 截图: 3840x2160, 耗时=225ms
[2026-09-29 12:31:04] DEBUG | 匹配[快速]: 游戏中 (5游戏中2（中上）.png), conf=0.873, 148ms
[2026-09-29 12:31:04] DEBUG | 循环#39655 总耗时=325ms
[2026-09-29 12:31:04] DEBUG | 截图: 3840x2160, 耗时=217ms
[2026-09-29 12:31:04] DEBUG | 截图: 3840x2160, 耗时=168ms
[2026-09-29 12:31:04] DEBUG | 匹配[快速]: 游戏中 (5游戏中2（中上）.png), conf=0.874, 127ms
[2026-09-29 12:31:04] DEBUG | 循环#137 总耗时=356ms
[2026-09-29 12:31:04] DEBUG | 截图: 3840x2160, 耗时=161ms
[2026-09-29 12:31:04] DEBUG | 匹配[快速]: 游戏中 (5游戏中2（中上）.png), conf=0.873, 100ms
[2026-09-29 12:31:04] DEBUG | 循环#134 总耗时=323ms
[2026-09-29 12:31:04] DEBUG | 匹配[快速]: 游戏中 (5游戏中2（中上）.png), conf=0.872, 159ms
[2026-09-29 12:31:04] DEBUG | 循环#147 总耗时=330ms
[2026-09-29 12:31:04] DEBUG | 截图: 3840x2160, 耗时=207ms
[2026-09-29 12:31:04] DEBUG | 匹配[快速]: 游戏中 (5游戏中2（中上）.png), conf=0.871, 150ms
[2026-09-29 12:31:04] DEBUG | 循环#39656 总耗时=320ms
[2026-09-29 12:31:04] DEBUG | 截图: 3840x2160, 耗时=207ms
[2026-09-29 12:31:04] DEBUG | 匹配[快速]: 游戏中 (5游戏中2（中上）.png), conf=0.871, 93ms
[2026-09-29 12:31:04] DEBUG | 循环#138 总耗时=307ms
[2026-09-29 12:31:05] DEBUG | 截图: 3840x2160, 耗时=226ms
[2026-09-29 12:31:05] DEBUG | 截图: 3840x2160, 耗时=174ms
[2026-09-29 12:31:05] DEBUG | 匹配[快速]: 游戏中 (5游戏中2（中上）.png), conf=0.870, 123ms
[2026-09-29 12:31:05] DEBUG | 循环#135 总耗时=341ms
[2026-09-29 12:31:05] DEBUG | 截图: 3840x2160, 耗时=173ms
[2026-09-29 12:31:05] DEBUG | 匹配[快速]: 游戏中 (5游戏中2（中上）.png), conf=0.870, 112ms
[2026-09-29 12:31:05] DEBUG | 循环#148 总耗时=354ms
[2026-09-29 12:31:05] DEBUG | 匹配[快速]: 游戏中 (5游戏中2（中上）.png), conf=0.870, 148ms
[2026-09-29 12:31:05] DEBUG | 循环#39657 总耗时=337ms
[2026-09-29 12:31:05] DEBUG | 截图: 3840x2160, 耗时=215ms
[2026-09-29 12:31:05] DEBUG | 匹配[快速]: 游戏中 (5游戏中2（中上）.png), conf=0.870, 153ms
[2026-09-29 12:31:05] DEBUG | 循环#139 总耗时=331ms
[2026-09-29 12:31:05] DEBUG | 截图: 3840x2160, 耗时=200ms
[2026-09-29 12:31:05] DEBUG | 匹配[快速]: 游戏中 (5游戏中2（中上）.png), conf=0.870, 99ms
[2026-09-29 12:31:05] DEBUG | 截图: 3840x2160, 耗时=172ms
[2026-09-29 12:31:05] DEBUG | 循环#136 总耗时=322ms
[2026-09-29 12:31:05] DEBUG | 截图: 3840x2160, 耗时=168ms
[2026-09-29 12:31:05] DEBUG | 匹配[快速]: 游戏中 (5游戏中2（中上）.png), conf=0.870, 105ms
[2026-09-29 12:31:05] DEBUG | 循环#149 总耗时=315ms
[2026-09-29 12:31:05] DEBUG | 匹配[快速]: 游戏中 (5游戏中2（中上）.png), conf=0.870, 144ms
[2026-09-29 12:31:05] DEBUG | 循环#39658 总耗时=320ms
[2026-09-29 12:31:05] DEBUG | 截图: 3840x2160, 耗时=212ms
[2026-09-29 12:31:05] DEBUG | 截图: 3840x2160, 耗时=159ms
[2026-09-29 12:31:05] DEBUG | 匹配[快速]: 游戏中 (5游戏中2（中上）.png), conf=0.870, 162ms
[2026-09-29 12:31:05] DEBUG | 循环#140 总耗时=347ms
[2026-09-29 12:31:05] DEBUG | 截图: 3840x2160, 耗时=172ms
[2026-09-29 12:31:05] DEBUG | 匹配[快速]: 游戏中 (5游戏中2（中上）.png), conf=0.870, 109ms
[2026-09-29 12:31:05] INFO | [游戏中] 按I键
[2026-09-29 12:31:05] DEBUG | 按键 i: 三重发送开始 (scan=0x17, vk=0x49)
[2026-09-29 12:31:05] DEBUG | 匹配[快速]: 游戏中 (5游戏中2（中上）.png), conf=0.870, 109ms
[2026-09-29 12:31:05] INFO | [游戏中] 按I键
[2026-09-29 12:31:05] DEBUG | 按键 i: 三重发送开始 (scan=0x17, vk=0x49)
[2026-09-29 12:31:05] DEBUG | 截图: 3840x2160, 耗时=109ms
[2026-09-29 12:31:05] DEBUG | 匹配[快速]: 游戏中 (5游戏中2（中上）.png), conf=0.870, 38ms
[2026-09-29 12:31:05] INFO | [游戏中] 按I键
[2026-09-29 12:31:05] DEBUG | 按键 i: 三重发送开始 (scan=0x17, vk=0x49)
[2026-09-29 12:31:05] DEBUG | 匹配[快速]: 游戏中 (5游戏中2（中上）.png), conf=0.870, 18ms
[2026-09-29 12:31:05] INFO | [游戏中] 按I键
[2026-09-29 12:31:05] DEBUG | 按键 i: 三重发送开始 (scan=0x17, vk=0x49)
[2026-09-29 12:31:06] INFO | 按键: i(扫描码=0x17), 持续 0.3s
[2026-09-29 12:31:06] DEBUG | 循环#137 总耗时=642ms
[2026-09-29 12:31:06] INFO | 按键: i(扫描码=0x17), 持续 0.3s
[2026-09-29 12:31:06] DEBUG | 循环#39659 总耗时=551ms
[2026-09-29 12:31:06] INFO | 按键: i(扫描码=0x17), 持续 0.3s
[2026-09-29 12:31:06] DEBUG | 循环#141 总耗时=506ms
[2026-09-29 12:31:06] INFO | 按键: i(扫描码=0x17), 持续 0.3s
[2026-09-29 12:31:06] DEBUG | 循环#150 总耗时=750ms
[2026-09-29 12:31:06] DEBUG | 截图: 3840x2160, 耗时=250ms
[2026-09-29 12:31:06] DEBUG | 截图: 3840x2160, 耗时=223ms
[2026-09-29 12:31:06] DEBUG | 截图: 3840x2160, 耗时=185ms
[2026-09-29 12:31:06] DEBUG | 匹配[快速]: 游戏中 (5游戏中2（中上）.png), conf=0.870, 54ms
[2026-09-29 12:31:06] DEBUG | 截图: 3840x2160, 耗时=130ms
[2026-09-29 12:31:06] DEBUG | 循环#138 总耗时=311ms
[2026-09-29 12:31:06] DEBUG | 匹配[快速]: 游戏中 (5游戏中2（中上）.png), conf=0.870, 82ms
[2026-09-29 12:31:06] DEBUG | 匹配[快速]: 游戏中 (5游戏中2（中上）.png), conf=0.870, 101ms
[2026-09-29 12:31:06] DEBUG | 循环#142 总耗时=272ms
[2026-09-29 12:31:06] DEBUG | 循环#39660 总耗时=330ms
[2026-09-29 12:31:06] DEBUG | 截图: 3840x2160, 耗时=193ms
[2026-09-29 12:31:06] DEBUG | 匹配[快速]: 游戏中 (5游戏中2（中上）.png), conf=0.870, 224ms
[2026-09-29 12:31:06] DEBUG | 循环#151 总耗时=359ms
[2026-09-29 12:31:06] DEBUG | 截图: 3840x2160, 耗时=223ms
[2026-09-29 12:31:06] DEBUG | 截图: 3840x2160, 耗时=183ms
[2026-09-29 12:31:06] DEBUG | 匹配[快速]: 游戏中 (5游戏中2（中上）.png), conf=0.870, 124ms
[2026-09-29 12:31:06] DEBUG | 循环#139 总耗时=327ms
[2026-09-29 12:31:06] DEBUG | 截图: 3840x2160, 耗时=159ms
[2026-09-29 12:31:06] DEBUG | 匹配[快速]: 游戏中 (5游戏中2（中上）.png), conf=0.871, 94ms
[2026-09-29 12:31:06] DEBUG | 循环#39661 总耗时=324ms
[2026-09-29 12:31:06] DEBUG | 匹配[快速]: 游戏中 (5游戏中2（中上）.png), conf=0.870, 136ms
[2026-09-29 12:31:06] DEBUG | 循环#143 总耗时=329ms
[2026-09-29 12:31:06] DEBUG | 截图: 3840x2160, 耗时=225ms
[2026-09-29 12:31:06] DEBUG | 匹配[快速]: 游戏中 (5游戏中2（中上）.png), conf=0.871, 169ms
[2026-09-29 12:31:06] DEBUG | 循环#152 总耗时=334ms
[2026-09-29 12:31:07] DEBUG | 截图: 3840x2160, 耗时=228ms
[2026-09-29 12:31:07] DEBUG | 截图: 3840x2160, 耗时=176ms
[2026-09-29 12:31:07] DEBUG | 匹配[快速]: 游戏中 (5游戏中2（中上）.png), conf=0.870, 97ms
[2026-09-29 12:31:07] DEBUG | 循环#140 总耗时=328ms
[2026-09-29 12:31:07] DEBUG | 截图: 3840x2160, 耗时=158ms
[2026-09-29 12:31:07] DEBUG | 匹配[快速]: 游戏中 (5游戏中2（中上）.png), conf=0.872, 96ms
[2026-09-29 12:31:07] DEBUG | 循环#144 总耗时=276ms
[2026-09-29 12:31:07] DEBUG | 匹配[快速]: 游戏中 (5游戏中2（中上）.png), conf=0.870, 108ms
[2026-09-29 12:31:07] DEBUG | 循环#39662 总耗时=340ms
[2026-09-29 12:31:07] DEBUG | 截图: 3840x2160, 耗时=198ms
[2026-09-29 12:31:07] DEBUG | 匹配[快速]: 游戏中 (5游戏中2（中上）.png), conf=0.879, 165ms
[2026-09-29 12:31:07] DEBUG | 循环#153 总耗时=330ms
[2026-09-29 12:31:07] DEBUG | 截图: 3840x2160, 耗时=158ms
[2026-09-29 12:31:07] DEBUG | 截图: 3840x2160, 耗时=236ms
[2026-09-29 12:31:07] DEBUG | 匹配[快速]: 游戏中 (5游戏中2（中上）.png), conf=0.879, 120ms
[2026-09-29 12:31:07] DEBUG | 循环#141 总耗时=323ms
[2026-09-29 12:31:07] DEBUG | 截图: 3840x2160, 耗时=152ms
[2026-09-29 12:31:07] DEBUG | 匹配[快速]: 游戏中 (5游戏中2（中上）.png), conf=0.879, 92ms
[2026-09-29 12:31:07] DEBUG | 循环#145 总耗时=255ms
[2026-09-29 12:31:07] DEBUG | 匹配[快速]: 游戏中 (5游戏中2（中上）.png), conf=0.879, 88ms
[2026-09-29 12:31:07] DEBUG | 循环#39663 总耗时=337ms
[2026-09-29 12:31:07] DEBUG | 截图: 3840x2160, 耗时=202ms
[2026-09-29 12:31:07] DEBUG | 匹配[快速]: 游戏中 (5游戏中2（中上）.png), conf=0.879, 145ms
[2026-09-29 12:31:07] DEBUG | 循环#154 总耗时=300ms
[2026-09-29 12:31:07] DEBUG | 截图: 3840x2160, 耗时=222ms
[2026-09-29 12:31:07] DEBUG | 截图: 3840x2160, 耗时=173ms
[2026-09-29 12:31:07] DEBUG | 截图: 3840x2160, 耗时=122ms
[2026-09-29 12:31:07] DEBUG | 匹配[快速]: 游戏中 (5游戏中2（中上）.png), conf=0.878, 131ms
[2026-09-29 12:31:07] DEBUG | 循环#142 总耗时=338ms
[2026-09-29 12:31:07] DEBUG | 匹配[快速]: 游戏中 (5游戏中2（中上）.png), conf=0.875, 95ms
[2026-09-29 12:31:07] DEBUG | 循环#39664 总耗时=320ms
[2026-09-29 12:31:07] DEBUG | 匹配[快速]: 游戏中 (5游戏中2（中上）.png), conf=0.872, 149ms
[2026-09-29 12:31:07] DEBUG | 循环#146 总耗时=326ms
[2026-09-29 12:31:07] DEBUG | 匹配[快速]: 游戏中 (5游戏中2（中上）.png), conf=0.870, 201ms
[2026-09-29 12:31:07] DEBUG | 循环#155 总耗时=329ms
[2026-09-29 12:31:07] DEBUG | 截图: 3840x2160, 耗时=260ms
[2026-09-29 12:31:08] DEBUG | 截图: 3840x2160, 耗时=235ms
[2026-09-29 12:31:08] DEBUG | 截图: 3840x2160, 耗时=183ms
[2026-09-29 12:31:08] DEBUG | 截图: 3840x2160, 耗时=127ms
[2026-09-29 12:31:08] DEBUG | 匹配[快速]: 游戏中 (5游戏中2（中上）.png), conf=0.870, 72ms
[2026-09-29 12:31:08] DEBUG | 循环#143 总耗时=342ms
[2026-09-29 12:31:08] DEBUG | 匹配[快速]: 游戏中 (5游戏中2（中上）.png), conf=0.870, 97ms
[2026-09-29 12:31:08] DEBUG | 循环#39665 总耗时=337ms
[2026-09-29 12:31:08] DEBUG | 匹配[快速]: 游戏中 (5游戏中2（中上）.png), conf=0.870, 151ms
[2026-09-29 12:31:08] DEBUG | 循环#147 总耗时=338ms
[2026-09-29 12:31:08] DEBUG | 匹配[快速]: 游戏中 (5游戏中2（中上）.png), conf=0.870, 197ms
[2026-09-29 12:31:08] DEBUG | 循环#156 总耗时=328ms
[2026-09-29 12:31:08] DEBUG | 截图: 3840x2160, 耗时=262ms
[2026-09-29 12:31:08] DEBUG | 截图: 3840x2160, 耗时=242ms
[2026-09-29 12:31:08] DEBUG | 截图: 3840x2160, 耗时=189ms
[2026-09-29 12:31:08] DEBUG | 截图: 3840x2160, 耗时=143ms
[2026-09-29 12:31:08] DEBUG | 匹配[快速]: 游戏中 (5游戏中2（中上）.png), conf=0.870, 81ms
[2026-09-29 12:31:08] DEBUG | 循环#144 总耗时=349ms
[2026-09-29 12:31:08] DEBUG | 匹配[快速]: 游戏中 (5游戏中2（中上）.png), conf=0.870, 88ms
[2026-09-29 12:31:08] DEBUG | 循环#39666 总耗时=335ms
[2026-09-29 12:31:08] DEBUG | 匹配[快速]: 游戏中 (5游戏中2（中上）.png), conf=0.870, 138ms
[2026-09-29 12:31:08] DEBUG | 循环#148 总耗时=331ms
[2026-09-29 12:31:08] DEBUG | 匹配[快速]: 游戏中 (5游戏中2（中上）.png), conf=0.870, 192ms
[2026-09-29 12:31:08] DEBUG | 循环#157 总耗时=338ms
[2026-09-29 12:31:08] DEBUG | 截图: 3840x2160, 耗时=278ms
[2026-09-29 12:31:08] DEBUG | 截图: 3840x2160, 耗时=249ms
[2026-09-29 12:31:08] DEBUG | 截图: 3840x2160, 耗时=187ms
[2026-09-29 12:31:08] DEBUG | 截图: 3840x2160, 耗时=155ms
[2026-09-29 12:31:08] DEBUG | 匹配[快速]: 游戏中 (5游戏中2（中上）.png), conf=0.870, 65ms
[2026-09-29 12:31:08] DEBUG | 循环#145 总耗时=347ms
[2026-09-29 12:31:08] DEBUG | 匹配[快速]: 游戏中 (5游戏中2（中上）.png), conf=0.870, 87ms
[2026-09-29 12:31:08] INFO | [游戏中] 按I键
[2026-09-29 12:31:08] DEBUG | 按键 i: 三重发送开始 (scan=0x17, vk=0x49)
[2026-09-29 12:31:08] DEBUG | 匹配[快速]: 游戏中 (5游戏中2（中上）.png), conf=0.870, 86ms
[2026-09-29 12:31:08] INFO | [游戏中] 按I键
[2026-09-29 12:31:08] DEBUG | 按键 i: 三重发送开始 (scan=0x17, vk=0x49)
[2026-09-29 12:31:08] DEBUG | 匹配[快速]: 游戏中 (5游戏中2（中上）.png), conf=0.870, 78ms
[2026-09-29 12:31:08] INFO | [游戏中] 按I键
[2026-09-29 12:31:08] DEBUG | 按键 i: 三重发送开始 (scan=0x17, vk=0x49)
[2026-09-29 12:31:08] DEBUG | 截图: 3840x2160, 耗时=86ms
[2026-09-29 12:31:08] DEBUG | 匹配[快速]: 游戏中 (5游戏中2（中上）.png), conf=0.870, 18ms
[2026-09-29 12:31:08] INFO | [游戏中] 按I键
[2026-09-29 12:31:08] DEBUG | 按键 i: 三重发送开始 (scan=0x17, vk=0x49)
[2026-09-29 12:31:09] INFO | 按键: i(扫描码=0x17), 持续 0.3s
[2026-09-29 12:31:09] DEBUG | 循环#39667 总耗时=655ms
[2026-09-29 12:31:09] INFO | 按键: i(扫描码=0x17), 持续 0.3s
[2026-09-29 12:31:09] DEBUG | 循环#149 总耗时=645ms
[2026-09-29 12:31:09] INFO | 按键: i(扫描码=0x17), 持续 0.3s
[2026-09-29 12:31:09] INFO | 按键: i(扫描码=0x17), 持续 0.3s
[2026-09-29 12:31:09] DEBUG | 循环#146 总耗时=469ms
[2026-09-29 12:31:09] DEBUG | 循环#158 总耗时=639ms
[2026-09-29 12:31:09] DEBUG | 截图: 3840x2160, 耗时=259ms
[2026-09-29 12:31:09] DEBUG | 截图: 3840x2160, 耗时=231ms
[2026-09-29 12:31:09] DEBUG | 截图: 3840x2160, 耗时=189ms
[2026-09-29 12:31:09] DEBUG | 截图: 3840x2160, 耗时=136ms
[2026-09-29 12:31:09] DEBUG | 匹配[快速]: 游戏中 (5游戏中2（中上）.png), conf=0.869, 57ms
[2026-09-29 12:31:09] DEBUG | 循环#39668 总耗时=322ms
[2026-09-29 12:31:09] DEBUG | 匹配[快速]: 游戏中 (5游戏中2（中上）.png), conf=0.869, 90ms
[2026-09-29 12:31:09] DEBUG | 循环#150 总耗时=324ms
[2026-09-29 12:31:09] DEBUG | 匹配[快速]: 游戏中 (5游戏中2（中上）.png), conf=0.869, 134ms
[2026-09-29 12:31:09] DEBUG | 循环#147 总耗时=327ms
[2026-09-29 12:31:09] DEBUG | 匹配[快速]: 游戏中 (5游戏中2（中上）.png), conf=0.869, 190ms
[2026-09-29 12:31:09] DEBUG | 循环#159 总耗时=332ms
[2026-09-29 12:31:09] DEBUG | 截图: 3840x2160, 耗时=274ms
[2026-09-29 12:31:09] DEBUG | 截图: 3840x2160, 耗时=229ms
[2026-09-29 12:31:09] DEBUG | 截图: 3840x2160, 耗时=198ms
[2026-09-29 12:31:09] DEBUG | 截图: 3840x2160, 耗时=148ms
[2026-09-29 12:31:09] DEBUG | 匹配[快速]: 游戏中 (5游戏中2（中上）.png), conf=0.868, 57ms
[2026-09-29 12:31:09] DEBUG | 循环#39669 总耗时=338ms
[2026-09-29 12:31:09] DEBUG | 匹配[快速]: 游戏中 (5游戏中2（中上）.png), conf=0.865, 105ms
[2026-09-29 12:31:09] DEBUG | 循环#151 总耗时=341ms
[2026-09-29 12:31:09] DEBUG | 匹配[快速]: 游戏中 (5游戏中2（中上）.png), conf=0.866, 129ms
[2026-09-29 12:31:09] DEBUG | 循环#148 总耗时=332ms
[2026-09-29 12:31:09] DEBUG | 匹配[快速]: 游戏中 (5游戏中2（中上）.png), conf=0.870, 182ms
[2026-09-29 12:31:09] DEBUG | 循环#160 总耗时=336ms
[2026-09-29 12:31:10] DEBUG | 截图: 3840x2160, 耗时=265ms
[2026-09-29 12:31:10] DEBUG | 截图: 3840x2160, 耗时=168ms
[2026-09-29 12:31:10] DEBUG | 截图: 3840x2160, 耗时=242ms
[2026-09-29 12:31:10] DEBUG | 截图: 3840x2160, 耗时=138ms
[2026-09-29 12:31:10] DEBUG | 匹配[快速]: 游戏中 (5游戏中2（中上）.png), conf=0.875, 60ms
[2026-09-29 12:31:10] DEBUG | 循环#39670 总耗时=331ms
[2026-09-29 12:31:10] DEBUG | 匹配[快速]: 游戏中 (5游戏中2（中上）.png), conf=0.874, 80ms
[2026-09-29 12:31:10] DEBUG | 循环#152 总耗时=326ms
[2026-09-29 12:31:10] DEBUG | 匹配[快速]: 游戏中 (5游戏中2（中上）.png), conf=0.872, 155ms
[2026-09-29 12:31:10] DEBUG | 循环#149 总耗时=327ms
[2026-09-29 12:31:10] DEBUG | 匹配[快速]: 游戏中 (5游戏中2（中上）.png), conf=0.872, 192ms
[2026-09-29 12:31:10] DEBUG | 循环#161 总耗时=345ms
[2026-09-29 12:31:10] DEBUG | 截图: 3840x2160, 耗时=199ms
[2026-09-29 12:31:10] DEBUG | 截图: 3840x2160, 耗时=216ms
[2026-09-29 12:31:10] DEBUG | 截图: 3840x2160, 耗时=173ms
[2026-09-29 12:31:10] DEBUG | 截图: 3840x2160, 耗时=115ms
[2026-09-29 12:31:10] DEBUG | 匹配[快速]: 游戏中 (5游戏中2（中上）.png), conf=0.870, 52ms
[2026-09-29 12:31:10] DEBUG | 循环#39671 总耗时=320ms
[2026-09-29 12:31:10] DEBUG | 匹配[快速]: 游戏中 (5游戏中2（中上）.png), conf=0.870, 88ms
[2026-09-29 12:31:10] DEBUG | 匹配[快速]: 游戏中 (5游戏中2（中上）.png), conf=0.870, 101ms
[2026-09-29 12:31:10] DEBUG | 循环#150 总耗时=267ms
[2026-09-29 12:31:10] DEBUG | 循环#153 总耗时=321ms
[2026-09-29 12:31:10] DEBUG | 截图: 3840x2160, 耗时=218ms
[2026-09-29 12:31:10] DEBUG | 匹配[快速]: 游戏中 (5游戏中2（中上）.png), conf=0.870, 221ms
[2026-09-29 12:31:10] DEBUG | 循环#162 总耗时=347ms
[2026-09-29 12:31:10] DEBUG | 截图: 3840x2160, 耗时=179ms
[2026-09-29 12:31:10] DEBUG | 截图: 3840x2160, 耗时=244ms
[2026-09-29 12:31:10] DEBUG | 匹配[快速]: 游戏中 (5游戏中2（中上）.png), conf=0.870, 99ms
[2026-09-29 12:31:10] DEBUG | 循环#39672 总耗时=323ms
[2026-09-29 12:31:10] DEBUG | 匹配[快速]: 游戏中 (5游戏中2（中上）.png), conf=0.869, 91ms
[2026-09-29 12:31:10] DEBUG | 循环#151 总耗时=280ms
[2026-09-29 12:31:10] DEBUG | 截图: 3840x2160, 耗时=161ms
[2026-09-29 12:31:10] DEBUG | 匹配[快速]: 游戏中 (5游戏中2（中上）.png), conf=0.870, 89ms
[2026-09-29 12:31:10] DEBUG | 循环#154 总耗时=338ms
[2026-09-29 12:31:10] DEBUG | 截图: 3840x2160, 耗时=227ms
[2026-09-29 12:31:10] DEBUG | 截图: 3840x2160, 耗时=116ms
[2026-09-29 12:31:10] DEBUG | 匹配[快速]: 游戏中 (5游戏中2（中上）.png), conf=0.870, 178ms
[2026-09-29 12:31:10] DEBUG | 循环#163 总耗时=344ms
[2026-09-29 12:31:11] DEBUG | 截图: 3840x2160, 耗时=236ms
[2026-09-29 12:31:11] DEBUG | 匹配[快速]: 游戏中 (5游戏中2（中上）.png), conf=0.870, 91ms
[2026-09-29 12:31:11] DEBUG | 循环#39673 总耗时=322ms
[2026-09-29 12:31:11] DEBUG | 截图: 3840x2160, 耗时=149ms
[2026-09-29 12:31:11] DEBUG | 匹配[快速]: 游戏中 (5游戏中2（中上）.png), conf=0.870, 169ms
[2026-09-29 12:31:11] DEBUG | 匹配[快速]: 游戏中 (5游戏中2（中上）.png), conf=0.870, 106ms
[2026-09-29 12:31:11] DEBUG | 循环#155 总耗时=348ms
[2026-09-29 12:31:11] DEBUG | 循环#152 总耗时=290ms
[2026-09-29 12:31:11] DEBUG | 截图: 3840x2160, 耗时=156ms
[2026-09-29 12:31:11] DEBUG | 匹配[快速]: 游戏中 (5游戏中2（中上）.png), conf=0.870, 151ms
[2026-09-29 12:31:11] DEBUG | 循环#164 总耗时=304ms
[2026-09-29 12:31:11] DEBUG | 截图: 3840x2160, 耗时=204ms
[2026-09-29 12:31:11] DEBUG | 匹配[快速]: 游戏中 (5游戏中2（中上）.png), conf=0.870, 149ms
[2026-09-29 12:31:11] DEBUG | 循环#39674 总耗时=310ms
[2026-09-29 12:31:11] DEBUG | 截图: 3840x2160, 耗时=220ms
[2026-09-29 12:31:11] DEBUG | 截图: 3840x2160, 耗时=168ms
[2026-09-29 12:31:11] DEBUG | 匹配[快速]: 游戏中 (5游戏中2（中上）.png), conf=0.870, 116ms
[2026-09-29 12:31:11] DEBUG | 循环#156 总耗时=325ms
[2026-09-29 12:31:11] DEBUG | 匹配[快速]: 游戏中 (5游戏中2（中上）.png), conf=0.871, 95ms
[2026-09-29 12:31:11] DEBUG | 截图: 3840x2160, 耗时=172ms
[2026-09-29 12:31:11] DEBUG | 循环#153 总耗时=322ms
[2026-09-29 12:31:11] DEBUG | 匹配[快速]: 游戏中 (5游戏中2（中上）.png), conf=0.871, 133ms
[2026-09-29 12:31:11] DEBUG | 循环#165 总耗时=312ms
[2026-09-29 12:31:11] DEBUG | 截图: 3840x2160, 耗时=229ms
[2026-09-29 12:31:11] DEBUG | 截图: 3840x2160, 耗时=171ms
[2026-09-29 12:31:11] DEBUG | 匹配[快速]: 游戏中 (5游戏中2（中上）.png), conf=0.871, 179ms
[2026-09-29 12:31:11] DEBUG | 循环#39675 总耗时=360ms
[2026-09-29 12:31:11] DEBUG | 截图: 3840x2160, 耗时=183ms
[2026-09-29 12:31:11] DEBUG | 匹配[快速]: 游戏中 (5游戏中2（中上）.png), conf=0.872, 95ms
[2026-09-29 12:31:11] DEBUG | 循环#157 总耗时=332ms
[2026-09-29 12:31:11] DEBUG | 匹配[快速]: 游戏中 (5游戏中2（中上）.png), conf=0.872, 146ms
[2026-09-29 12:31:11] INFO | [游戏中] 按I键
[2026-09-29 12:31:11] DEBUG | 按键 i: 三重发送开始 (scan=0x17, vk=0x49)
[2026-09-29 12:31:11] DEBUG | 截图: 3840x2160, 耗时=148ms
[2026-09-29 12:31:11] DEBUG | 匹配[快速]: 游戏中 (5游戏中2（中上）.png), conf=0.872, 92ms
[2026-09-29 12:31:11] INFO | [游戏中] 按I键
[2026-09-29 12:31:11] DEBUG | 按键 i: 三重发送开始 (scan=0x17, vk=0x49)
[2026-09-29 12:31:11] DEBUG | 截图: 3840x2160, 耗时=99ms
[2026-09-29 12:31:11] DEBUG | 匹配[快速]: 游戏中 (5游戏中2（中上）.png), conf=0.872, 38ms
[2026-09-29 12:31:11] INFO | [游戏中] 按I键
[2026-09-29 12:31:11] DEBUG | 按键 i: 三重发送开始 (scan=0x17, vk=0x49)
[2026-09-29 12:31:11] DEBUG | 匹配[快速]: 游戏中 (5游戏中2（中上）.png), conf=0.872, 18ms
[2026-09-29 12:31:11] INFO | [游戏中] 按I键
[2026-09-29 12:31:11] DEBUG | 按键 i: 三重发送开始 (scan=0x17, vk=0x49)
[2026-09-29 12:31:12] INFO | 按键: i(扫描码=0x17), 持续 0.3s
[2026-09-29 12:31:12] DEBUG | 循环#154 总耗时=623ms
[2026-09-29 12:31:12] INFO | 按键: i(扫描码=0x17), 持续 0.3s
[2026-09-29 12:31:12] DEBUG | 循环#166 总耗时=619ms
[2026-09-29 12:31:12] INFO | 按键: i(扫描码=0x17), 持续 0.3s
[2026-09-29 12:31:12] DEBUG | 循环#39676 总耗时=547ms
[2026-09-29 12:31:12] INFO | 按键: i(扫描码=0x17), 持续 0.3s
[2026-09-29 12:31:12] DEBUG | 循环#158 总耗时=530ms
[2026-09-29 12:31:12] DEBUG | 截图: 3840x2160, 耗时=219ms
[2026-09-29 12:31:12] DEBUG | 截图: 3840x2160, 耗时=281ms
[2026-09-29 12:31:12] DEBUG | 截图: 3840x2160, 耗时=190ms
[2026-09-29 12:31:12] DEBUG | 截图: 3840x2160, 耗时=141ms
[2026-09-29 12:31:12] DEBUG | 匹配[快速]: 游戏中 (5游戏中2（中上）.png), conf=0.872, 52ms
[2026-09-29 12:31:12] DEBUG | 循环#167 总耗时=277ms
[2026-09-29 12:31:12] DEBUG | 匹配[快速]: 游戏中 (5游戏中2（中上）.png), conf=0.872, 31ms
[2026-09-29 12:31:12] DEBUG | 循环#39677 总耗时=225ms
[2026-09-29 12:31:12] DEBUG | 匹配[快速]: 游戏中 (5游戏中2（中上）.png), conf=0.872, 39ms
[2026-09-29 12:31:12] DEBUG | 循环#155 总耗时=334ms
[2026-09-29 12:31:12] DEBUG | 匹配[快速]: 游戏中 (5游戏中2（中上）.png), conf=0.872, 190ms
[2026-09-29 12:31:12] DEBUG | 循环#159 总耗时=336ms
[2026-09-29 12:31:12] DEBUG | 截图: 3840x2160, 耗时=294ms
[2026-09-29 12:31:12] DEBUG | 截图: 3840x2160, 耗时=189ms
[2026-09-29 12:31:12] DEBUG | 截图: 3840x2160, 耗时=258ms
[2026-09-29 12:31:12] DEBUG | 截图: 3840x2160, 耗时=145ms
[2026-09-29 12:31:12] DEBUG | 匹配[快速]: 游戏中 (5游戏中2（中上）.png), conf=0.873, 44ms
[2026-09-29 12:31:12] DEBUG | 循环#39678 总耗时=246ms
[2026-09-29 12:31:12] DEBUG | 匹配[快速]: 游戏中 (5游戏中2（中上）.png), conf=0.873, 32ms
[2026-09-29 12:31:12] DEBUG | 匹配[快速]: 游戏中 (5游戏中2（中上）.png), conf=0.872, 53ms
[2026-09-29 12:31:12] DEBUG | 匹配[快速]: 游戏中 (5游戏中2（中上）.png), conf=0.872, 39ms
[2026-09-29 12:31:12] DEBUG | 循环#156 总耗时=355ms
[2026-09-29 12:31:12] DEBUG | 循环#160 总耗时=182ms
[2026-09-29 12:31:12] DEBUG | 循环#168 总耗时=303ms
[2026-09-29 12:31:13] DEBUG | 截图: 3840x2160, 耗时=208ms
[2026-09-29 12:31:13] DEBUG | 截图: 3840x2160, 耗时=167ms
[2026-09-29 12:31:13] DEBUG | 截图: 3840x2160, 耗时=189ms
[2026-09-29 12:31:13] DEBUG | 匹配[快速]: 游戏中 (5游戏中2（中上）.png), conf=0.873, 106ms
[2026-09-29 12:31:13] DEBUG | 循环#157 总耗时=321ms
[2026-09-29 12:31:13] DEBUG | 匹配[快速]: 游戏中 (5游戏中2（中上）.png), conf=0.873, 152ms
[2026-09-29 12:31:13] DEBUG | 循环#39679 总耗时=326ms
[2026-09-29 12:31:13] DEBUG | 截图: 3840x2160, 耗时=225ms
[2026-09-29 12:31:13] DEBUG | 匹配[快速]: 游戏中 (5游戏中2（中上）.png), conf=0.873, 162ms
[2026-09-29 12:31:13] DEBUG | 循环#169 总耗时=356ms
[2026-09-29 12:31:13] DEBUG | 截图: 3840x2160, 耗时=210ms
[2026-09-29 12:31:13] DEBUG | 匹配[快速]: 游戏中 (5游戏中2（中上）.png), conf=0.873, 102ms
[2026-09-29 12:31:13] DEBUG | 截图: 3840x2160, 耗时=179ms
[2026-09-29 12:31:13] DEBUG | 循环#161 总耗时=337ms
[2026-09-29 12:31:13] DEBUG | 匹配[快速]: 游戏中 (5游戏中2（中上）.png), conf=0.873, 101ms
[2026-09-29 12:31:13] DEBUG | 循环#158 总耗时=315ms
[2026-09-29 12:31:13] DEBUG | 截图: 3840x2160, 耗时=226ms
[2026-09-29 12:31:13] DEBUG | 截图: 3840x2160, 耗时=162ms
[2026-09-29 12:31:13] DEBUG | 匹配[快速]: 游戏中 (5游戏中2（中上）.png), conf=0.872, 168ms
[2026-09-29 12:31:13] DEBUG | 循环#39680 总耗时=354ms
[2026-09-29 12:31:13] DEBUG | 截图: 3840x2160, 耗时=164ms
[2026-09-29 12:31:13] DEBUG | 匹配[快速]: 游戏中 (5游戏中2（中上）.png), conf=0.872, 106ms
[2026-09-29 12:31:13] DEBUG | 循环#170 总耗时=339ms
[2026-09-29 12:31:13] DEBUG | 截图: 3840x2160, 耗时=163ms
[2026-09-29 12:31:13] DEBUG | 匹配[快速]: 游戏中 (5游戏中2（中上）.png), conf=0.872, 166ms
[2026-09-29 12:31:13] DEBUG | 匹配[快速]: 游戏中 (5游戏中2（中上）.png), conf=0.872, 108ms
[2026-09-29 12:31:13] DEBUG | 循环#162 总耗时=337ms
[2026-09-29 12:31:13] DEBUG | 循环#159 总耗时=276ms
[2026-09-29 12:31:13] DEBUG | 截图: 3840x2160, 耗时=215ms
[2026-09-29 12:31:13] DEBUG | 匹配[快速]: 游戏中 (5游戏中2（中上）.png), conf=0.873, 162ms
[2026-09-29 12:31:13] DEBUG | 循环#39681 总耗时=329ms
[2026-09-29 12:31:13] DEBUG | 截图: 3840x2160, 耗时=163ms
[2026-09-29 12:31:14] DEBUG | 截图: 3840x2160, 耗时=223ms
[2026-09-29 12:31:14] DEBUG | 匹配[快速]: 游戏中 (5游戏中2（中上）.png), conf=0.872, 120ms
[2026-09-29 12:31:14] DEBUG | 循环#171 总耗时=338ms
[2026-09-29 12:31:14] DEBUG | 截图: 3840x2160, 耗时=155ms
[2026-09-29 12:31:14] DEBUG | 匹配[快速]: 游戏中 (5游戏中2（中上）.png), conf=0.872, 101ms
[2026-09-29 12:31:14] DEBUG | 循环#160 总耗时=271ms
[2026-09-29 12:31:14] DEBUG | 匹配[快速]: 游戏中 (5游戏中2（中上）.png), conf=0.872, 103ms
[2026-09-29 12:31:14] DEBUG | 循环#163 总耗时=331ms
[2026-09-29 12:31:14] DEBUG | 截图: 3840x2160, 耗时=219ms
[2026-09-29 12:31:14] DEBUG | 匹配[快速]: 游戏中 (5游戏中2（中上）.png), conf=0.872, 142ms
[2026-09-29 12:31:14] DEBUG | 循环#39682 总耗时=308ms
[2026-09-29 12:31:14] DEBUG | 截图: 3840x2160, 耗时=217ms
[2026-09-29 12:31:14] DEBUG | 匹配[快速]: 游戏中 (5游戏中2（中上）.png), conf=0.871, 114ms
[2026-09-29 12:31:14] DEBUG | 截图: 3840x2160, 耗时=184ms
[2026-09-29 12:31:14] DEBUG | 循环#172 总耗时=339ms
[2026-09-29 12:31:14] DEBUG | 截图: 3840x2160, 耗时=166ms
[2026-09-29 12:31:14] DEBUG | 匹配[快速]: 游戏中 (5游戏中2（中上）.png), conf=0.871, 102ms
[2026-09-29 12:31:14] DEBUG | 循环#164 总耗时=333ms
[2026-09-29 12:31:14] DEBUG | 匹配[快速]: 游戏中 (5游戏中2（中上）.png), conf=0.871, 151ms
[2026-09-29 12:31:14] DEBUG | 循环#161 总耗时=339ms
[2026-09-29 12:31:14] DEBUG | 截图: 3840x2160, 耗时=209ms
[2026-09-29 12:31:14] DEBUG | 匹配[快速]: 游戏中 (5游戏中2（中上）.png), conf=0.871, 157ms
[2026-09-29 12:31:14] DEBUG | 循环#39683 总耗时=343ms
[2026-09-29 12:31:14] DEBUG | 截图: 3840x2160, 耗时=211ms
[2026-09-29 12:31:14] DEBUG | 匹配[快速]: 游戏中 (5游戏中2（中上）.png), conf=0.871, 106ms
[2026-09-29 12:31:14] DEBUG | 截图: 3840x2160, 耗时=173ms
[2026-09-29 12:31:14] DEBUG | 循环#173 总耗时=323ms
[2026-09-29 12:31:14] DEBUG | 截图: 3840x2160, 耗时=162ms
[2026-09-29 12:31:14] DEBUG | 匹配[快速]: 游戏中 (5游戏中2（中上）.png), conf=0.870, 101ms
[2026-09-29 12:31:14] DEBUG | 循环#165 总耗时=318ms
[2026-09-29 12:31:14] DEBUG | 匹配[快速]: 游戏中 (5游戏中2（中上）.png), conf=0.871, 154ms
[2026-09-29 12:31:14] DEBUG | 循环#162 总耗时=341ms
[2026-09-29 12:31:14] DEBUG | 截图: 3840x2160, 耗时=157ms
[2026-09-29 12:31:14] DEBUG | 截图: 3840x2160, 耗时=155ms
[2026-09-29 12:31:14] DEBUG | 匹配[快速]: 游戏中 (5游戏中2（中上）.png), conf=0.871, 157ms
[2026-09-29 12:31:14] DEBUG | 循环#39684 总耗时=327ms
[2026-09-29 12:31:15] DEBUG | 匹配[快速]: 游戏中 (5游戏中2（中上）.png), conf=0.871, 97ms
[2026-09-29 12:31:15] DEBUG | 截图: 3840x2160, 耗时=158ms
[2026-09-29 12:31:15] INFO | [游戏中] 按I键
[2026-09-29 12:31:15] DEBUG | 按键 i: 三重发送开始 (scan=0x17, vk=0x49)
[2026-09-29 12:31:15] DEBUG | 匹配[快速]: 游戏中 (5游戏中2（中上）.png), conf=0.871, 106ms
[2026-09-29 12:31:15] DEBUG | 截图: 3840x2160, 耗时=108ms
[2026-09-29 12:31:15] INFO | [游戏中] 按I键
[2026-09-29 12:31:15] DEBUG | 按键 i: 三重发送开始 (scan=0x17, vk=0x49)
[2026-09-29 12:31:15] DEBUG | 匹配[快速]: 游戏中 (5游戏中2（中上）.png), conf=0.871, 32ms
[2026-09-29 12:31:15] INFO | [游戏中] 按I键
[2026-09-29 12:31:15] DEBUG | 按键 i: 三重发送开始 (scan=0x17, vk=0x49)
[2026-09-29 12:31:15] DEBUG | 匹配[快速]: 游戏中 (5游戏中2（中上）.png), conf=0.871, 21ms
[2026-09-29 12:31:15] INFO | [游戏中] 按I键
[2026-09-29 12:31:15] DEBUG | 按键 i: 三重发送开始 (scan=0x17, vk=0x49)
[2026-09-29 12:31:15] INFO | 按键: i(扫描码=0x17), 持续 0.3s
[2026-09-29 12:31:15] DEBUG | 循环#174 总耗时=630ms
[2026-09-29 12:31:15] INFO | 按键: i(扫描码=0x17), 持续 0.3s
[2026-09-29 12:31:15] DEBUG | 循环#163 总耗时=525ms
[2026-09-29 12:31:15] INFO | 按键: i(扫描码=0x17), 持续 0.3s
[2026-09-29 12:31:15] INFO | 按键: i(扫描码=0x17), 持续 0.3s
[2026-09-29 12:31:15] DEBUG | 循环#39685 总耗时=507ms
[2026-09-29 12:31:15] DEBUG | 循环#166 总耗时=666ms
[2026-09-29 12:31:15] DEBUG | 截图: 3840x2160, 耗时=269ms
[2026-09-29 12:31:15] DEBUG | 截图: 3840x2160, 耗时=176ms
[2026-09-29 12:31:15] DEBUG | 截图: 3840x2160, 耗时=251ms
[2026-09-29 12:31:15] DEBUG | 截图: 3840x2160, 耗时=148ms
[2026-09-29 12:31:15] DEBUG | 匹配[快速]: 游戏中 (5游戏中2（中上）.png), conf=0.871, 57ms
[2026-09-29 12:31:15] DEBUG | 循环#175 总耗时=331ms
[2026-09-29 12:31:15] DEBUG | 匹配[快速]: 游戏中 (5游戏中2（中上）.png), conf=0.871, 88ms
[2026-09-29 12:31:15] DEBUG | 循环#39686 总耗时=280ms
[2026-09-29 12:31:15] DEBUG | 匹配[快速]: 游戏中 (5游戏中2（中上）.png), conf=0.871, 87ms
[2026-09-29 12:31:15] DEBUG | 循环#164 总耗时=341ms
[2026-09-29 12:31:15] DEBUG | 匹配[快速]: 游戏中 (5游戏中2（中上）.png), conf=0.871, 190ms
[2026-09-29 12:31:15] DEBUG | 循环#167 总耗时=343ms
[2026-09-29 12:31:15] DEBUG | 截图: 3840x2160, 耗时=268ms
[2026-09-29 12:31:15] DEBUG | 截图: 3840x2160, 耗时=218ms
[2026-09-29 12:31:15] DEBUG | 截图: 3840x2160, 耗时=186ms
[2026-09-29 12:31:15] DEBUG | 截图: 3840x2160, 耗时=137ms
[2026-09-29 12:31:15] DEBUG | 匹配[快速]: 游戏中 (5游戏中2（中上）.png), conf=0.871, 59ms
[2026-09-29 12:31:15] DEBUG | 匹配[快速]: 游戏中 (5游戏中2（中上）.png), conf=0.871, 49ms
[2026-09-29 12:31:15] DEBUG | 循环#176 总耗时=332ms
[2026-09-29 12:31:16] DEBUG | 循环#165 总耗时=329ms
[2026-09-29 12:31:16] DEBUG | 匹配[快速]: 游戏中 (5游戏中2（中上）.png), conf=0.871, 146ms
[2026-09-29 12:31:16] DEBUG | 循环#39687 总耗时=337ms
[2026-09-29 12:31:16] DEBUG | 匹配[快速]: 游戏中 (5游戏中2（中上）.png), conf=0.871, 216ms
[2026-09-29 12:31:16] DEBUG | 截图: 3840x2160, 耗时=213ms
[2026-09-29 12:31:16] DEBUG | 截图: 3840x2160, 耗时=161ms
[2026-09-29 12:31:16] DEBUG | 截图: 3840x2160, 耗时=114ms
[2026-09-29 12:31:16] DEBUG | 循环#168 总耗时=401ms
[2026-09-29 12:31:16] DEBUG | 匹配[快速]: 游戏中 (5游戏中2（中上）.png), conf=0.870, 91ms
[2026-09-29 12:31:16] DEBUG | 循环#177 总耗时=344ms
[2026-09-29 12:31:16] DEBUG | 匹配[快速]: 游戏中 (5游戏中2（中上）.png), conf=0.870, 144ms
[2026-09-29 12:31:16] DEBUG | 匹配[快速]: 游戏中 (5游戏中2（中上）.png), conf=0.870, 148ms
[2026-09-29 12:31:16] DEBUG | 截图: 3840x2160, 耗时=145ms
[2026-09-29 12:31:16] DEBUG | 循环#39688 总耗时=288ms
[2026-09-29 12:31:16] DEBUG | 循环#166 总耗时=347ms
[2026-09-29 12:31:16] DEBUG | 截图: 3840x2160, 耗时=178ms
[2026-09-29 12:31:16] DEBUG | 匹配[快速]: 游戏中 (5游戏中2（中上）.png), conf=0.870, 187ms
[2026-09-29 12:31:16] DEBUG | 截图: 3840x2160, 耗时=255ms
[2026-09-29 12:31:16] DEBUG | 截图: 3840x2160, 耗时=140ms
[2026-09-29 12:31:16] DEBUG | 循环#169 总耗时=341ms
[2026-09-29 12:31:16] DEBUG | 匹配[快速]: 游戏中 (5游戏中2（中上）.png), conf=0.870, 91ms
[2026-09-29 12:31:16] DEBUG | 循环#167 总耗时=275ms
[2026-09-29 12:31:16] DEBUG | 匹配[快速]: 游戏中 (5游戏中2（中上）.png), conf=0.870, 88ms
[2026-09-29 12:31:16] DEBUG | 匹配[快速]: 游戏中 (5游戏中2（中上）.png), conf=0.870, 84ms
[2026-09-29 12:31:16] DEBUG | 循环#178 总耗时=347ms
[2026-09-29 12:31:16] DEBUG | 循环#39689 总耗时=232ms
[2026-09-29 12:31:16] DEBUG | 截图: 3840x2160, 耗时=194ms
[2026-09-29 12:31:16] DEBUG | 截图: 3840x2160, 耗时=160ms
[2026-09-29 12:31:16] DEBUG | 截图: 3840x2160, 耗时=124ms
[2026-09-29 12:31:16] DEBUG | 匹配[快速]: 游戏中 (5游戏中2（中上）.png), conf=0.823, 60ms
[2026-09-29 12:31:16] DEBUG | 循环#170 总耗时=323ms
[2026-09-29 12:31:17] DEBUG | 匹配[快速]: 游戏中 (5游戏中2（中上）.png), conf=0.818, 177ms
[2026-09-29 12:31:17] DEBUG | 循环#179 总耗时=343ms
[2026-09-29 12:31:17] DEBUG | 匹配[快速]: 游戏中 (5游戏中2（中上）.png), conf=0.817, 228ms
[2026-09-29 12:31:17] DEBUG | 截图: 3840x2160, 耗时=229ms
[2026-09-29 12:31:17] DEBUG | 循环#168 总耗时=361ms
[2026-09-29 12:31:17] DEBUG | 截图: 3840x2160, 耗时=166ms
[2026-09-29 12:31:17] DEBUG | 截图: 3840x2160, 耗时=104ms
[2026-09-29 12:31:17] DEBUG | 截图: 3840x2160, 耗时=184ms
[2026-09-29 12:31:17] DEBUG | 匹配[快速]: 游戏中 (5游戏中2（中上）.png), conf=0.807, 28ms
[2026-09-29 12:31:17] DEBUG | 循环#180 总耗时=216ms
[2026-09-29 12:31:17] DEBUG | 截图: 3840x2160, 耗时=85ms
[2026-09-29 12:31:17] DEBUG | 匹配[快速]: 游戏中 (5游戏中2（中上）.png), conf=0.837, 24ms
[2026-09-29 12:31:17] DEBUG | 循环#181 总耗时=114ms
[2026-09-29 12:31:17] DEBUG | 匹配[未知], 最高=0.480, 513ms
[2026-09-29 12:31:17] DEBUG | 状态变化: 未知 (置信度=0.480)
[2026-09-29 12:31:17] DEBUG | 匹配[未知], 最高=0.480, 506ms
[2026-09-29 12:31:17] DEBUG | 匹配[未知], 最高=0.480, 556ms
[2026-09-29 12:31:17] DEBUG | 截图: 3840x2160, 耗时=88ms
[2026-09-29 12:31:17] DEBUG | 截图: 3840x2160, 耗时=90ms
[2026-09-29 12:31:18] DEBUG | 截图: 3840x2160, 耗时=163ms
[2026-09-29 12:31:18] DEBUG | 截图: 3840x2160, 耗时=123ms
[2026-09-29 12:31:18] DEBUG | 匹配[全量]: 游戏中, conf=0.859, 572ms
[2026-09-29 12:31:18] DEBUG | 状态变化: 游戏中 (置信度=0.859)
[2026-09-29 12:31:18] DEBUG | 匹配[未知], 最高=0.480, 446ms
[2026-09-29 12:31:18] DEBUG | 状态变化: 未知 (置信度=0.480)
[2026-09-29 12:31:18] DEBUG | 匹配[未知], 最高=0.480, 324ms
[2026-09-29 12:31:18] DEBUG | 匹配[未知], 最高=0.480, 346ms
[2026-09-29 12:31:18] DEBUG | 截图: 3840x2160, 耗时=87ms
[2026-09-29 12:31:18] DEBUG | 截图: 3840x2160, 耗时=195ms
[2026-09-29 12:31:18] DEBUG | 截图: 3840x2160, 耗时=111ms
[2026-09-29 12:31:18] DEBUG | 截图: 3840x2160, 耗时=175ms
[2026-09-29 12:31:19] DEBUG | 匹配[全量]: 游戏中, conf=0.874, 699ms
[2026-09-29 12:31:19] DEBUG | 状态变化: 游戏中 (置信度=0.874)
[2026-09-29 12:31:19] DEBUG | 匹配[全量]: 游戏中, conf=0.874, 550ms
[2026-09-29 12:31:19] DEBUG | 匹配[全量]: 游戏中, conf=0.873, 517ms
[2026-09-29 12:31:19] DEBUG | 匹配[全量]: 游戏中, conf=0.873, 530ms
[2026-09-29 12:31:19] DEBUG | 截图: 3840x2160, 耗时=80ms
[2026-09-29 12:31:19] DEBUG | 匹配[快速]: 游戏中 (5游戏中2（中上）.png), conf=0.819, 19ms
[2026-09-29 12:31:19] INFO | [游戏中] 按I键
[2026-09-29 12:31:19] DEBUG | 按键 i: 三重发送开始 (scan=0x17, vk=0x49)
[2026-09-29 12:31:20] DEBUG | 截图: 3840x2160, 耗时=232ms
[2026-09-29 12:31:20] DEBUG | 截图: 3840x2160, 耗时=136ms
[2026-09-29 12:31:20] DEBUG | 截图: 3840x2160, 耗时=192ms
[2026-09-29 12:31:20] DEBUG | 匹配[快速]: 游戏中 (5游戏中2（中上）.png), conf=0.817, 38ms
[2026-09-29 12:31:20] INFO | [游戏中] 按I键
[2026-09-29 12:31:20] DEBUG | 按键 i: 三重发送开始 (scan=0x17, vk=0x49)
[2026-09-29 12:31:20] DEBUG | 匹配[快速]: 游戏中 (5游戏中2（中上）.png), conf=0.817, 29ms
[2026-09-29 12:31:20] DEBUG | 匹配[快速]: 游戏中 (5游戏中2（中上）.png), conf=0.816, 35ms
[2026-09-29 12:31:20] INFO | [游戏中] 按I键
[2026-09-29 12:31:20] INFO | [游戏中] 按I键
[2026-09-29 12:31:20] DEBUG | 按键 i: 三重发送开始 (scan=0x17, vk=0x49)
[2026-09-29 12:31:20] DEBUG | 按键 i: 三重发送开始 (scan=0x17, vk=0x49)
[2026-09-29 12:31:20] INFO | 按键: i(扫描码=0x17), 持续 0.3s
[2026-09-29 12:31:20] DEBUG | 循环#184 总耗时=405ms
[2026-09-29 12:31:20] DEBUG | 截图: 3840x2160, 耗时=88ms
[2026-09-29 12:31:20] DEBUG | 匹配[快速]: 游戏中 (5游戏中2（中上）.png), conf=0.820, 22ms
[2026-09-29 12:31:20] DEBUG | 循环#185 总耗时=114ms
[2026-09-29 12:31:20] INFO | 按键: i(扫描码=0x17), 持续 0.3s
[2026-09-29 12:31:20] DEBUG | 循环#39693 总耗时=578ms
[2026-09-29 12:31:20] INFO | 按键: i(扫描码=0x17), 持续 0.3s
[2026-09-29 12:31:20] INFO | 按键: i(扫描码=0x17), 持续 0.3s
[2026-09-29 12:31:20] DEBUG | 循环#172 总耗时=598ms
[2026-09-29 12:31:20] DEBUG | 循环#174 总耗时=652ms
[2026-09-29 12:31:20] DEBUG | 截图: 3840x2160, 耗时=228ms
[2026-09-29 12:31:20] DEBUG | 截图: 3840x2160, 耗时=316ms
[2026-09-29 12:31:20] DEBUG | 截图: 3840x2160, 耗时=193ms
[2026-09-29 12:31:20] DEBUG | 截图: 3840x2160, 耗时=150ms
[2026-09-29 12:31:20] DEBUG | 匹配[快速]: 游戏中 (5游戏中2（中上）.png), conf=0.833, 37ms
[2026-09-29 12:31:20] DEBUG | 匹配[快速]: 游戏中 (5游戏中2（中上）.png), conf=0.834, 62ms
[2026-09-29 12:31:20] DEBUG | 匹配[快速]: 游戏中 (5游戏中2（中上）.png), conf=0.835, 33ms
[2026-09-29 12:31:20] DEBUG | 循环#186 总耗时=295ms
[2026-09-29 12:31:20] DEBUG | 循环#39694 总耗时=359ms
[2026-09-29 12:31:20] DEBUG | 循环#173 总耗时=236ms
[2026-09-29 12:31:20] DEBUG | 匹配[快速]: 游戏中 (5游戏中2（中上）.png), conf=0.835, 143ms
[2026-09-29 12:31:20] DEBUG | 循环#175 总耗时=303ms
[2026-09-29 12:31:20] DEBUG | 截图: 3840x2160, 耗时=214ms
[2026-09-29 12:31:21] DEBUG | 截图: 3840x2160, 耗时=293ms
[2026-09-29 12:31:21] DEBUG | 截图: 3840x2160, 耗时=191ms
[2026-09-29 12:31:21] DEBUG | 截图: 3840x2160, 耗时=134ms
[2026-09-29 12:31:21] DEBUG | 匹配[快速]: 游戏中 (5游戏中2（中上）.png), conf=0.826, 58ms
[2026-09-29 12:31:21] DEBUG | 循环#187 总耗时=293ms
[2026-09-29 12:31:21] DEBUG | 匹配[快速]: 游戏中 (5游戏中2（中上）.png), conf=0.827, 43ms
[2026-09-29 12:31:21] DEBUG | 循环#39695 总耗时=353ms
[2026-09-29 12:31:21] DEBUG | 匹配[快速]: 游戏中 (5游戏中2（中上）.png), conf=0.825, 145ms
[2026-09-29 12:31:21] DEBUG | 循环#176 总耗时=342ms
[2026-09-29 12:31:21] DEBUG | 匹配[快速]: 游戏中 (5游戏中2（中上）.png), conf=0.826, 193ms
[2026-09-29 12:31:21] DEBUG | 循环#174 总耗时=333ms
[2026-09-29 12:31:21] DEBUG | 截图: 3840x2160, 耗时=261ms
[2026-09-29 12:31:21] DEBUG | 截图: 3840x2160, 耗时=165ms
[2026-09-29 12:31:21] DEBUG | 截图: 3840x2160, 耗时=231ms
[2026-09-29 12:31:21] DEBUG | 截图: 3840x2160, 耗时=126ms
[2026-09-29 12:31:21] DEBUG | 匹配[快速]: 游戏中 (5游戏中2（中上）.png), conf=0.843, 52ms
[2026-09-29 12:31:21] DEBUG | 循环#39696 总耗时=318ms
[2026-09-29 12:31:21] DEBUG | 匹配[快速]: 游戏中 (5游戏中2（中上）.png), conf=0.845, 85ms
[2026-09-29 12:31:21] DEBUG | 循环#188 总耗时=324ms
[2026-09-29 12:31:21] DEBUG | 匹配[快速]: 游戏中 (5游戏中2（中上）.png), conf=0.846, 141ms
[2026-09-29 12:31:21] DEBUG | 循环#177 总耗时=311ms
[2026-09-29 12:31:21] DEBUG | 匹配[快速]: 游戏中 (5游戏中2（中上）.png), conf=0.845, 187ms
[2026-09-29 12:31:21] DEBUG | 循环#175 总耗时=330ms
[2026-09-29 12:31:21] DEBUG | 截图: 3840x2160, 耗时=270ms
[2026-09-29 12:31:21] DEBUG | 截图: 3840x2160, 耗时=220ms
[2026-09-29 12:31:21] DEBUG | 截图: 3840x2160, 耗时=182ms
[2026-09-29 12:31:21] DEBUG | 截图: 3840x2160, 耗时=133ms
[2026-09-29 12:31:21] DEBUG | 匹配[快速]: 游戏中 (5游戏中2（中上）.png), conf=0.846, 51ms
[2026-09-29 12:31:21] DEBUG | 循环#39697 总耗时=329ms
[2026-09-29 12:31:21] DEBUG | 匹配[快速]: 游戏中 (5游戏中2（中上）.png), conf=0.846, 108ms
[2026-09-29 12:31:21] DEBUG | 匹配[快速]: 游戏中 (5游戏中2（中上）.png), conf=0.847, 86ms
[2026-09-29 12:31:21] DEBUG | 循环#189 总耗时=333ms
[2026-09-29 12:31:21] DEBUG | 循环#178 总耗时=281ms
[2026-09-29 12:31:21] DEBUG | 截图: 3840x2160, 耗时=198ms
[2026-09-29 12:31:21] DEBUG | 匹配[快速]: 游戏中 (5游戏中2（中上）.png), conf=0.846, 208ms
[2026-09-29 12:31:21] DEBUG | 循环#176 总耗时=347ms
[2026-09-29 12:31:22] DEBUG | 截图: 3840x2160, 耗时=210ms
[2026-09-29 12:31:22] DEBUG | 匹配[快速]: 游戏中 (5游戏中2（中上）.png), conf=0.840, 97ms
[2026-09-29 12:31:22] DEBUG | 循环#39698 总耗时=301ms
[2026-09-29 12:31:22] DEBUG | 截图: 3840x2160, 耗时=168ms
[2026-09-29 12:31:22] DEBUG | 截图: 3840x2160, 耗时=163ms
[2026-09-29 12:31:22] DEBUG | 匹配[快速]: 游戏中 (5游戏中2（中上）.png), conf=0.831, 107ms
[2026-09-29 12:31:22] DEBUG | 循环#190 总耗时=321ms
[2026-09-29 12:31:22] DEBUG | 截图: 3840x2160, 耗时=147ms
[2026-09-29 12:31:22] DEBUG | 匹配[快速]: 游戏中 (5游戏中2（中上）.png), conf=0.832, 93ms
[2026-09-29 12:31:22] DEBUG | 循环#179 总耗时=321ms
[2026-09-29 12:31:22] DEBUG | 匹配[快速]: 游戏中 (5游戏中2（中上）.png), conf=0.832, 145ms
[2026-09-29 12:31:22] DEBUG | 循环#177 总耗时=312ms
[2026-09-29 12:31:22] DEBUG | 截图: 3840x2160, 耗时=200ms
[2026-09-29 12:31:22] DEBUG | 匹配[快速]: 游戏中 (5游戏中2（中上）.png), conf=0.830, 172ms
[2026-09-29 12:31:22] DEBUG | 截图: 3840x2160, 耗时=170ms
[2026-09-29 12:31:22] DEBUG | 循环#39699 总耗时=325ms
[2026-09-29 12:31:22] DEBUG | 截图: 3840x2160, 耗时=168ms
[2026-09-29 12:31:22] DEBUG | 匹配[快速]: 游戏中 (5游戏中2（中上）.png), conf=0.830, 103ms
[2026-09-29 12:31:22] DEBUG | 循环#191 总耗时=313ms
[2026-09-29 12:31:22] DEBUG | 匹配[快速]: 游戏中 (5游戏中2（中上）.png), conf=0.835, 143ms
[2026-09-29 12:31:22] DEBUG | 循环#180 总耗时=319ms
[2026-09-29 12:31:22] DEBUG | 截图: 3840x2160, 耗时=147ms
[2026-09-29 12:31:22] DEBUG | 匹配[快速]: 游戏中 (5游戏中2（中上）.png), conf=0.839, 164ms
[2026-09-29 12:31:22] DEBUG | 循环#178 总耗时=338ms
[2026-09-29 12:31:22] DEBUG | 截图: 3840x2160, 耗时=224ms
[2026-09-29 12:31:22] DEBUG | 截图: 3840x2160, 耗时=167ms
[2026-09-29 12:31:22] DEBUG | 匹配[快速]: 游戏中 (5游戏中2（中上）.png), conf=0.842, 112ms
[2026-09-29 12:31:22] DEBUG | 循环#39700 总耗时=323ms
[2026-09-29 12:31:22] DEBUG | 截图: 3840x2160, 耗时=153ms
[2026-09-29 12:31:22] DEBUG | 匹配[快速]: 游戏中 (5游戏中2（中上）.png), conf=0.842, 100ms
[2026-09-29 12:31:22] DEBUG | 循环#192 总耗时=329ms
[2026-09-29 12:31:22] DEBUG | 匹配[快速]: 游戏中 (5游戏中2（中上）.png), conf=0.843, 139ms
[2026-09-29 12:31:22] DEBUG | 循环#181 总耗时=313ms
[2026-09-29 12:31:22] DEBUG | 匹配[快速]: 游戏中 (5游戏中2（中上）.png), conf=0.845, 139ms
[2026-09-29 12:31:22] DEBUG | 循环#179 总耗时=297ms
[2026-09-29 12:31:22] DEBUG | 截图: 3840x2160, 耗时=269ms
[2026-09-29 12:31:22] DEBUG | 截图: 3840x2160, 耗时=209ms
[2026-09-29 12:31:23] DEBUG | 截图: 3840x2160, 耗时=187ms
[2026-09-29 12:31:23] DEBUG | 截图: 3840x2160, 耗时=122ms
[2026-09-29 12:31:23] DEBUG | 匹配[快速]: 游戏中 (5游戏中2（中上）.png), conf=0.847, 70ms
[2026-09-29 12:31:23] DEBUG | 循环#39701 总耗时=342ms
[2026-09-29 12:31:23] DEBUG | 匹配[快速]: 游戏中 (5游戏中2（中上）.png), conf=0.845, 111ms
[2026-09-29 12:31:23] INFO | [游戏中] 按I键
[2026-09-29 12:31:23] DEBUG | 按键 i: 三重发送开始 (scan=0x17, vk=0x49)
[2026-09-29 12:31:23] DEBUG | 匹配[快速]: 游戏中 (5游戏中2（中上）.png), conf=0.846, 87ms
[2026-09-29 12:31:23] INFO | [游戏中] 按I键
[2026-09-29 12:31:23] DEBUG | 按键 i: 三重发送开始 (scan=0x17, vk=0x49)
[2026-09-29 12:31:23] DEBUG | 匹配[快速]: 游戏中 (5游戏中2（中上）.png), conf=0.846, 93ms
[2026-09-29 12:31:23] INFO | [游戏中] 按I键
[2026-09-29 12:31:23] DEBUG | 按键 i: 三重发送开始 (scan=0x17, vk=0x49)
[2026-09-29 12:31:23] DEBUG | 截图: 3840x2160, 耗时=99ms
[2026-09-29 12:31:23] DEBUG | 匹配[快速]: 游戏中 (5游戏中2（中上）.png), conf=0.847, 17ms
[2026-09-29 12:31:23] INFO | [游戏中] 按I键
[2026-09-29 12:31:23] DEBUG | 按键 i: 三重发送开始 (scan=0x17, vk=0x49)
[2026-09-29 12:31:23] INFO | 按键: i(扫描码=0x17), 持续 0.3s
[2026-09-29 12:31:23] DEBUG | 循环#193 总耗时=635ms
[2026-09-29 12:31:23] INFO | 按键: i(扫描码=0x17), 持续 0.3s
[2026-09-29 12:31:23] DEBUG | 循环#182 总耗时=627ms
[2026-09-29 12:31:23] INFO | 按键: i(扫描码=0x17), 持续 0.3s
[2026-09-29 12:31:23] INFO | 按键: i(扫描码=0x17), 持续 0.3s
[2026-09-29 12:31:23] DEBUG | 循环#180 总耗时=610ms
[2026-09-29 12:31:23] DEBUG | 循环#39702 总耗时=482ms
[2026-09-29 12:31:23] DEBUG | 截图: 3840x2160, 耗时=270ms
[2026-09-29 12:31:23] DEBUG | 截图: 3840x2160, 耗时=186ms
[2026-09-29 12:31:23] DEBUG | 截图: 3840x2160, 耗时=247ms
[2026-09-29 12:31:23] DEBUG | 截图: 3840x2160, 耗时=139ms
[2026-09-29 12:31:23] DEBUG | 匹配[快速]: 游戏中 (5游戏中2（中上）.png), conf=0.844, 46ms
[2026-09-29 12:31:23] DEBUG | 循环#194 总耗时=335ms
[2026-09-29 12:31:23] DEBUG | 匹配[快速]: 游戏中 (5游戏中2（中上）.png), conf=0.862, 84ms
[2026-09-29 12:31:23] DEBUG | 循环#181 总耗时=275ms
[2026-09-29 12:31:23] DEBUG | 匹配[快速]: 游戏中 (5游戏中2（中上）.png), conf=0.862, 79ms
[2026-09-29 12:31:23] DEBUG | 匹配[快速]: 游戏中 (5游戏中2（中上）.png), conf=0.861, 91ms
[2026-09-29 12:31:23] DEBUG | 循环#39703 总耗时=224ms
[2026-09-29 12:31:23] DEBUG | 循环#183 总耗时=346ms
[2026-09-29 12:31:23] DEBUG | 截图: 3840x2160, 耗时=245ms
[2026-09-29 12:31:24] DEBUG | 截图: 3840x2160, 耗时=230ms
[2026-09-29 12:31:24] DEBUG | 截图: 3840x2160, 耗时=183ms
[2026-09-29 12:31:24] DEBUG | 截图: 3840x2160, 耗时=137ms
[2026-09-29 12:31:24] DEBUG | 匹配[快速]: 游戏中 (5游戏中2（中上）.png), conf=0.859, 76ms
[2026-09-29 12:31:24] DEBUG | 循环#195 总耗时=325ms
[2026-09-29 12:31:24] DEBUG | 匹配[快速]: 游戏中 (5游戏中2（中上）.png), conf=0.859, 88ms
[2026-09-29 12:31:24] DEBUG | 循环#184 总耗时=321ms
[2026-09-29 12:31:24] DEBUG | 匹配[快速]: 游戏中 (5游戏中2（中上）.png), conf=0.858, 144ms
[2026-09-29 12:31:24] DEBUG | 循环#182 总耗时=331ms
[2026-09-29 12:31:24] DEBUG | 匹配[快速]: 游戏中 (5游戏中2（中上）.png), conf=0.857, 189ms
[2026-09-29 12:31:24] DEBUG | 截图: 3840x2160, 耗时=197ms
[2026-09-29 12:31:24] DEBUG | 循环#39704 总耗时=342ms
[2026-09-29 12:31:24] DEBUG | 截图: 3840x2160, 耗时=218ms
[2026-09-29 12:31:24] DEBUG | 截图: 3840x2160, 耗时=179ms
[2026-09-29 12:31:24] DEBUG | 截图: 3840x2160, 耗时=118ms
[2026-09-29 12:31:24] DEBUG | 匹配[快速]: 游戏中 (5游戏中2（中上）.png), conf=0.852, 136ms
[2026-09-29 12:31:24] DEBUG | 循环#196 总耗时=338ms
[2026-09-29 12:31:24] DEBUG | 匹配[快速]: 游戏中 (5游戏中2（中上）.png), conf=0.850, 107ms
[2026-09-29 12:31:24] DEBUG | 匹配[快速]: 游戏中 (5游戏中2（中上）.png), conf=0.850, 79ms
[2026-09-29 12:31:24] DEBUG | 循环#185 总耗时=331ms
[2026-09-29 12:31:24] DEBUG | 循环#183 总耗时=312ms
[2026-09-29 12:31:24] DEBUG | 匹配[快速]: 游戏中 (5游戏中2（中上）.png), conf=0.851, 179ms
[2026-09-29 12:31:24] DEBUG | 循环#39705 总耗时=304ms
[2026-09-29 12:31:24] DEBUG | 截图: 3840x2160, 耗时=257ms
[2026-09-29 12:31:24] DEBUG | 截图: 3840x2160, 耗时=172ms
[2026-09-29 12:31:24] DEBUG | 截图: 3840x2160, 耗时=231ms
[2026-09-29 12:31:24] DEBUG | 截图: 3840x2160, 耗时=127ms
[2026-09-29 12:31:24] DEBUG | 匹配[快速]: 游戏中 (5游戏中2（中上）.png), conf=0.852, 35ms
[2026-09-29 12:31:24] DEBUG | 循环#184 总耗时=211ms
[2026-09-29 12:31:24] DEBUG | 匹配[快速]: 游戏中 (5游戏中2（中上）.png), conf=0.854, 56ms
[2026-09-29 12:31:24] DEBUG | 循环#197 总耗时=318ms
[2026-09-29 12:31:24] DEBUG | 匹配[快速]: 游戏中 (5游戏中2（中上）.png), conf=0.853, 80ms
[2026-09-29 12:31:24] DEBUG | 循环#186 总耗时=316ms
[2026-09-29 12:31:24] DEBUG | 匹配[快速]: 游戏中 (5游戏中2（中上）.png), conf=0.851, 183ms
[2026-09-29 12:31:24] DEBUG | 循环#39706 总耗时=316ms
[2026-09-29 12:31:24] DEBUG | 截图: 3840x2160, 耗时=275ms
[2026-09-29 12:31:25] DEBUG | 截图: 3840x2160, 耗时=242ms
[2026-09-29 12:31:25] DEBUG | 截图: 3840x2160, 耗时=202ms
[2026-09-29 12:31:25] DEBUG | 截图: 3840x2160, 耗时=150ms
[2026-09-29 12:31:25] DEBUG | 匹配[快速]: 游戏中 (5游戏中2（中上）.png), conf=0.848, 54ms
[2026-09-29 12:31:25] DEBUG | 循环#198 总耗时=335ms
[2026-09-29 12:31:25] DEBUG | 匹配[快速]: 游戏中 (5游戏中2（中上）.png), conf=0.848, 107ms
[2026-09-29 12:31:25] DEBUG | 循环#187 总耗时=352ms
[2026-09-29 12:31:25] DEBUG | 匹配[快速]: 游戏中 (5游戏中2（中上）.png), conf=0.848, 152ms
[2026-09-29 12:31:25] DEBUG | 循环#185 总耗时=358ms
[2026-09-29 12:31:25] DEBUG | 匹配[快速]: 游戏中 (5游戏中2（中上）.png), conf=0.848, 209ms
[2026-09-29 12:31:25] DEBUG | 循环#39707 总耗时=367ms
[2026-09-29 12:31:25] DEBUG | 截图: 3840x2160, 耗时=289ms
[2026-09-29 12:31:25] DEBUG | 截图: 3840x2160, 耗时=234ms
[2026-09-29 12:31:25] DEBUG | 截图: 3840x2160, 耗时=194ms
[2026-09-29 12:31:25] DEBUG | 截图: 3840x2160, 耗时=137ms
[2026-09-29 12:31:25] DEBUG | 匹配[未知], 最高=0.480, 458ms
[2026-09-29 12:31:25] DEBUG | 状态变化: 未知 (置信度=0.480)
[2026-09-29 12:31:25] DEBUG | 匹配[未知], 最高=0.480, 453ms
[2026-09-29 12:31:25] DEBUG | 匹配[未知], 最高=0.480, 513ms
[2026-09-29 12:31:25] DEBUG | 匹配[未知], 最高=0.480, 491ms
[2026-09-29 12:31:26] DEBUG | 截图: 3840x2160, 耗时=243ms
[2026-09-29 12:31:26] DEBUG | 截图: 3840x2160, 耗时=148ms
[2026-09-29 12:31:26] DEBUG | 截图: 3840x2160, 耗时=209ms
[2026-09-29 12:31:26] DEBUG | 截图: 3840x2160, 耗时=325ms
[2026-09-29 12:31:26] DEBUG | 匹配[未知], 最高=0.669, 522ms
[2026-09-29 12:31:26] DEBUG | 匹配[未知], 最高=0.670, 541ms
[2026-09-29 12:31:26] DEBUG | 匹配[未知], 最高=0.670, 562ms
[2026-09-29 12:31:27] DEBUG | 匹配[未知], 最高=0.670, 544ms
[2026-09-29 12:31:27] DEBUG | 截图: 3840x2160, 耗时=253ms
[2026-09-29 12:31:27] DEBUG | 截图: 3840x2160, 耗时=205ms
[2026-09-29 12:31:27] DEBUG | 截图: 3840x2160, 耗时=328ms
[2026-09-29 12:31:27] DEBUG | 截图: 3840x2160, 耗时=162ms
[2026-09-29 12:31:28] DEBUG | 匹配[未知], 最高=0.671, 518ms
[2026-09-29 12:31:28] DEBUG | 匹配[未知], 最高=0.671, 513ms
[2026-09-29 12:31:28] DEBUG | 匹配[未知], 最高=0.671, 559ms
[2026-09-29 12:31:28] DEBUG | 匹配[未知], 最高=0.671, 541ms
[2026-09-29 12:31:28] DEBUG | 截图: 3840x2160, 耗时=293ms
[2026-09-29 12:31:28] DEBUG | 截图: 3840x2160, 耗时=199ms
[2026-09-29 12:31:28] DEBUG | 截图: 3840x2160, 耗时=147ms
[2026-09-29 12:31:28] DEBUG | 截图: 3840x2160, 耗时=259ms
[2026-09-29 12:31:29] DEBUG | 匹配[未知], 最高=0.661, 538ms
[2026-09-29 12:31:29] DEBUG | 匹配[未知], 最高=0.659, 564ms
[2026-09-29 12:31:29] DEBUG | 匹配[未知], 最高=0.658, 558ms
[2026-09-29 12:31:29] DEBUG | 匹配[未知], 最高=0.655, 567ms
[2026-09-29 12:31:29] DEBUG | 截图: 3840x2160, 耗时=295ms
[2026-09-29 12:31:29] DEBUG | 截图: 3840x2160, 耗时=144ms
[2026-09-29 12:31:29] DEBUG | 截图: 3840x2160, 耗时=263ms
[2026-09-29 12:31:29] DEBUG | 截图: 3840x2160, 耗时=211ms
[2026-09-29 12:31:30] DEBUG | 匹配[未知], 最高=0.629, 746ms
[2026-09-29 12:31:30] DEBUG | 匹配[未知], 最高=0.630, 773ms
[2026-09-29 12:31:30] DEBUG | 匹配[未知], 最高=0.498, 771ms
[2026-09-29 12:31:30] DEBUG | 匹配[未知], 最高=0.496, 796ms
[2026-09-29 12:31:31] DEBUG | 截图: 3840x2160, 耗时=200ms
[2026-09-29 12:31:31] DEBUG | 截图: 3840x2160, 耗时=154ms
[2026-09-29 12:31:31] DEBUG | 截图: 3840x2160, 耗时=334ms
[2026-09-29 12:31:31] DEBUG | 截图: 3840x2160, 耗时=281ms
[2026-09-29 12:31:32] DEBUG | 匹配[未知], 最高=0.563, 816ms
[2026-09-29 12:31:32] DEBUG | 匹配[未知], 最高=0.611, 827ms
[2026-09-29 12:31:32] DEBUG | 匹配[未知], 最高=0.608, 852ms
[2026-09-29 12:31:32] DEBUG | 匹配[未知], 最高=0.610, 854ms
[2026-09-29 12:31:32] DEBUG | 截图: 3840x2160, 耗时=280ms
[2026-09-29 12:31:32] DEBUG | 截图: 3840x2160, 耗时=142ms
[2026-09-29 12:31:32] DEBUG | 截图: 3840x2160, 耗时=258ms
[2026-09-29 12:31:32] DEBUG | 截图: 3840x2160, 耗时=207ms
[2026-09-29 12:31:33] DEBUG | 匹配[全量]: 结算界面1, conf=0.946, 714ms
[2026-09-29 12:31:33] DEBUG | 状态变化: 结算界面1 (置信度=0.946)
[2026-09-29 12:31:33] DEBUG | 匹配[全量]: 结算界面1, conf=0.949, 727ms
[2026-09-29 12:31:33] DEBUG | 匹配[全量]: 结算界面1, conf=0.949, 723ms
[2026-09-29 12:31:33] DEBUG | 匹配[全量]: 结算界面1, conf=0.932, 764ms
[2026-09-29 12:31:33] DEBUG | 截图: 3840x2160, 耗时=220ms
[2026-09-29 12:31:33] DEBUG | 截图: 3840x2160, 耗时=286ms
[2026-09-29 12:31:34] DEBUG | 截图: 3840x2160, 耗时=193ms
[2026-09-29 12:31:34] DEBUG | 截图: 3840x2160, 耗时=156ms
[2026-09-29 12:31:34] DEBUG | 匹配[快速]: 结算界面1 (6结算界面1（右下）.png), conf=0.949, 59ms
[2026-09-29 12:31:34] INFO | [结算界面1] 点击结算继续
[2026-09-29 12:31:34] DEBUG | 匹配[快速]: 结算界面1 (6结算界面1（右下）.png), conf=0.949, 42ms
[2026-09-29 12:31:34] DEBUG | 匹配[快速]: 结算界面1 (6结算界面1（右下）.png), conf=0.949, 49ms
[2026-09-29 12:31:34] INFO | [结算界面1] 点击结算继续
[2026-09-29 12:31:34] INFO | [结算界面1] 点击结算继续
[2026-09-29 12:31:34] DEBUG | 匹配[快速]: 结算界面1 (6结算界面1（右下）.png), conf=0.949, 30ms
[2026-09-29 12:31:34] INFO | [结算界面1] 点击结算继续
[2026-09-29 12:31:34] INFO | 点击: (3163, 1816), 耗时=75ms
[2026-09-29 12:31:34] INFO | === 第 88 轮完成 ===
[2026-09-29 12:31:34] DEBUG | 循环#39715 总耗时=560ms
[2026-09-29 12:31:34] INFO | 点击: (3163, 1816), 耗时=117ms
[2026-09-29 12:31:34] INFO | 点击: (3163, 1816), 耗时=114ms
[2026-09-29 12:31:34] DEBUG | 循环#206 总耗时=560ms
[2026-09-29 12:31:34] DEBUG | 循环#195 总耗时=507ms
[2026-09-29 12:31:34] INFO | 点击: (3163, 1816), 耗时=118ms
[2026-09-29 12:31:34] DEBUG | 循环#193 总耗时=767ms
[2026-09-29 12:31:34] DEBUG | 截图: 3840x2160, 耗时=235ms
[2026-09-29 12:31:34] DEBUG | 截图: 3840x2160, 耗时=194ms
[2026-09-29 12:31:34] DEBUG | 截图: 3840x2160, 耗时=167ms
[2026-09-29 12:31:34] DEBUG | 截图: 3840x2160, 耗时=124ms
[2026-09-29 12:31:34] DEBUG | 匹配[快速]: 结算界面1 (6结算界面1（右下）.png), conf=0.949, 60ms
[2026-09-29 12:31:34] DEBUG | 循环#39716 总耗时=304ms
[2026-09-29 12:31:34] DEBUG | 匹配[快速]: 结算界面1 (6结算界面1（右下）.png), conf=0.949, 98ms
[2026-09-29 12:31:34] DEBUG | 循环#207 总耗时=306ms
[2026-09-29 12:31:34] DEBUG | 匹配[快速]: 结算界面1 (6结算界面1（右下）.png), conf=0.949, 124ms
[2026-09-29 12:31:34] DEBUG | 匹配[快速]: 结算界面1 (6结算界面1（右下）.png), conf=0.949, 137ms
[2026-09-29 12:31:34] DEBUG | 循环#194 总耗时=255ms
[2026-09-29 12:31:34] DEBUG | 循环#196 总耗时=313ms
[2026-09-29 12:31:34] DEBUG | 截图: 3840x2160, 耗时=240ms
[2026-09-29 12:31:34] DEBUG | 截图: 3840x2160, 耗时=220ms
[2026-09-29 12:31:34] DEBUG | 截图: 3840x2160, 耗时=182ms
[2026-09-29 12:31:34] DEBUG | 截图: 3840x2160, 耗时=129ms
[2026-09-29 12:31:34] DEBUG | 匹配[快速]: 结算界面1 (6结算界面1（右下）.png), conf=0.949, 64ms
[2026-09-29 12:31:34] DEBUG | 循环#39717 总耗时=309ms
[2026-09-29 12:31:34] DEBUG | 匹配[快速]: 结算界面1 (6结算界面1（右下）.png), conf=0.949, 90ms
[2026-09-29 12:31:35] DEBUG | 循环#208 总耗时=323ms
[2026-09-29 12:31:35] DEBUG | 匹配[快速]: 结算界面1 (6结算界面1（右下）.png), conf=0.949, 142ms
[2026-09-29 12:31:35] DEBUG | 循环#197 总耗时=328ms
[2026-09-29 12:31:35] DEBUG | 截图: 3840x2160, 耗时=198ms
[2026-09-29 12:31:35] DEBUG | 匹配[快速]: 结算界面1 (6结算界面1（右下）.png), conf=0.949, 201ms
[2026-09-29 12:31:35] DEBUG | 循环#195 总耗时=338ms
[2026-09-29 12:31:35] DEBUG | 截图: 3840x2160, 耗时=210ms
[2026-09-29 12:31:35] DEBUG | 截图: 3840x2160, 耗时=168ms
[2026-09-29 12:31:35] DEBUG | 截图: 3840x2160, 耗时=106ms
[2026-09-29 12:31:35] DEBUG | 匹配[快速]: 结算界面1 (6结算界面1（右下）.png), conf=0.949, 121ms
[2026-09-29 12:31:35] DEBUG | 循环#39718 总耗时=324ms
[2026-09-29 12:31:35] DEBUG | 匹配[快速]: 结算界面1 (6结算界面1（右下）.png), conf=0.949, 96ms
[2026-09-29 12:31:35] DEBUG | 循环#209 总耗时=311ms
[2026-09-29 12:31:35] DEBUG | 匹配[快速]: 结算界面1 (6结算界面1（右下）.png), conf=0.891, 129ms
[2026-09-29 12:31:35] DEBUG | 循环#198 总耗时=301ms
[2026-09-29 12:31:35] DEBUG | 匹配[快速]: 结算界面1 (6结算界面1（右下）.png), conf=0.925, 187ms
[2026-09-29 12:31:35] DEBUG | 循环#196 总耗时=298ms
[2026-09-29 12:31:35] DEBUG | 截图: 3840x2160, 耗时=261ms
[2026-09-29 12:31:35] DEBUG | 截图: 3840x2160, 耗时=219ms
[2026-09-29 12:31:35] DEBUG | 截图: 3840x2160, 耗时=185ms
[2026-09-29 12:31:35] DEBUG | 截图: 3840x2160, 耗时=124ms
[2026-09-29 12:31:35] DEBUG | 匹配[快速]: 结算界面1 (6结算界面1（右下）.png), conf=0.899, 56ms
[2026-09-29 12:31:35] DEBUG | 循环#39719 总耗时=325ms
[2026-09-29 12:31:35] DEBUG | 匹配[快速]: 结算界面1 (6结算界面1（右下）.png), conf=0.915, 81ms
[2026-09-29 12:31:35] DEBUG | 循环#199 总耗时=271ms
[2026-09-29 12:31:35] DEBUG | 匹配[快速]: 结算界面1 (6结算界面1（右下）.png), conf=0.898, 100ms
[2026-09-29 12:31:35] DEBUG | 循环#210 总耗时=324ms
[2026-09-29 12:31:35] DEBUG | 匹配[快速]: 结算界面1 (6结算界面1（右下）.png), conf=0.912, 203ms
[2026-09-29 12:31:35] DEBUG | 循环#197 总耗时=337ms
[2026-09-29 12:31:35] DEBUG | 截图: 3840x2160, 耗时=194ms
[2026-09-29 12:31:35] DEBUG | 截图: 3840x2160, 耗时=204ms
[2026-09-29 12:31:35] DEBUG | 截图: 3840x2160, 耗时=166ms
[2026-09-29 12:31:35] DEBUG | 截图: 3840x2160, 耗时=104ms
[2026-09-29 12:31:35] DEBUG | 匹配[快速]: 结算界面1 (6结算界面1（右下）.png), conf=0.901, 55ms
[2026-09-29 12:31:35] DEBUG | 循环#39720 总耗时=305ms
[2026-09-29 12:31:35] DEBUG | 匹配[快速]: 结算界面1 (6结算界面1（右下）.png), conf=0.901, 104ms
[2026-09-29 12:31:35] DEBUG | 循环#211 总耗时=312ms
[2026-09-29 12:31:36] DEBUG | 匹配[快速]: 结算界面1 (6结算界面1（右下）.png), conf=0.900, 149ms
[2026-09-29 12:31:36] DEBUG | 循环#200 总耗时=320ms
[2026-09-29 12:31:36] DEBUG | 截图: 3840x2160, 耗时=177ms
[2026-09-29 12:31:36] DEBUG | 截图: 3840x2160, 耗时=149ms
[2026-09-29 12:31:36] DEBUG | 匹配[快速]: 结算界面1 (6结算界面1（右下）.png), conf=0.900, 217ms
[2026-09-29 12:31:36] DEBUG | 循环#198 总耗时=326ms
[2026-09-29 12:31:36] DEBUG | 截图: 3840x2160, 耗时=154ms
[2026-09-29 12:31:36] DEBUG | 匹配[快速]: 结算界面1 (6结算界面1（右下）.png), conf=0.900, 96ms
[2026-09-29 12:31:36] DEBUG | 循环#39721 总耗时=284ms
[2026-09-29 12:31:36] DEBUG | 匹配[快速]: 结算界面1 (6结算界面1（右下）.png), conf=0.902, 30ms
[2026-09-29 12:31:36] DEBUG | 循环#201 总耗时=190ms
[2026-09-29 12:31:36] DEBUG | 截图: 3840x2160, 耗时=91ms
[2026-09-29 12:31:36] DEBUG | 匹配[快速]: 结算界面1 (6结算界面1（右下）.png), conf=0.901, 145ms
[2026-09-29 12:31:36] DEBUG | 循环#212 总耗时=304ms
[2026-09-29 12:31:36] DEBUG | 截图: 3840x2160, 耗时=148ms
[2026-09-29 12:31:36] DEBUG | 截图: 3840x2160, 耗时=102ms
[2026-09-29 12:31:36] DEBUG | 匹配[快速]: 结算界面1 (6结算界面1（右下）.png), conf=0.904, 163ms
[2026-09-29 12:31:36] DEBUG | 循环#199 总耗时=309ms
[2026-09-29 12:31:36] DEBUG | 截图: 3840x2160, 耗时=141ms
[2026-09-29 12:31:36] DEBUG | 匹配[快速]: 结算界面1 (6结算界面1（右下）.png), conf=0.906, 156ms
[2026-09-29 12:31:36] DEBUG | 循环#39722 总耗时=309ms
[2026-09-29 12:31:36] DEBUG | 匹配[快速]: 结算界面1 (6结算界面1（右下）.png), conf=0.907, 198ms
[2026-09-29 12:31:36] DEBUG | 循环#213 总耗时=306ms
[2026-09-29 12:31:36] DEBUG | 截图: 3840x2160, 耗时=198ms
[2026-09-29 12:31:36] DEBUG | 截图: 3840x2160, 耗时=152ms
[2026-09-29 12:31:36] DEBUG | 截图: 3840x2160, 耗时=109ms
[2026-09-29 12:31:36] DEBUG | 匹配[快速]: 结算界面1 (6结算界面1（右下）.png), conf=0.908, 168ms
[2026-09-29 12:31:36] DEBUG | 循环#202 总耗时=314ms
[2026-09-29 12:31:36] DEBUG | 匹配[快速]: 结算界面1 (6结算界面1（右下）.png), conf=0.910, 111ms
[2026-09-29 12:31:36] DEBUG | 循环#200 总耗时=313ms
[2026-09-29 12:31:36] DEBUG | 匹配[快速]: 结算界面1 (6结算界面1（右下）.png), conf=0.911, 155ms
[2026-09-29 12:31:36] DEBUG | 循环#39723 总耗时=310ms
[2026-09-29 12:31:36] DEBUG | 截图: 3840x2160, 耗时=147ms
[2026-09-29 12:31:36] DEBUG | 截图: 3840x2160, 耗时=215ms
[2026-09-29 12:31:36] DEBUG | 匹配[快速]: 结算界面1 (6结算界面1（右下）.png), conf=0.912, 217ms
[2026-09-29 12:31:36] DEBUG | 循环#214 总耗时=334ms
[2026-09-29 12:31:36] DEBUG | 截图: 3840x2160, 耗时=162ms
[2026-09-29 12:31:36] DEBUG | 截图: 3840x2160, 耗时=98ms
[2026-09-29 12:31:36] DEBUG | 匹配[快速]: 结算界面1 (6结算界面1（右下）.png), conf=0.914, 118ms
[2026-09-29 12:31:36] DEBUG | 循环#201 总耗时=269ms
[2026-09-29 12:31:37] DEBUG | 匹配[快速]: 结算界面1 (6结算界面1（右下）.png), conf=0.913, 111ms
[2026-09-29 12:31:37] DEBUG | 循环#203 总耗时=330ms
[2026-09-29 12:31:37] DEBUG | 匹配[快速]: 结算界面1 (6结算界面1（右下）.png), conf=0.914, 164ms
[2026-09-29 12:31:37] WARNING | [结算界面1] 状态未变化 3秒，重新点击 (第1次重试)
[2026-09-29 12:31:37] DEBUG | 截图: 3840x2160, 耗时=156ms
[2026-09-29 12:31:37] DEBUG | 匹配[快速]: 结算界面1 (6结算界面1（右下）.png), conf=0.915, 167ms
[2026-09-29 12:31:37] WARNING | [结算界面1] 状态未变化 3秒，重新点击 (第2次重试)
[2026-09-29 12:31:37] DEBUG | 截图: 3840x2160, 耗时=115ms
[2026-09-29 12:31:37] DEBUG | 匹配[快速]: 结算界面1 (6结算界面1（右下）.png), conf=0.915, 38ms
[2026-09-29 12:31:37] WARNING | [结算界面1] 状态未变化 3秒，重新点击 (第3次重试)
[2026-09-29 12:31:37] DEBUG | 匹配[快速]: 结算界面1 (6结算界面1（右下）.png), conf=0.915, 29ms
[2026-09-29 12:31:37] WARNING | [结算界面1] 状态未变化 3秒，重新点击 (第4次重试)
[2026-09-29 12:31:37] INFO | 点击: (3163, 1816), 耗时=80ms
[2026-09-29 12:31:37] DEBUG | 循环#39724 总耗时=412ms
[2026-09-29 12:31:37] INFO | 点击: (3163, 1816), 耗时=111ms
[2026-09-29 12:31:37] DEBUG | 循环#215 总耗时=386ms
[2026-09-29 12:31:37] INFO | 点击: (3163, 1816), 耗时=78ms
[2026-09-29 12:31:37] INFO | 点击: (3163, 1816), 耗时=77ms
[2026-09-29 12:31:37] DEBUG | 循环#204 总耗时=332ms
[2026-09-29 12:31:37] DEBUG | 循环#202 总耗时=281ms
[2026-09-29 12:31:37] DEBUG | 截图: 3840x2160, 耗时=247ms
[2026-09-29 12:31:37] DEBUG | 截图: 3840x2160, 耗时=197ms
[2026-09-29 12:31:37] DEBUG | 截图: 3840x2160, 耗时=169ms
[2026-09-29 12:31:37] DEBUG | 截图: 3840x2160, 耗时=104ms
[2026-09-29 12:31:37] DEBUG | 匹配[快速]: 结算界面1 (6结算界面1（右下）.png), conf=0.915, 61ms
[2026-09-29 12:31:37] DEBUG | 循环#39725 总耗时=313ms
[2026-09-29 12:31:37] DEBUG | 匹配[快速]: 结算界面1 (6结算界面1（右下）.png), conf=0.915, 85ms
[2026-09-29 12:31:37] DEBUG | 匹配[快速]: 结算界面1 (6结算界面1（右下）.png), conf=0.915, 109ms
[2026-09-29 12:31:37] DEBUG | 循环#205 总耗时=258ms
[2026-09-29 12:31:37] DEBUG | 循环#216 总耗时=314ms
[2026-09-29 12:31:37] DEBUG | 匹配[快速]: 结算界面1 (6结算界面1（右下）.png), conf=0.915, 186ms
[2026-09-29 12:31:37] DEBUG | 循环#203 总耗时=295ms
[2026-09-29 12:31:37] DEBUG | 截图: 3840x2160, 耗时=234ms
[2026-09-29 12:31:37] DEBUG | 截图: 3840x2160, 耗时=155ms
[2026-09-29 12:31:37] DEBUG | 截图: 3840x2160, 耗时=220ms
[2026-09-29 12:31:37] DEBUG | 截图: 3840x2160, 耗时=106ms
[2026-09-29 12:31:37] DEBUG | 匹配[快速]: 结算界面1 (6结算界面1（右下）.png), conf=0.914, 52ms
[2026-09-29 12:31:37] DEBUG | 循环#39726 总耗时=296ms
[2026-09-29 12:31:37] DEBUG | 匹配[快速]: 结算界面1 (6结算界面1（右下）.png), conf=0.915, 98ms
[2026-09-29 12:31:37] DEBUG | 循环#206 总耗时=258ms
[2026-09-29 12:31:37] DEBUG | 匹配[快速]: 结算界面1 (6结算界面1（右下）.png), conf=0.914, 96ms
[2026-09-29 12:31:37] DEBUG | 循环#217 总耗时=320ms
[2026-09-29 12:31:38] DEBUG | 匹配[快速]: 结算界面1 (6结算界面1（右下）.png), conf=0.915, 181ms
[2026-09-29 12:31:38] DEBUG | 循环#204 总耗时=292ms
[2026-09-29 12:31:38] DEBUG | 截图: 3840x2160, 耗时=243ms
[2026-09-29 12:31:38] DEBUG | 截图: 3840x2160, 耗时=209ms
[2026-09-29 12:31:38] DEBUG | 截图: 3840x2160, 耗时=177ms
[2026-09-29 12:31:38] DEBUG | 截图: 3840x2160, 耗时=122ms
[2026-09-29 12:31:38] DEBUG | 匹配[快速]: 结算界面1 (6结算界面1（右下）.png), conf=0.916, 81ms
[2026-09-29 12:31:38] DEBUG | 循环#39727 总耗时=328ms
[2026-09-29 12:31:38] DEBUG | 匹配[快速]: 结算界面1 (6结算界面1（右下）.png), conf=0.917, 95ms
[2026-09-29 12:31:38] DEBUG | 循环#218 总耗时=310ms
[2026-09-29 12:31:38] DEBUG | 匹配[快速]: 结算界面1 (6结算界面1（右下）.png), conf=0.917, 135ms
[2026-09-29 12:31:38] DEBUG | 循环#207 总耗时=316ms
[2026-09-29 12:31:38] DEBUG | 匹配[快速]: 结算界面1 (6结算界面1（右下）.png), conf=0.918, 193ms
[2026-09-29 12:31:38] DEBUG | 循环#205 总耗时=321ms
[2026-09-29 12:31:38] DEBUG | 截图: 3840x2160, 耗时=242ms
[2026-09-29 12:31:38] DEBUG | 截图: 3840x2160, 耗时=227ms
[2026-09-29 12:31:38] DEBUG | 截图: 3840x2160, 耗时=185ms
[2026-09-29 12:31:38] DEBUG | 截图: 3840x2160, 耗时=123ms
[2026-09-29 12:31:38] DEBUG | 匹配[快速]: 结算界面1 (6结算界面1（右下）.png), conf=0.918, 70ms
[2026-09-29 12:31:38] DEBUG | 循环#39728 总耗时=317ms
[2026-09-29 12:31:38] DEBUG | 匹配[快速]: 结算界面1 (6结算界面1（右下）.png), conf=0.919, 86ms
[2026-09-29 12:31:38] DEBUG | 匹配[快速]: 结算界面1 (6结算界面1（右下）.png), conf=0.918, 97ms
[2026-09-29 12:31:38] DEBUG | 循环#208 总耗时=274ms
[2026-09-29 12:31:38] DEBUG | 循环#219 总耗时=329ms
[2026-09-29 12:31:38] DEBUG | 匹配[快速]: 结算界面1 (6结算界面1（右下）.png), conf=0.919, 85ms
[2026-09-29 12:31:38] DEBUG | 循环#206 总耗时=314ms
[2026-09-29 12:31:38] DEBUG | 截图: 3840x2160, 耗时=230ms
[2026-09-29 12:31:38] DEBUG | 截图: 3840x2160, 耗时=147ms
[2026-09-29 12:31:38] DEBUG | 截图: 3840x2160, 耗时=216ms
[2026-09-29 12:31:38] DEBUG | 截图: 3840x2160, 耗时=121ms
[2026-09-29 12:31:38] DEBUG | 匹配[快速]: 结算界面1 (6结算界面1（右下）.png), conf=0.919, 68ms
[2026-09-29 12:31:38] DEBUG | 循环#39729 总耗时=303ms
[2026-09-29 12:31:38] DEBUG | 匹配[快速]: 结算界面1 (6结算界面1（右下）.png), conf=0.919, 88ms
[2026-09-29 12:31:38] DEBUG | 循环#209 总耗时=240ms
[2026-09-29 12:31:38] DEBUG | 匹配[快速]: 结算界面1 (6结算界面1（右下）.png), conf=0.919, 78ms
[2026-09-29 12:31:38] DEBUG | 循环#207 总耗时=207ms
[2026-09-29 12:31:38] DEBUG | 匹配[快速]: 结算界面1 (6结算界面1（右下）.png), conf=0.919, 91ms
[2026-09-29 12:31:38] DEBUG | 循环#220 总耗时=311ms
[2026-09-29 12:31:39] DEBUG | 截图: 3840x2160, 耗时=227ms
[2026-09-29 12:31:39] INFO | === 已暂停 ===
[2026-09-29 12:31:39] DEBUG | 截图: 3840x2160, 耗时=203ms
[2026-09-29 12:31:39] DEBUG | 截图: 3840x2160, 耗时=165ms
[2026-09-29 12:31:39] DEBUG | 截图: 3840x2160, 耗时=127ms
[2026-09-29 12:31:39] DEBUG | 匹配[快速]: 结算界面1 (6结算界面1（右下）.png), conf=0.919, 71ms
[2026-09-29 12:31:39] DEBUG | 循环#39730 总耗时=306ms
[2026-09-29 12:31:39] DEBUG | 匹配[快速]: 结算界面1 (6结算界面1（右下）.png), conf=0.919, 38ms
[2026-09-29 12:31:39] DEBUG | 循环#221 总耗时=246ms
[2026-09-29 12:31:39] DEBUG | 匹配[快速]: 结算界面1 (6结算界面1（右下）.png), conf=0.919, 33ms
[2026-09-29 12:31:39] DEBUG | 循环#210 总耗时=200ms
[2026-09-29 12:31:39] DEBUG | 匹配[快速]: 结算界面1 (6结算界面1（右下）.png), conf=0.918, 24ms
[2026-09-29 12:31:39] DEBUG | 循环#208 总耗时=155ms
